Concessionária,Nome do Projeto,Cliente,Mês,Pot. (MWac),TUSD (R$/MWh),TE (R$/MWh),TUSD C (R$/MWh),TUSD G (R$/MWh),PIS/COFINS,ICMS (%),P50 (MWh),Demanda UFV,Desconto,Tarifa GD,Custo Cativo,Base de Calculo,Receita Total,Loc. Equipamentos (R$) base,Loc. Equipamentos (%),O&M (R$) base,O&M (%),Loc. Terras (R$) base,Loc. Terras (%),Guarda Chuva (R$) base,Guarda Chuva (%)
AmE,Ipê 04,TELMO,2026-01-01 00:00:00,2,594.6,281.11,22.61,13.8,0,0.2,381.5,29088.675000000003,0.081,728.5293248623854,334083.365,804.7774900000001,277933.937435,187669.0248164247,0.6752288926943819,14285.71428571428,0.05139967582784041,3428.57142857143,0.012335922198681707,72550.62690428962,0.2610355092790959,,0.9999999999999999
AmE,Ipê 04,TELMO,2026-02-01 00:00:00,2,594.6,281.11,22.61,13.8,0,0.2,357.87,29088.675000000003,0.081,723.4946917771819,313390.33770000003,804.7774900000001,258917.04534630006,187669.0248164247,0.7248229816828724,14285.71428571428,0.055174869876207726,3428.57142857143,0.013241968770289863,53533.73481558965,0.20676017967062996,,1
AmE,Ipê 04,TELMO,2026-03-01 00:00:00,2,594.6,281.11,22.61,13.8,0,0.2,354.6,29088.675000000003,0.081,722.7451295939088,310526.76600000006,804.7774900000001,256285.42295400007,187669.0248164247,0.732265700691486,14285.71428571428,0.05574142345301622,3428.57142857143,0.013377941628723902,50902.112423289655,0.1986149342267739,,1
AmE,Ipê 04,TELMO,2026-04-01 00:00:00,2,594.6,281.11,22.61,13.8,0,0.2,369.52,29088.675000000003,0.081,726.057326003464,323592.3592,804.7774900000001,268292.7031048,187669.0248164247,0.6994935853440553,14285.71428571428,0.05324674924212911,3428.57142857143,0.012779219818110995,62909.392574089616,0.23448044559570472,,1
AmE,Ipê 04,TELMO,2026-05-01 00:00:00,2,594.6,281.11,22.61,13.8,0,0.2,391.45,29088.675000000003,0.081,730.4674248575808,342796.6795,804.7774900000001,285941.4734605,187669.0248164247,0.6563197095728379,14285.71428571428,0.04996027373303618,3428.57142857143,0.011990465695928692,80558.1629297896,0.28172955099819724,,1
AmE,Ipê 04,TELMO,2026-06-01 00:00:00,2,594.6,281.11,22.61,13.8,0,0.2,423.95,29088.675000000003,0.081,736.1640332244369,371257.2545,804.7774900000001,312096.7418855,187669.0248164247,0.6013168342695339,14285.71428571428,0.04577335283735621,3428.57142857143,0.010985604680965497,106713.43135478962,0.3419242082121445,,1
AmE,Ipê 04,TELMO,2026-07-01 00:00:00,2,594.6,281.11,22.61,13.8,0,0.2,465.45,29088.675000000003,0.081,742.2816794940381,407599.2195,804.7774900000001,345495.00772050006,187669.024816425,0.5431888178489868,14285.71428571428,0.04134854040285061,3428.57142857143,0.009923649696684154,140111.69718978935,0.4055389920514784,,1
AmE,Ipê 04,TELMO,2026-08-01 00:00:00,2,594.6,281.11,22.61,13.8,0,0.2,487.07,29088.675000000003,0.081,745.0557354267354,426532.0697,804.7774900000001,362894.2970543,187669.0248164247,0.5171451476084886,14285.71428571428,0.03936604791443361,3428.57142857143,0.009447851499464074,157510.9865235896,0.4340409529776137,,1
AmE,Ipê 04,TELMO,2026-09-01 00:00:00,2,594.6,281.11,22.61,13.8,0,0.2,435.02,29088.675000000003,0.081,737.9100471238106,380951.3642,804.7774900000001,321005.62869980006,187669.0248164247,0.5846284551973702,14285.71428571428,0.04450300246627164,3428.57142857143,0.010680720591905201,115622.31816908965,0.36018782174445296,,1
AmE,Ipê 04,TELMO,2026-10-01 00:00:00,2,594.6,281.11,22.61,13.8,0,0.2,418.91,29088.675000000003,0.081,735.3385293640641,366843.67610000004,804.7774900000001,308040.6633359001,187669.0248164247,0.6092345821622347,14285.71428571428,0.04637606649397633,3428.57142857143,0.011130255958554328,102657.3528051897,0.3332590953852347,,1
AmE,Ipê 04,TELMO,2026-11-01 00:00:00,2,594.6,281.11,22.61,13.8,0,0.2,387.23,29088.675000000003,0.081,729.6576000121376,339101.18330000003,804.7774900000001,282545.31245270005,187669.0248164247,0.6642085943218107,14285.71428571428,0.050560790273616034,3428.57142857143,0.012134589665667857,77162.00192198963,0.2730960257389054,,1
AmE,Ipê 04,TELMO,2026-12-01 00:00:00,2,594.6,281.11,22.61,13.8,0,0.2,338.28,29088.675000000003,0.081,718.7875556261087,296235.1788,804.7774900000001,243151.4543172,187669.0248164247,0.7718194626613402,14285.71428571428,0.0587523291844187,3428.57142857143,0.014100559004260499,37768.143786489585,0.15532764914998062,,1
AmE,Ipê 06,TELCO,2026-01-01 00:00:00,1.5,594.6,281.11,22.61,13.8,0,0.2,295.19,21843.675,0.09,722.8974042447239,258500.83490000002,796.8961,213392.08475900005,196255.81,0.9196958276200669,17136.27475900004,0.08030417237993312,0,0,0,0,,1
AmE,Ipê 06,TELCO,2026-02-01 00:00:00,1.5,594.6,281.11,22.61,13.8,0,0.2,269.75,21843.675,0.09,715.9186208526415,236222.77250000002,796.8961,193119.04797500005,196255.81,1.0162426340534052,-3136.7620249999563,-0.016242634053405345,0,0,0,0,,0.9999999999999999
AmE,Ipê 06,TELCO,2026-03-01 00:00:00,1.5,594.6,281.11,22.61,13.8,0,0.2,291.43,21843.675,0.09,721.9426806540166,255208.16530000002,796.8961,210395.75542300005,196255.81,0.9327935803905752,14139.945423000045,0.06720641960942475,0,0,0,0,,1
AmE,Ipê 06,TELCO,2026-04-01 00:00:00,1.5,594.6,281.11,22.61,13.8,0,0.2,255.33,21843.675,0.09,711.3453421572084,223595.03430000003,796.8961,181627.80621300003,196255.81,1.0805383497824408,-14628.003786999976,-0.08053834978244083,0,0,0,0,,1
AmE,Ipê 06,TELCO,2026-05-01 00:00:00,1.5,594.6,281.11,22.61,13.8,0,0.2,282.8,21843.675,0.09,719.6553821782179,247650.78800000003,796.8961,203518.54208000004,196255.81,0.9643141504170899,7262.732080000034,0.035685849582910066,0,0,0,0,,1
AmE,Ipê 06,TELCO,2026-06-01 00:00:00,1.5,594.6,281.11,22.61,13.8,0,0.2,310,21843.675,0.09,726.4326322580646,271470.10000000003,796.8961,225194.11600000004,196255.81,0.8714961717738663,28938.30600000003,0.12850382822613368,0,0,0,0,,1
AmE,Ipê 06,TELCO,2026-07-01 00:00:00,1.5,594.6,281.11,22.61,13.8,0,0.2,354.81,21843.675,0.09,735.3316711507568,310710.66510000004,796.8961,260903.03024100006,196255.81,0.7522174419312629,64647.22024100005,0.247782558068737,0,0,0,0,,1
AmE,Ipê 06,TELCO,2026-08-01 00:00:00,1.5,594.6,281.11,22.61,13.8,0,0.2,369.9,21843.675,0.09,737.843180291971,323925.129,796.8961,272928.19239000004,196255.81,0.7190748902904129,76672.38239000003,0.280925109709587,0,0,0,0,,1
AmE,Ipê 06,TELCO,2026-09-01 00:00:00,1.5,594.6,281.11,22.61,13.8,0,0.2,340.41,21843.675,0.09,732.7273769895128,298100.44110000005,796.8961,249427.72640100005,196255.81,0.7868243552221752,53171.91640100004,0.21317564477782472,0,0,0,0,,0.9999999999999999
AmE,Ipê 06,TELCO,2026-10-01 00:00:00,1.5,594.6,281.11,22.61,13.8,0,0.2,339.31,21843.675,0.09,732.5193501252543,297137.16010000004,796.8961,248551.14069100004,196255.81,0.7895993132615962,52295.330691000025,0.21040068673840379,0,0,0,0,,1
AmE,Ipê 06,TELCO,2026-11-01 00:00:00,1.5,594.6,281.11,22.61,13.8,0,0.2,289.48,21843.675,0.09,721.4377781815671,253500.53080000004,796.8961,208841.80802800006,196255.81,0.9397342986691983,12585.998028000049,0.06026570133080157,0,0,0,0,,0.9999999999999999
AmE,Ipê 06,TELCO,2026-12-01 00:00:00,1.5,594.6,281.11,22.61,13.8,0,0.2,280.79,21843.675,0.09,719.1024641867589,245890.61090000003,796.8961,201916.78091900004,196255.81,0.9719638412754263,5660.970919000032,0.028036158724573566,0,0,0,0,,0.9999999999999999
AmE,Ipê 07-I,TELMO,2026-01-01 00:00:00,2.5,594.6,281.11,22.61,13.8,0,0.2,459.15,36333.675,0.081,725.6450169519766,402082.2465,804.7774900000001,333179.90953350003,234586.281020531,0.7040829122889962,17857.14285714285,0.05359609732215075,4285.714285714285,0.012863063357316185,76450.77137011189,0.22945792703153683,,1
AmE,Ipê 07-I,TELMO,2026-02-01 00:00:00,2.5,594.6,281.11,22.61,13.8,0,0.2,394.42,36333.675,0.081,712.6582389478222,345397.5382,804.7774900000001,281086.6626058,234586.281020531,0.8345692351455258,17857.14285714285,0.06352895826361553,4285.714285714285,0.015246949983267732,24357.524442411894,0.08665485660759094,,1
AmE,Ipê 07-I,TELMO,2026-03-01 00:00:00,2.5,594.6,281.11,22.61,13.8,0,0.2,405.55,36333.675,0.081,715.1863791628654,355144.1905,804.7774900000001,290043.8360695001,234586.281020531,0.8087959537410049,17857.14285714285,0.06156704827495088,4285.714285714285,0.014776091585988216,33314.69790611194,0.11486090639805599,,1
AmE,Ipê 07-I,TELMO,2026-04-01 00:00:00,2.5,594.6,281.11,22.61,13.8,0,0.2,431.31,36333.675,0.081,720.5372103867288,377702.48010000004,804.7774900000001,310774.9042119,234586.281020531,0.7548430643568945,17857.14285714285,0.05746005425511149,4285.714285714285,0.013790413021226761,54045.76604851189,0.17390646836676718,,1
AmE,Ipê 07-I,TELMO,2026-05-01 00:00:00,2.5,594.6,281.11,22.61,13.8,0,0.2,440.81,36333.675,0.081,722.3526924681837,386021.72510000004,804.7774900000001,318420.29036690004,234586.281020531,0.7367190098037684,17857.14285714285,0.05608041760330959,4285.714285714285,0.013459300224794305,61691.152203511905,0.19374127236812774,,1
AmE,Ipê 07-I,TELMO,2026-06-01 00:00:00,2.5,594.6,281.11,22.61,13.8,0,0.2,468.35,36333.675,0.081,727.1994500725954,410138.7785,804.7774900000001,340583.86244150007,234586.281020531,0.6887768531922865,17857.14285714285,0.05243097171173241,4285.714285714285,0.012583433210815781,83854.72427811193,0.24620874188516528,,1
AmE,Ipê 07-I,TELMO,2026-07-01 00:00:00,2.5,594.6,281.11,22.61,13.8,0,0.2,495.53,36333.675,0.081,731.4546336643594,433940.5763,804.7774900000001,362457.71461970004,234586.281020531,0.6472100649496865,17857.14285714285,0.0492668306863851,4285.714285714285,0.011824039364732426,105728.5764563119,0.29169906499919596,,1
AmE,Ipê 07-I,TELMO,2026-08-01 00:00:00,2.5,594.6,281.11,22.61,13.8,0,0.2,586.11,36333.675,0.081,742.7862682156933,513262.38810000004,804.7774900000001,435354.4596639,234586.281020531,0.5388397334935653,17857.14285714285,0.041017480034381236,4285.714285714285,0.0098441952082515,178625.3215005119,0.410298591263802,,1
AmE,Ipê 07-I,TELMO,2026-09-01 00:00:00,2.5,594.6,281.11,22.61,13.8,0,0.2,547.17,36333.675,0.081,738.3745896216899,479162.24069999997,804.7774900000001,404016.42420330003,234586.281020531,0.5806355062993375,17857.14285714285,0.04419905178943216,4285.714285714285,0.010607772429463721,147287.2860399119,0.3645576694817667,,1
AmE,Ipê 07-I,TELMO,2026-10-01 00:00:00,2.5,594.6,281.11,22.61,13.8,0,0.2,521.52,36333.675,0.081,735.108685352048,456700.2792,804.7774900000001,383373.8815848001,234586.281020531,0.6118994858251497,17857.14285714285,0.04657892390406088,4285.714285714285,0.011178941736974615,126644.74342141194,0.3303426485338148,,1
AmE,Ipê 07-I,TELMO,2026-11-01 00:00:00,2.5,594.6,281.11,22.61,13.8,0,0.2,473.99,36333.675,0.081,728.1225500223635,415077.78290000005,804.7774900000001,345122.80748510006,234586.281020531,0.6797182797913428,17857.14285714285,0.05174141630125038,4285.714285714285,0.012417939912300092,88393.66932171192,0.2561223639951067,,1
AmE,Ipê 07-I,TELMO,2026-12-01 00:00:00,2.5,594.6,281.11,22.61,13.8,0,0.2,403.38,36333.675,0.081,714.7044199419903,353243.8998,804.7774900000001,288297.46891620004,234586.281020531,0.8136952499181275,17857.14285714285,0.061939991787903693,4285.714285714285,0.01486559802909689,31568.330752811908,0.10949916026487189,,1
AmE,Ipê 07-II,TELMO,2026-01-01 00:00:00,2.5,594.6,281.11,22.61,13.8,0,0.2,446.64,36333.675,0.081,723.4285848414833,391127.1144,804.7774900000001,323112.14313360007,234586.281020531,0.7260212468199764,17857.14285714285,0.05526608404116616,4285.714285714285,0.013263860169879882,66383.00497021193,0.20544880896897755,,1
AmE,Ipê 07-II,TELMO,2026-02-01 00:00:00,2.5,594.6,281.11,22.61,13.8,0,0.2,388.9,36333.675,0.081,711.3507093365905,340563.619,804.7774900000001,276644.290861,234586.281020531,0.8479708013869657,17857.14285714285,0.06454911034515141,4285.714285714285,0.01549178648283634,19915.152697611884,0.07198830178504662,,1
AmE,Ipê 07-II,TELMO,2026-03-01 00:00:00,2.5,594.6,281.11,22.61,13.8,0,0.2,449.22,36333.675,0.081,723.8957950621078,393386.44620000006,804.7774900000001,325188.4690578001,234586.281020531,0.7213856066305809,17857.14285714285,0.05491321051106786,4285.714285714285,0.013179170522656289,68459.33089441193,0.21052201233569492,,1
AmE,Ipê 07-II,TELMO,2026-04-01 00:00:00,2.5,594.6,281.11,22.61,13.8,0,0.2,439.46,36333.675,0.081,722.0994874514179,384839.5166,804.7774900000001,317333.8407554001,234586.281020531,0.739241300146584,17857.14285714285,0.056272419022927594,4285.714285714285,0.013505380565502626,60604.70259201194,0.1909809002649858,,1
AmE,Ipê 07-II,TELMO,2026-05-01 00:00:00,2.5,594.6,281.11,22.61,13.8,0,0.2,431.23,36333.675,0.081,720.5215824796514,377632.4233,804.7774900000001,310710.5220127001,234586.281020531,0.7549994750771344,17857.14285714285,0.05747196052927024,4285.714285714285,0.013793270527024861,53981.38384931196,0.17373529386657047,,1
AmE,Ipê 07-II,TELMO,2026-06-01 00:00:00,2.5,594.6,281.11,22.61,13.8,0,0.2,528.99,36333.675,0.081,736.0924959547442,463241.83290000004,804.7774900000001,389385.56943510013,234586.281020531,0.6024524261668358,17857.14285714285,0.04585979619904519,4285.714285714285,0.011006351087770847,132656.431271712,0.34068142654634814,,1
AmE,Ipê 07-II,TELMO,2026-07-01 00:00:00,2.5,594.6,281.11,22.61,13.8,0,0.2,549.98,36333.675,0.081,738.7138604134697,481622.9858,804.7774900000001,406277.8489502001,234586.281020531,0.577403571537777,17857.14285714285,0.04395303092030427,4285.714285714285,0.010548727420873026,149548.71078681195,0.36809467012104574,,1
AmE,Ipê 07-II,TELMO,2026-08-01 00:00:00,2.5,594.6,281.11,22.61,13.8,0,0.2,619.01,36333.675,0.081,746.081063447925,542073.2471,804.7774900000001,461831.63908490003,234586.281020531,0.5079476180656524,17857.14285714285,0.038665914904673984,4285.714285714285,0.009279819577121758,205102.5009215119,0.44410664745255196,,1
AmE,Ipê 07-II,TELMO,2026-09-01 00:00:00,2.5,594.6,281.11,22.61,13.8,0,0.2,564.59,36333.675,0.081,740.4234011921927,494417.10890000005,804.7774900000001,418035.6480791001,234586.281020531,0.5611633412089844,17857.14285714285,0.0427167944628587,4285.714285714285,0.01025203067108609,161306.509915712,0.38586783365707084,,1
AmE,Ipê 07-II,TELMO,2026-10-01 00:00:00,2.5,594.6,281.11,22.61,13.8,0,0.2,569.23,36333.675,0.081,740.9479746898443,498480.40330000006,804.7774900000001,421769.81563270005,234586.281020531,0.5561950436605483,17857.14285714285,0.042338598437527394,4285.714285714285,0.010161263625006576,165040.67746931192,0.3913050942769178,,1
AmE,Ipê 07-II,TELMO,2026-11-01 00:00:00,2.5,594.6,281.11,22.61,13.8,0,0.2,479.8,36333.675,0.081,729.0507809545645,420165.65800000005,804.7774900000001,349798.56470200006,234586.281020531,0.6706324859290931,17857.14285714285,0.05104978881876112,4285.714285714285,0.012251949316502671,93069.42653861192,0.2660657759356432,,1
AmE,Ipê 07-II,TELMO,2026-12-01 00:00:00,2.5,594.6,281.11,22.61,13.8,0,0.2,438.31,36333.675,0.081,721.8825640343595,383832.4501,804.7774900000001,316408.3466419001,234586.281020531,0.7414035802476082,17857.14285714285,0.056437015795139385,4285.714285714285,0.013544883790833455,59679.208478511944,0.18861452016641897,,1
AmE,Ipê 09,TELCO,2026-01-01 00:00:00,1,594.6,281.11,22.61,13.8,0,0.2,193.58,14598.675000000001,0.09,721.4819301477427,169519.94180000003,796.8961,139664.47203800004,127260.16,0.9111849144095496,12404.31203800002,0.08881508559045026,0,0,0,0,,0.9999999999999999
AmE,Ipê 09,TELCO,2026-02-01 00:00:00,1,594.6,281.11,22.61,13.8,0,0.2,179.05,14598.675000000001,0.09,715.3620313041051,156795.87550000002,796.8961,128085.57170500002,127260.16,0.9935557792028202,825.4117050000223,0.006444220797179773,0,0,0,0,,1
AmE,Ipê 09,TELCO,2026-03-01 00:00:00,1,594.6,281.11,22.61,13.8,0,0.2,183.41,14598.675000000001,0.09,717.3002491739819,160613.9711,796.8961,131560.038701,127260.16,0.9673162250220034,4299.878700999996,0.0326837749779965,0,0,0,0,,0.9999999999999999
AmE,Ipê 09,TELCO,2026-04-01 00:00:00,1,594.6,281.11,22.61,13.8,0,0.2,169.74,14598.675000000001,0.09,710.8900024390244,148643.0154,796.8961,120666.46901400002,127260.16,1.0546439374573475,-6593.690985999985,-0.054643937457347566,0,0,0,0,,1
AmE,Ipê 09,TELCO,2026-05-01 00:00:00,1,594.6,281.11,22.61,13.8,0,0.2,154.36,14598.675000000001,0.09,702.320594687743,135174.59560000003,796.8961,108410.20699600002,127260.16,1.1738761831226416,-18849.95300399998,-0.17387618312264158,0,0,0,0,,1
AmE,Ipê 09,TELCO,2026-06-01 00:00:00,1,594.6,281.11,22.61,13.8,0,0.2,186.13,14598.675000000001,0.09,718.463418540805,162995.90230000002,796.8961,133727.59609300003,127260.16,0.9516372365767923,6467.436093000013,0.048362763423207535,0,0,0,0,,0.9999999999999999
AmE,Ipê 09,TELCO,2026-07-01 00:00:00,1,594.6,281.11,22.61,13.8,0,0.2,203.41,14598.675000000001,0.09,725.1263984120742,178128.1711,796.8961,147497.960701,127260.16,0.8627926745236499,20237.800701000015,0.13720732547635017,0,0,0,0,,1
AmE,Ipê 09,TELCO,2026-08-01 00:00:00,1,594.6,281.11,22.61,13.8,0,0.2,235.47,14598.675000000001,0.09,734.8980747738565,206203.4337,796.8961,173046.44966699998,127260.16,0.7354104071183875,45786.28966699999,0.2645895928816126,0,0,0,0,,1
AmE,Ipê 09,TELCO,2026-09-01 00:00:00,1,594.6,281.11,22.61,13.8,0,0.2,228.4,14598.675000000001,0.09,732.9789590192644,200012.16400000002,796.8961,167412.39424,127260.16,0.7601597275860094,40152.234240000005,0.2398402724139907,0,0,0,0,,1
AmE,Ipê 09,TELCO,2026-10-01 00:00:00,1,594.6,281.11,22.61,13.8,0,0.2,228.86,14598.675000000001,0.09,733.1074300707858,200414.99060000002,796.8961,167778.96644600003,127260.16,0.7584988911047972,40518.80644600002,0.2415011088952027,0,0,0,0,,0.9999999999999999
AmE,Ipê 09,TELCO,2026-11-01 00:00:00,1,594.6,281.11,22.61,13.8,0,0.2,199.16,14598.675000000001,0.09,723.5948597911228,174406.4036,796.8961,144111.152276,127260.16,0.883069477900453,16850.99227599999,0.11693052209954692,0,0,0,0,,0.9999999999999999
AmE,Ipê 09,TELCO,2026-12-01 00:00:00,1,594.6,281.11,22.61,13.8,0,0.2,188.97,14598.675000000001,0.09,719.6421708048898,165482.9187,796.8961,135990.78101700003,127260.16,0.9357999053192538,8730.621017000014,0.06420009468074613,0,0,0,0,,1
COPEL,Vale Verde I,TELMO,2026-01-01 00:00:00,1,457.17,310.85,25.33,25.33,0.05,0.19,231.1,28193.326900584794,0.245,496.0072398577487,186830.9705263158,610.3737894736843,114627.27313112572,35957.948,0.31369452502692424,5527.656,0.04822286920911694,2735.636,0.023865489645475736,70406.03313112572,0.6142171161184831,,1
COPEL,Vale Verde I,TELMO,2026-02-01 00:00:00,1,457.17,310.85,25.33,25.33,0.05,0.19,218.98,28193.326900584794,0.245,489.2550514823246,177032.6522105263,610.3737894736843,107137.07117359943,35957.948,0.3356256392498875,5527.656,0.05159424221186026,2735.636,0.02553398156243524,62915.83117359942,0.587246136975817,,1
COPEL,Vale Verde I,TELMO,2026-03-01 00:00:00,1,457.17,310.85,25.33,25.33,0.05,0.19,240.62,28193.326900584794,0.245,500.83395431744066,194527.33936842106,610.3737894736843,120510.66608786257,35957.948,0.2983797963060264,5527.656,0.0458686038293894,2735.636,0.02270036411553387,76289.42608786256,0.6330512357490503,,1
COPEL,Vale Verde I,TELMO,2026-04-01 00:00:00,1,457.17,310.85,25.33,25.33,0.05,0.19,210.52,28193.326900584794,0.245,484.0811413947141,170193.23200000002,610.3737894736843,101908.76188641522,35957.948,0.3528445183160773,5527.656,0.05424122418601236,2735.636,0.02684397248441765,57687.52188641521,0.5660702850134925,,0.9999999999999999
COPEL,Vale Verde I,TELMO,2026-05-01 00:00:00,1,457.17,310.85,25.33,25.33,0.05,0.19,182.9,28193.326900584794,0.245,463.85733335339665,147864.0610526316,610.3737894736843,84839.50627033625,35957.948,0.4238349512009422,5527.656,0.0651542688424711,2735.636,0.03224483640066282,40618.26627033625,0.47876594355592383,,1
COPEL,Vale Verde I,TELMO,2026-06-01 00:00:00,1,457.17,310.85,25.33,25.33,0.05,0.19,160.91,28193.326900584794,0.245,442.79168569031356,130086.41915789474,610.3737894736843,71249.61014442836,35957.948,0.5046757157984516,5527.656,0.07758156134180977,2735.636,0.038395101312900644,27028.37014442836,0.37934762154683804,,1
COPEL,Vale Verde I,TELMO,2026-07-01 00:00:00,1,457.17,310.85,25.33,25.33,0.05,0.19,182.59,28193.326900584794,0.245,463.59562515562305,147613.44400000002,610.3737894736843,84647.92519716521,35957.948,0.4247942039482404,5527.656,0.06530173051642754,2735.636,0.03231781515764327,40426.685197165214,0.47758625037768876,,1
COPEL,Vale Verde I,TELMO,2026-08-01 00:00:00,1,457.17,310.85,25.33,25.33,0.05,0.19,220.96,28193.326900584794,0.245,490.40875284235506,178633.3675789474,610.3737894736843,108360.71802804677,35957.948,0.33183563799100224,5527.656,0.051011622113553076,2735.636,0.02524564297637767,64139.47802804677,0.591907096919067,,0.9999999999999999
COPEL,Vale Verde I,TELMO,2026-09-01 00:00:00,1,457.17,310.85,25.33,25.33,0.05,0.19,218.11,28193.326900584794,0.245,488.7414981513767,176329.3075789474,610.3737894736843,106599.40816179677,35957.948,0.33731845814212175,5527.656,0.05185447175851215,2735.636,0.02566276912014227,62378.16816179677,0.5851643009792238,,1
COPEL,Vale Verde I,TELMO,2026-10-01 00:00:00,1,457.17,310.85,25.33,25.33,0.05,0.19,235.94,28193.326900584794,0.245,498.5098325270896,190743.83031578947,610.3737894736843,117618.40988644151,35957.948,0.30571700497155807,5527.656,0.0469965204030292,2735.636,0.02325856983308317,73397.16988644151,0.6240279047923295,,0.9999999999999999
COPEL,Vale Verde I,TELMO,2026-11-01 00:00:00,1,457.17,310.85,25.33,25.33,0.05,0.19,219.75,28193.326900584794,0.245,489.7061835686819,177655.15263157897,610.3737894736843,107612.93383921785,35957.948,0.334141508061884,5527.656,0.05136609330118953,2735.636,0.025421070705936282,63391.69383921784,0.5890713279309902,,1
COPEL,Vale Verde I,TELMO,2026-12-01 00:00:00,1,457.17,310.85,25.33,25.33,0.05,0.19,251.79,28193.326900584794,0.245,506.03187083140267,203557.63768421052,610.3737894736843,127413.76475663888,35957.948,0.2822139983751356,5527.656,0.043383507351484815,2735.636,0.021470490297693365,83192.52475663887,0.6529320039756861,,0.9999999999999998
COPEL,Vale Verde II,TELMO,2026-01-01 00:00:00,1,457.17,310.85,25.33,25.33,0.05,0.19,229.3,28193.326900584794,0.245,495.0495721753595,185375.7747368421,610.3737894736843,113514.86689980995,35957.948,0.31676862231391295,5527.656,0.048695436562320935,2735.636,0.02409936314698335,69293.62689980994,0.6104365779767826,,0.9999999999999998
COPEL,Vale Verde II,TELMO,2026-02-01 00:00:00,1,457.17,310.85,25.33,25.33,0.05,0.19,217.6,28193.326900584794,0.245,488.4385404239765,175917.00210526315,610.3737894736843,106284.22639625729,35957.948,0.3383187629925321,5527.656,0.05200824419035948,2735.636,0.025738871070113307,62062.986396257285,0.583934121746995,,0.9999999999999998
COPEL,Vale Verde II,TELMO,2026-03-01 00:00:00,1,457.17,310.85,25.33,25.33,0.05,0.19,248.77,28193.326900584794,0.245,504.67256623337107,201116.14252631582,610.3737894736843,125547.39430187573,35957.948,0.28640935321636357,5527.656,0.044028440659699256,2735.636,0.0217896676805751,81326.15430187572,0.647772538443362,,1
COPEL,Vale Verde II,TELMO,2026-04-01 00:00:00,1,457.17,310.85,25.33,25.33,0.05,0.19,195.98,28193.326900584794,0.245,474.1452778407541,158438.48378947368,610.3737894736843,92922.99155123098,35957.948,0.38696502770442337,5527.656,0.059486418890769915,2735.636,0.02943981843817167,48701.751551230984,0.524108734966635,,1
COPEL,Vale Verde II,TELMO,2026-05-01 00:00:00,1,457.17,310.85,25.33,25.33,0.05,0.19,185.4,28193.326900584794,0.245,465.9358949565346,149885.16631578948,610.3737894736843,86384.51492494151,35957.948,0.41625455709560255,5527.656,0.06398896844883502,2735.636,0.03166812943705202,42163.274924941514,0.4880883450185104,,1
COPEL,Vale Verde II,TELMO,2026-06-01 00:00:00,1,457.17,310.85,25.33,25.33,0.05,0.19,163.85,28193.326900584794,0.245,445.93555277536865,132463.23894736843,610.3737894736843,73066.54032224415,35957.948,0.49212605169774365,5527.656,0.07565235709288369,2735.636,0.03744033846320176,28845.30032224416,0.39478125274617093,,1
COPEL,Vale Verde II,TELMO,2026-07-01 00:00:00,1,457.17,310.85,25.33,25.33,0.05,0.19,182.84,28193.326900584794,0.245,463.8067494127418,147815.5545263158,610.3737894736843,84802.42606262572,35957.948,0.4240202747672033,5527.656,0.0651827578130593,2735.636,0.03225893558728805,40581.18606262572,0.47853803183244936,,1
COPEL,Vale Verde II,TELMO,2026-08-01 00:00:00,1,457.17,310.85,25.33,25.33,0.05,0.19,220.48,28193.326900584794,0.245,490.1309704570146,178245.31536842106,610.3737894736843,108064.07636636257,35957.948,0.3327465445417228,5527.656,0.051151651740953666,2735.636,0.025314943614800835,63842.836366362564,0.5907868601025226,,0.9999999999999999
COPEL,Vale Verde II,TELMO,2026-09-01 00:00:00,1,457.17,310.85,25.33,25.33,0.05,0.19,218.71,28193.326900584794,0.245,489.0961100951124,176814.37284210528,610.3737894736843,106970.21023890204,35957.948,0.33614917573493847,5527.656,0.0516747231556786,2735.636,0.025573811567635177,62748.97023890204,0.5866022895417476,,0.9999999999999998
COPEL,Vale Verde II,TELMO,2026-10-01 00:00:00,1,457.17,310.85,25.33,25.33,0.05,0.19,235.24,28193.326900584794,0.245,498.1542571975516,190177.9208421053,610.3737894736843,117185.80746315204,35957.948,0.306845588031696,5527.656,0.047170012475598794,2735.636,0.02334443102984288,72964.56746315204,0.6226399684628623,,1
COPEL,Vale Verde II,TELMO,2026-11-01 00:00:00,1,457.17,310.85,25.33,25.33,0.05,0.19,250.7,28193.326900584794,0.245,505.54503782700823,202676.43578947367,610.3737894736843,126740.14098323096,35957.948,0.28371396560745193,5527.656,0.04361409066707103,2735.636,0.02158460594076468,82518.90098323095,0.6510873377847123,,1
COPEL,Vale Verde II,TELMO,2026-12-01 00:00:00,1,457.17,310.85,25.33,25.33,0.05,0.19,220.95,28193.326900584794,0.245,490.4029780195898,178625.28315789474,610.3737894736843,108354.53799342836,35957.948,0.33185456433934335,5527.656,0.051014531577212294,2735.636,0.02524708286944027,64133.29799342835,0.591883821214004,,0.9999999999999998
COPEL,Vale Verde III,TELMO,2026-01-01 00:00:00,1,457.17,310.85,25.33,25.33,0.05,0.19,226.33,28193.326900584794,0.245,493.43611813784685,182974.70168421054,610.3737894736843,111679.39661813888,35957.948,0.3219747696430492,5527.656,0.04949575452041977,2735.636,0.0244954403662643,67458.15661813888,0.6040340354702667,,1
COPEL,Vale Verde III,TELMO,2026-02-01 00:00:00,1,457.17,310.85,25.33,25.33,0.05,0.19,214.26,28193.326900584794,0.245,486.41881281482625,173216.80547368422,610.3737894736843,104220.09483370467,35957.948,0.34501933679272795,5527.656,0.05303829370737016,2735.636,0.026248642398234493,59998.85483370467,0.5756937271016673,,1
COPEL,Vale Verde III,TELMO,2026-03-01 00:00:00,1,457.17,310.85,25.33,25.33,0.05,0.19,225.86,28193.326900584794,0.245,493.1769015809489,182594.73389473686,610.3737894736843,111388.93499107313,35957.948,0.3228143621525937,5527.656,0.04962482135629535,2735.636,0.024559315521054562,67167.69499107312,0.6030015009700563,,1
COPEL,Vale Verde III,TELMO,2026-04-01 00:00:00,1,457.17,310.85,25.33,25.33,0.05,0.19,206.71,28193.326900584794,0.245,481.6127361849779,167113.06757894738,610.3737894736843,99554.16869679678,35957.948,0.3611897770902382,5527.656,0.05552410383572271,2735.636,0.027478869401558477,55332.928696796786,0.5558072496724806,,1
COPEL,Vale Verde III,TELMO,2026-05-01 00:00:00,1,457.17,310.85,25.33,25.33,0.05,0.19,178.59,28193.326900584794,0.245,460.13724928493633,144379.67557894738,610.3737894736843,82175.91134979678,35957.948,0.4375728532773847,5527.656,0.06726613564978333,2735.636,0.03328999891896867,37954.67134979678,0.4618710121538633,,1
COPEL,Vale Verde III,TELMO,2026-06-01 00:00:00,1,457.17,310.85,25.33,25.33,0.05,0.19,157.66,28193.326900584794,0.245,439.17987373741926,127458.98231578947,610.3737894736843,69241.09889344152,35957.948,0.5193150971699254,5527.656,0.07983200856628196,2735.636,0.03950884725573178,25019.858893441527,0.3613440470080609,,1
COPEL,Vale Verde III,TELMO,2026-07-01 00:00:00,1,457.17,310.85,25.33,25.33,0.05,0.19,167.93,28193.326900584794,0.245,450.11608674185635,135761.6827368421,610.3737894736843,75587.99444655994,35957.948,0.475709777237468,5527.656,0.07312875596809233,2735.636,0.03619140870226516,31366.754446559942,0.4149700580921745,,1
COPEL,Vale Verde III,TELMO,2026-08-01 00:00:00,1,457.17,310.85,25.33,25.33,0.05,0.19,198.86,28193.326900584794,0.245,476.2287112608683,160766.7970526316,610.3737894736843,94702.84152133628,35957.948,0.37969238749714573,5527.656,0.05836842814008527,2735.636,0.02888652500868909,50481.60152133628,0.5330526593540799,,0.9999999999999999
COPEL,Vale Verde III,TELMO,2026-09-01 00:00:00,1,457.17,310.85,25.33,25.33,0.05,0.19,213.03,28193.326900584794,0.245,485.6590648060784,172222.42168421054,610.3737894736843,103459.95057563888,35957.948,0.3475542738995548,5527.656,0.053427978355342125,2735.636,0.02644149726323322,59238.71057563888,0.5725762504818698,,0.9999999999999998
COPEL,Vale Verde III,TELMO,2026-10-01 00:00:00,1,457.17,310.85,25.33,25.33,0.05,0.19,218.49,28193.326900584794,0.245,488.9663118554477,176636.51557894738,610.3737894736843,106834.24947729678,35957.948,0.3365769701751064,5527.656,0.051740486099213674,2735.636,0.025606357637036115,62613.00947729677,0.5860761860886436,,0.9999999999999998
COPEL,Vale Verde III,TELMO,2026-11-01 00:00:00,1,457.17,310.85,25.33,25.33,0.05,0.19,247.03,28193.326900584794,0.245,503.8742997946422,199709.45326315792,610.3737894736843,124472.06827827045,35957.948,0.2888836708297656,5527.656,0.0444088065415796,2735.636,0.02197791068984406,80250.82827827045,0.6447296119388106,,1
COPEL,Vale Verde III,TELMO,2026-12-01 00:00:00,1,457.17,310.85,25.33,25.33,0.05,0.19,246.62,28193.326900584794,0.245,503.684562723685,199377.99200000003,610.3737894736843,124218.6868589152,35957.948,0.28947293607152863,5527.656,0.044499391675893236,2735.636,0.022022741257175533,79997.4468589152,0.6440049309954025,,0.9999999999999998
COPEL,Vale Verde IV,TELMO,2026-01-01 00:00:00,1,457.17,310.85,25.33,25.33,0.05,0.19,218.43,28193.326900584794,0.245,488.9308669577725,176588.0090526316,610.3737894736843,106797.16926958624,35957.948,0.3366938304257107,5527.656,0.0517584505076781,2735.636,0.02561524821968344,62575.92926958624,0.5859324708469277,,1
COPEL,Vale Verde IV,TELMO,2026-02-01 00:00:00,1,457.17,310.85,25.33,25.33,0.05,0.19,214.15,28193.326900584794,0.245,486.3512232215831,173127.87684210527,610.3737894736843,104152.11445290202,35957.948,0.34524453189340015,5527.656,0.05307291195225448,2735.636,0.026265774961650584,59930.87445290202,0.5754167811926947,,1
COPEL,Vale Verde IV,TELMO,2026-03-01 00:00:00,1,457.17,310.85,25.33,25.33,0.05,0.19,243.8,28193.326900584794,0.245,502.36225224167544,197098.1852631579,610.3737894736843,122475.91709652048,35957.948,0.29359198814296167,5527.656,0.04513259529743942,2735.636,0.02233611362015038,78254.67709652048,0.6389393029394485,,1
COPEL,Vale Verde IV,TELMO,2026-04-01 00:00:00,1,457.17,310.85,25.33,25.33,0.05,0.19,207.17,28193.326900584794,0.245,481.9155779757888,167484.95094736843,610.3737894736843,99838.45028924415,35957.948,0.3601613195700198,5527.656,0.055366003618703086,2735.636,0.027400625631452905,55617.210289244154,0.5570720511798242,,1
COPEL,Vale Verde IV,TELMO,2026-05-01 00:00:00,1,457.17,310.85,25.33,25.33,0.05,0.19,154.46,28193.326900584794,0.245,435.47512505209613,124871.96757894738,610.3737894736843,67263.48781554677,35957.948,0.5345834592848596,5527.656,0.08217914621314626,2735.636,0.04067044527191029,23042.24781554678,0.3425669492300839,,1
COPEL,Vale Verde IV,TELMO,2026-06-01 00:00:00,1,457.17,310.85,25.33,25.33,0.05,0.19,157.78,28193.326900584794,0.245,439.3158784945023,127555.99536842106,610.3737894736843,69315.25930886257,35957.948,0.518759481801469,5527.656,0.07974659627787384,2735.636,0.03946657672894581,25094.01930886258,0.3620273451917114,,1
COPEL,Vale Verde IV,TELMO,2026-07-01 00:00:00,1,457.17,310.85,25.33,25.33,0.05,0.19,179.19,28193.326900584794,0.245,460.6658486907865,144864.74084210527,610.3737894736843,82546.71342690203,35957.948,0.4356072641443442,5527.656,0.06696397434278144,2735.636,0.033140459340304323,38325.473426902034,0.46428830217257,,1
COPEL,Vale Verde IV,TELMO,2026-08-01 00:00:00,1,457.17,310.85,25.33,25.33,0.05,0.19,215.28,28193.326900584794,0.245,487.0422629356356,174041.41642105265,610.3737894736843,104850.45836478364,35957.948,0.34294507206539093,5527.656,0.052719426182848105,2735.636,0.0260908349154039,60629.218364783635,0.578244666836357,,0.9999999999999999
COPEL,Vale Verde IV,TELMO,2026-09-01 00:00:00,1,457.17,310.85,25.33,25.33,0.05,0.19,213.57,28193.326900584794,0.245,485.99369033587874,172658.98042105263,610.3737894736843,103793.67244503362,35957.948,0.346436802484683,5527.656,0.05325619442675853,2735.636,0.026356481426637258,59572.43244503361,0.5739505216619212,,1
COPEL,Vale Verde IV,TELMO,2026-10-01 00:00:00,1,457.17,310.85,25.33,25.33,0.05,0.19,213.76,28193.326900584794,0.245,486.11102686556706,172812.58442105263,610.3737894736843,103911.0931027836,35957.948,0.3460453251553442,5527.656,0.05319601435173357,2735.636,0.02632669831789804,59689.8531027836,0.5744319621750241,,1
COPEL,Vale Verde IV,TELMO,2026-11-01 00:00:00,1,457.17,310.85,25.33,25.33,0.05,0.19,246.79,28193.326900584794,0.245,503.76331069908974,199515.42715789474,610.3737894736843,124323.74744742835,35957.948,0.28922831509084945,5527.656,0.04446178717656037,2735.636,0.022004130796948455,80102.50744742835,0.6443057669356417,,0.9999999999999999
COPEL,Vale Verde IV,TELMO,2026-12-01 00:00:00,1,457.17,310.85,25.33,25.33,0.05,0.19,225.42,28193.326900584794,0.245,492.9332511217397,182239.01936842105,610.3737894736843,111117.01346786256,35957.948,0.32360434174555824,5527.656,0.04974626141836252,2735.636,0.024619416186803876,66895.77346786256,0.6020299806492753,,0.9999999999999998
COPEL,Vale Verde V,TELMO,2026-01-01 00:00:00,1,457.17,310.85,25.33,25.33,0.05,0.19,225.47,28193.326900584794,0.245,492.96098656563913,182279.44147368422,610.3737894736843,111147.91364095465,35957.948,0.32351437667247923,5527.656,0.049732431486354284,2735.636,0.024612571755840865,66926.67364095464,0.6021406200853255,,1
COPEL,Vale Verde V,TELMO,2026-02-01 00:00:00,1,457.17,310.85,25.33,25.33,0.05,0.19,213.36,28193.326900584794,0.245,485.863759458412,172489.2075789474,610.3737894736843,103663.8917180468,35957.948,0.3468705197543736,5527.656,0.05332286786062936,2735.636,0.026389478097548158,59442.65171804679,0.5734171342874488,,1
COPEL,Vale Verde V,TELMO,2026-03-01 00:00:00,1,457.17,310.85,25.33,25.33,0.05,0.19,241.88,28193.326900584794,0.245,501.4443130882405,195545.97642105265,610.3737894736843,121289.35044978361,35957.948,0.29646418145249576,5527.656,0.045574124846917766,2735.636,0.02255462651795313,77068.1104497836,0.6354070671826333,,1
COPEL,Vale Verde V,TELMO,2026-04-01 00:00:00,1,457.17,310.85,25.33,25.33,0.05,0.19,205.55,28193.326900584794,0.245,480.8430293410845,166175.2747368421,610.3737894736843,98837.28468105993,35957.948,0.3638095493622011,5527.656,0.0559268298176878,2735.636,0.027678178420498703,54616.04468105993,0.5525854423996124,,1
COPEL,Vale Verde V,TELMO,2026-05-01 00:00:00,1,457.17,310.85,25.33,25.33,0.05,0.19,162.88,28193.326900584794,0.245,444.91083597898637,131679.05010526316,610.3737894736843,72467.0769642573,35957.948,0.49619702499847507,5527.656,0.07627816977806884,2735.636,0.03775005305304765,28245.836964257305,0.38977475217040847,,1
COPEL,Vale Verde V,TELMO,2026-06-01 00:00:00,1,457.17,310.85,25.33,25.33,0.05,0.19,156.95,28193.326900584794,0.245,438.37092345035757,126884.98842105264,610.3737894736843,68802.31643553362,35957.948,0.5226269966316013,5527.656,0.08034113219399092,2735.636,0.03976081245118012,24581.076435533625,0.3572710587232277,,1
COPEL,Vale Verde V,TELMO,2026-07-01 00:00:00,1,457.17,310.85,25.33,25.33,0.05,0.19,165.57,28193.326900584794,0.245,447.72305536397033,133853.75936842104,610.3737894736843,74129.50627661256,35957.948,0.48506930379144486,5527.656,0.07456755450891143,2735.636,0.0369034698516949,29908.26627661257,0.40345967184794884,,1
COPEL,Vale Verde V,TELMO,2026-08-01 00:00:00,1,457.17,310.85,25.33,25.33,0.05,0.19,213.84,28193.326900584794,0.245,486.16036934030586,172877.2597894737,610.3737894736843,103960.533379731,35957.948,0.34588075715866473,5527.656,0.05317071604287976,2735.636,0.026314178189214273,59739.293379730996,0.5746343486092411,,0.9999999999999999
COPEL,Vale Verde V,TELMO,2026-09-01 00:00:00,1,457.17,310.85,25.33,25.33,0.05,0.19,211.85,28193.326900584794,0.245,484.9219093257739,171268.46,610.3737894736843,102730.70649066521,35957.948,0.3500214223024678,5527.656,0.05380724214626402,2735.636,0.026629194847877135,58509.4664906652,0.5695421407033909,,0.9999999999999999
COPEL,Vale Verde V,TELMO,2026-10-01 00:00:00,1,457.17,310.85,25.33,25.33,0.05,0.19,229.93,28193.326900584794,0.245,495.3864614481384,185885.0932631579,610.3737894736843,113904.20908077047,35957.948,0.3156858582328762,5527.656,0.04852898803836381,2735.636,0.024016987801215816,69682.96908077046,0.6117681659275441,,1
COPEL,Vale Verde V,TELMO,2026-11-01 00:00:00,1,457.17,310.85,25.33,25.33,0.05,0.19,245.52,28193.326900584794,0.245,503.17238127602184,198488.70568421055,610.3737894736843,123538.8830508889,35957.948,0.29106583378439627,5527.656,0.04474426078243733,2735.636,0.02214392693572533,79317.64305088889,0.6420459784974409,,0.9999999999999998
COPEL,Vale Verde V,TELMO,2026-12-01 00:00:00,1,457.17,310.85,25.33,25.33,0.05,0.19,221.01,28193.326900584794,0.245,490.43761911741035,178673.78968421053,610.3737894736843,108391.61820113886,35957.948,0.33174103862232207,5527.656,0.050997079771818755,2735.636,0.02523844597396422,64170.378201138854,0.5920234356318949,,0.9999999999999999
COPEL,Aurora,ALPHAEN,2026-01-01 00:00:00,2.5,457.17,310.85,25.33,25.33,0.05,0.19,603,70187.80058479533,0.35,382.8153207549,487490.58947368426,499.213,230837.63841520468,184670.11073216377,0.8,46167.52768304094,0.2,,,,,,1
COPEL,Aurora,ALPHAEN,2026-02-01 00:00:00,2.5,457.17,310.85,25.33,25.33,0.05,0.19,548.26,70187.80058479533,0.35,371.19381095685384,443236.46863157896,499.213,203510.71879520468,162808.57503616376,0.8,40702.14375904094,0.2,,,,,,1
COPEL,Aurora,ALPHAEN,2026-03-01 00:00:00,2.5,457.17,310.85,25.33,25.33,0.05,0.19,592.73,70187.80058479533,0.35,380.79854386517417,479187.8890526316,499.213,225710.72090520468,180568.57672416375,0.8,45142.14418104094,0.2,,,,,,1
COPEL,Aurora,ALPHAEN,2026-04-01 00:00:00,2.5,457.17,310.85,25.33,25.33,0.05,0.19,512.42,70187.80058479533,0.35,362.23981280044626,414261.90357894736,499.213,185618.92487520466,148495.13990016372,0.8,37123.78497504093,0.2,,,,,,1
COPEL,Aurora,ALPHAEN,2026-05-01 00:00:00,2.5,457.17,310.85,25.33,25.33,0.05,0.19,406,70187.80058479533,0.35,326.33664387981446,328227.4947368421,499.213,132492.67741520467,105994.14193216374,0.8,26498.535483040934,0.2,,,,,,1
COPEL,Aurora,ALPHAEN,2026-06-01 00:00:00,2.5,457.17,310.85,25.33,25.33,0.05,0.19,367.84,70187.80058479533,0.35,308.40231985429716,297377.344,499.213,113442.70933520465,90754.16746816372,0.8,22688.54186704093,0.2,,,,,,1
COPEL,Aurora,ALPHAEN,2026-07-01 00:00:00,2.5,457.17,310.85,25.33,25.33,0.05,0.19,424.17,70187.80058479533,0.35,333.7420789428877,342916.8877894737,499.213,141563.37762520468,113250.70210016375,0.8,28312.675525040937,0.2,,,,,,1
COPEL,Aurora,ALPHAEN,2026-08-01 00:00:00,2.5,457.17,310.85,25.33,25.33,0.05,0.19,519.41,70187.80058479533,0.35,364.0831399957734,419912.91389473685,499.213,189108.42374520467,151286.73899616374,0.8,37821.684749040935,0.2,,,,,,1
COPEL,Aurora,ALPHAEN,2026-09-01 00:00:00,2.5,457.17,310.85,25.33,25.33,0.05,0.19,531.47,70187.80058479533,0.35,367.14947696992243,429662.7256842106,499.213,195128.9325252047,156103.14602016375,0.8,39025.78650504094,0.2,,,,,,1
COPEL,Aurora,ALPHAEN,2026-10-01 00:00:00,2.5,457.17,310.85,25.33,25.33,0.05,0.19,581.72,70187.80058479533,0.35,378.5573571051446,470286.9414736843,499.213,220214.38577520472,176171.50862016378,0.8,44042.877155040944,0.2,,,,,,1
COPEL,Aurora,ALPHAEN,2026-11-01 00:00:00,2.5,457.17,310.85,25.33,25.33,0.05,0.19,522.86,70187.80058479533,0.35,364.9747706751419,422702.0391578948,499.213,190830.7085952047,152664.56687616376,0.8,38166.14171904094,0.2,,,,,,1
COPEL,Aurora,ALPHAEN,2026-12-01 00:00:00,2.5,457.17,310.85,25.33,25.33,0.05,0.19,648.79,70187.80058479533,0.35,391.03038222723023,524509.1534736842,499.213,253696.6016852047,202957.28134816376,0.8,50739.32033704094,0.2,,,,,,1
ETO,Falcão 05,TELMO,2026-01-01 00:00:00,1,640.42,289.8,52.73,36.9,0.05,0.2,207.6,58717.630263157895,0.102,608.1865078190854,203277.54947368422,879.3026947368422,126259.51902324212,81071.5748929601,0.6421026748726666,4200,0.03326481862509594,3200.0000000000005,0.02534462371435882,37787.94413028202,0.29928788278787866,,1
ETO,Falcão 05,TELMO,2026-02-01 00:00:00,1,640.42,289.8,52.73,36.9,0.05,0.2,181.84,58717.630263157895,0.102,568.1185132053937,178053.8997894737,879.3026947368422,103306.6704412688,81071.5748929601,0.7847661196190652,4200,0.04065565158629089,3200.0000000000005,0.03097573454193592,14835.095548308702,0.143602494252708,,1
ETO,Falcão 05,TELMO,2026-03-01 00:00:00,1,640.42,289.8,52.73,36.9,0.05,0.2,198.92,58717.630263157895,0.102,595.8445958227198,194778.27621052632,879.3026947368422,118525.40700105543,81071.5748929601,0.6840016579081495,4200,0.035435440436518396,3200.0000000000005,0.026998430808775925,30053.832108095332,0.25356447084655626,,1
ETO,Falcão 05,TELMO,2026-04-01 00:00:00,1,640.42,289.8,52.73,36.9,0.05,0.2,185.76,58717.630263157895,0.102,574.9326831690468,181892.2812631579,879.3026947368422,106799.49522548213,81071.5748929601,0.7591007309706516,4200,0.039326028565328734,3200.0000000000005,0.02996268843072666,18327.92033252203,0.171610552033293,,1
ETO,Falcão 05,TELMO,2026-05-01 00:00:00,1,640.42,289.8,52.73,36.9,0.05,0.2,239.71,58717.630263157895,0.102,646.0739532975213,234718.98547368424,879.3026947368422,154870.38734494883,81071.5748929601,0.5234801583622712,4200,0.027119451768692078,3200.0000000000005,0.020662439442813017,66398.81245198874,0.4287379504262237,,1
ETO,Falcão 05,TELMO,2026-06-01 00:00:00,1,640.42,289.8,52.73,36.9,0.05,0.2,254.1,58717.630263157895,0.102,659.9459346684066,248809.37052631582,879.3026947368422,167692.26199924212,81071.5748929601,0.4834544774244055,4200,0.025045878384173634,3200.0000000000005,0.019082574006989438,79220.68710628203,0.4724170701844314,,1
ETO,Falcão 05,TELMO,2026-07-01 00:00:00,1,640.42,289.8,52.73,36.9,0.05,0.2,268.66,58717.630263157895,0.102,672.4693337219861,263066.2160000001,879.3026947368422,180665.6111977488,81071.5748929601,0.44873827595348315,4200,0.023247368285284026,3200.0000000000005,0.01771228059831164,92194.03630478871,0.5103020751629213,,1
ETO,Falcão 05,TELMO,2026-08-01 00:00:00,1,640.42,289.8,52.73,36.9,0.05,0.2,282.87,58717.630263157895,0.102,683.4485842985191,276980.3488421053,879.3026947368422,193327.1010405221,81071.5748929601,0.4193492503462677,4200,0.021724838252861735,3200.0000000000005,0.016552257716466085,104855.526147562,0.5423736536844045,,1
ETO,Falcão 05,TELMO,2026-09-01 00:00:00,1,640.42,289.8,52.73,36.9,0.05,0.2,251.1,58717.630263157895,0.102,657.1851127329435,245871.83368421055,879.3026947368422,165019.1818072421,81071.5748929601,0.49128576450984535,4200,0.025451586621644956,3200.0000000000005,0.019391685045062827,76547.606914282,0.4638709638234469,,1
ETO,Falcão 05,TELMO,2026-10-01 00:00:00,1,640.42,289.8,52.73,36.9,0.05,0.2,233.17,58717.630263157895,0.102,639.2034675403731,228315.15515789474,879.3026947368422,149043.0725263888,81071.5748929601,0.5439472866382702,4200,0.02817977332865551,3200.0000000000005,0.02147030348849944,60571.497633428706,0.4064026365445749,,1
ETO,Falcão 05,TELMO,2026-11-01 00:00:00,1,640.42,289.8,52.73,36.9,0.05,0.2,209.63,58717.630263157895,0.102,610.9254557386607,205265.2827368421,879.3026947368422,128068.30328649544,81071.5748929601,0.6330338796759005,4200,0.03279499995095884,3200.0000000000005,0.024986666629301976,39596.72839353535,0.3091844537438386,,1
ETO,Falcão 05,TELMO,2026-12-01 00:00:00,1,640.42,289.8,52.73,36.9,0.05,0.2,208.16,58717.630263157895,0.102,608.947415413218,203825.88968421056,879.3026947368422,126758.49399241546,81071.5748929601,0.6395750875504326,4200,0.033133874249494516,3200.0000000000005,0.025244856571043445,38286.919099455365,0.3020461816290295,,1
EMS,Buriti,OPERON,2026-01-01 00:00:00,5,662.01,324.59,35.79,13.56,0.05,0.17,1133.1,75028.9331642359,0.33,594.8063675189867,1176754.1684210524,661.0219999999998,673975.0950357638,539180.076028611,0.8,134795.01900715276,0.2,,0,,0,,1
EMS,Buriti,OPERON,2026-02-01 00:00:00,5,662.01,324.59,35.79,13.56,0.05,0.17,1078.6,75028.9331642359,0.33,591.460593394923,1120154.484210526,661.0219999999998,637949.3960357639,510359.51682861114,0.8,127589.87920715279,0.2,,0,,0,,1
EMS,Buriti,OPERON,2026-03-01 00:00:00,5,662.01,324.59,35.79,13.56,0.05,0.17,1172.9,75028.9331642359,0.33,597.0532616896273,1218087.5157894737,661.0219999999998,700283.770635764,560227.0165086113,0.8,140056.75412715282,0.2,,0,,0,,1
EMS,Buriti,OPERON,2026-04-01 00:00:00,5,662.01,324.59,35.79,13.56,0.05,0.17,1094.1,75028.9331642359,0.33,592.4460625498253,1136251.642105263,661.0219999999998,648195.2370357638,518556.1896286111,0.8,129639.04740715277,0.2,,0,,0,,1
EMS,Buriti,OPERON,2026-05-01 00:00:00,5,662.01,324.59,35.79,13.56,0.05,0.17,998.95,75028.9331642359,0.33,585.914203649596,1037435.8631578946,661.0219999999998,585298.993735764,468239.19498861115,0.8,117059.79874715279,0.2,,0,,0,,1
EMS,Buriti,OPERON,2026-06-01 00:00:00,5,662.01,324.59,35.79,13.56,0.05,0.17,924.48,75028.9331642359,0.33,579.8640158746149,960096.8084210525,661.0219999999998,536072.685395764,428858.1483166112,0.8,107214.5370791528,0.2,,0,,0,,1
EMS,Buriti,OPERON,2026-07-01 00:00:00,5,662.01,324.59,35.79,13.56,0.05,0.17,938.65,75028.9331642359,0.33,581.0891888731304,974812.7263157893,661.0219999999998,545439.3671357639,436351.4937086111,0.8,109087.87342715278,0.2,,0,,0,,1
EMS,Buriti,OPERON,2026-08-01 00:00:00,5,662.01,324.59,35.79,13.56,0.05,0.17,1120.3,75028.9331642359,0.33,594.0498200801248,1163461.031578947,661.0219999999998,665514.0134357639,532411.2107486111,0.8,133102.80268715278,0.2,,0,,0,,1
EMS,Buriti,OPERON,2026-09-01 00:00:00,5,662.01,324.59,35.79,13.56,0.05,0.17,1125.9,75028.9331642359,0.33,594.3829262241442,1169276.7789473683,661.0219999999998,669215.736635764,535372.5893086112,0.8,133843.1473271528,0.2,,0,,0,,1
EMS,Buriti,OPERON,2026-10-01 00:00:00,5,662.01,324.59,35.79,13.56,0.05,0.17,1202,75028.9331642359,0.33,598.601922492316,1248308.6315789472,661.0219999999998,719519.5108357639,575615.6086686112,0.8,143903.9021671528,0.2,,0,,0,,1
EMS,Buriti,OPERON,2026-11-01 00:00:00,5,662.01,324.59,35.79,13.56,0.05,0.17,1159.4,75028.9331642359,0.33,596.3084126580679,1204067.4105263157,661.0219999999998,691359.973635764,553087.9789086112,0.8,138271.9947271528,0.2,,0,,0,,1
EMS,Buriti,OPERON,2026-12-01 00:00:00,5,662.01,324.59,35.79,13.56,0.05,0.17,1191.4,75028.9331642359,0.33,598.0465650795398,1237300.2526315788,661.0219999999998,712512.6776357639,570010.1421086112,0.8,142502.5355271528,0.2,,0,,0,,1
EMS,Quartzo,NEXUS,2026-01-01 00:00:00,5,662.01,324.59,35.79,13.56,0.05,0.17,1137.3,75028.9331642359,0.352,573.3456990026941,1181115.9789473682,639.3168,652066.063475764,521652.8507806112,0.8,104330.57015612225,0.2,,0,,0,,1
EMS,Quartzo,NEXUS,2026-02-01 00:00:00,5,662.01,324.59,35.79,13.56,0.05,0.17,1122.8,75028.9331642359,0.352,572.4937387564695,1166057.3473684208,639.3168,642795.969875764,514236.7759006112,0.8,102847.35518012225,0.2,,0,,0,,1
EMS,Quartzo,NEXUS,2026-03-01 00:00:00,5,662.01,324.59,35.79,13.56,0.05,0.17,1170.8,75028.9331642359,0.352,575.2333244582884,1215906.6105263156,639.3168,673483.176275764,538786.5410206112,0.8,107757.30820412224,0.2,,0,,0,,1
EMS,Quartzo,NEXUS,2026-04-01 00:00:00,5,662.01,324.59,35.79,13.56,0.05,0.17,1010.9,75028.9331642359,0.352,565.0968641366743,1049846.2526315788,639.3168,571256.4199557641,457005.1359646113,0.8,91401.02719292227,0.2,,0,,0,,1
EMS,Quartzo,NEXUS,2026-05-01 00:00:00,5,662.01,324.59,35.79,13.56,0.05,0.17,1017.9,75028.9331642359,0.352,565.6072674680853,1057115.9368421051,639.3168,575731.637555764,460585.3100446113,0.8,92117.06200892226,0.2,,0,,0,,1
EMS,Quartzo,NEXUS,2026-06-01 00:00:00,5,662.01,324.59,35.79,13.56,0.05,0.17,928.88,75028.9331642359,0.352,558.543252109814,964666.3242105262,639.3168,518819.656019764,415055.72481581126,0.8,83011.14496316225,0.2,,0,,0,,1
EMS,Quartzo,NEXUS,2026-07-01 00:00:00,5,662.01,324.59,35.79,13.56,0.05,0.17,958.91,75028.9331642359,0.352,561.0728217703058,995853.269473684,639.3168,538018.339523764,430414.6716190112,0.8,86082.93432380224,0.2,,0,,0,,1
EMS,Quartzo,NOVASOL,2026-08-01 00:00:00,5,662.01,324.59,35.79,13.56,0.05,0.17,1183.2,75028.9331642359,0.352,575.9049227482793,1228784.336842105,639.3168,681410.704595764,545128.5636766113,0.8,109025.71273532226,0.2,,0,,0,,1
EMS,Quartzo,NOVASOL,2026-09-01 00:00:00,5,662.01,324.59,35.79,13.56,0.05,0.17,1080.5,75028.9331642359,0.352,569.877713313988,1122127.684210526,639.3168,615752.869235764,492602.29538861127,0.8,98520.45907772226,0.2,,0,,0,,1
EMS,Quartzo,NOVASOL,2026-10-01 00:00:00,5,662.01,324.59,35.79,13.56,0.05,0.17,1181.7,75028.9331642359,0.352,575.8244303933012,1227226.547368421,639.3168,680451.7293957641,544361.3835166113,0.8,108872.27670332226,0.2,,0,,0,,1
EMS,Quartzo,NOVASOL,2026-11-01 00:00:00,5,662.01,324.59,35.79,13.56,0.05,0.17,1194.1,75028.9331642359,0.352,576.4837599160574,1240104.2736842101,639.3168,688379.257715764,550703.4061726112,0.8,110140.68123452224,0.2,,0,,0,,1
EMS,Quartzo,NOVASOL,2026-12-01 00:00:00,5,662.01,324.59,35.79,13.56,0.05,0.17,1208.6,75028.9331642359,0.352,577.2375900345558,1255162.9052631576,639.3168,697649.351315764,558119.4810526113,0.8,111623.89621052226,0.2,,0,,0,,1
EQUATORIAL GO,Campo Belo,sem cliente,2026-01-01 00:00:00,5,567.67,324.14,26.08,13.01,0.05,0.19,1022.48,71998.55730994152,0.293,560.094055699533,959850.409263158,663.6943894736843,572684.9700716585,350967.4426900585,0.6128455626243219,221717.5273816,0.3871544373756781,0,0,,0,,1
EQUATORIAL GO,Campo Belo,sem cliente,2026-02-01 00:00:00,5,567.67,324.14,26.08,13.01,0.05,0.19,977.62,71998.55730994152,0.293,556.8628979311578,917738.2023157895,663.6943894736843,544400.3062754585,350967.4426900585,0.6446863432006854,193432.86358540005,0.35531365679931465,0,0,,0,,1
EQUATORIAL GO,Campo Belo,sem cliente,2026-03-01 00:00:00,5,567.67,324.14,26.08,13.01,0.05,0.19,1049.0900000000001,71998.55730994152,0.293,561.8801364900613,984830.4767368423,663.6943894736843,589462.8323903586,350967.4426900585,0.5954021583800863,238495.38970030006,0.40459784161991375,0,0,,0,,1
EQUATORIAL GO,Campo Belo,sem cliente,2026-04-01 00:00:00,5,567.67,324.14,26.08,13.01,0.05,0.19,1058.87,71998.55730994152,0.293,562.5140167942793,994011.426,663.6943894736843,595629.2169629585,350967.4426900585,0.5892381244822058,244661.77427289996,0.4107618755177942,0,0,,0,,1
EQUATORIAL GO,Campo Belo,sem cliente,2026-05-01 00:00:00,5,567.67,324.14,26.08,13.01,0.05,0.19,1058.0900000000001,71998.55730994152,0.293,562.4638919376977,993279.2030526318,663.6943894736843,595137.4194203586,350967.4426900585,0.5897250470855748,244169.9767303001,0.4102749529144251,0,0,,0,,1
EQUATORIAL GO,Campo Belo,sem cliente,2026-06-01 00:00:00,5,567.67,324.14,26.08,13.01,0.05,0.19,985.63,71998.55730994152,0.293,557.4614091821054,925257.5687368421,663.6943894736843,549450.6887321585,350967.4426900585,0.638760583774871,198483.2460421,0.361239416225129,0,0,,0,,1
EQUATORIAL GO,Campo Belo,sem cliente,2026-07-01 00:00:00,5,567.67,324.14,26.08,13.01,0.05,0.19,1098.96,71998.55730994152,0.293,564.9944944613621,1031645.8080000001,663.6943894736843,620906.3496332585,350967.4426900585,0.5652502070519317,269938.90694320004,0.43474979294806826,0,0,,0,,1
EQUATORIAL GO,Campo Belo,sem cliente,2026-08-01 00:00:00,5,567.67,324.14,26.08,13.01,0.05,0.19,1241.15,71998.55730994152,0.293,572.5001165133614,1165126.2963157897,663.6943894736843,710558.5196105585,350967.4426900585,0.4939317916874968,359591.0769205,0.5060682083125032,0,0,,0,,1
EQUATORIAL GO,Campo Belo,sem cliente,2026-09-01 00:00:00,5,567.67,324.14,26.08,13.01,0.05,0.19,1122.6,71998.55730994152,0.293,566.3741299056285,1053837.7957894737,663.6943894736843,635811.5982320585,350967.4426900585,0.5519991199688095,284844.15554199996,0.4480008800311906,0,0,,0,,1
EQUATORIAL GO,Campo Belo,sem cliente,2026-10-01 00:00:00,5,567.67,324.14,26.08,13.01,0.05,0.19,1139.2,71998.55730994152,0.293,567.3086892152901,1069421.0021052633,663.6943894736843,646278.0587540586,350967.4426900585,0.5430595050165851,295310.61606400006,0.456940494983415,0,0,,0,,1
EQUATORIAL GO,Campo Belo,sem cliente,2026-11-01 00:00:00,5,567.67,324.14,26.08,13.01,0.05,0.19,987.5600000000001,71998.55730994152,0.293,557.6041682482669,927069.3511578948,663.6943894736843,550667.5723952585,350967.4426900585,0.6373490292218277,199700.12970519997,0.3626509707781723,0,0,,0,,1
EQUATORIAL GO,Campo Belo,sem cliente,2026-12-01 00:00:00,5,567.67,324.14,26.08,13.01,0.05,0.19,1072.01,71998.55730994152,0.293,563.3474632016106,1006346.5664210527,663.6943894736843,603914.1140267586,350967.4426900585,0.5811545624424794,252946.6713367001,0.41884543755752063,0,0,,0,,1
ENEL CE,Sertão 01,TELMO,2026-01-01 00:00:00,2.5,488.78,260.99,20.82,15.13,0.05,0.2,608.9,41931.99868421052,0.22,554.9434754668903,480563.10842105263,615.6006315789474,337905.0822117895,145526.82,0.4306736644724031,22371.19,0.06620554462681434,11071.501232423956,0.032765121968436825,158935.57097936553,0.4703556689323457,,1
ENEL CE,Sertão 01,TELMO,2026-02-01 00:00:00,2.5,488.78,260.99,20.82,15.13,0.05,0.2,535.52,41931.99868421052,0.22,545.5071784594217,422649.2951578947,615.6006315789474,292130.0042085895,145526.82,0.498157730816618,22371.19,0.07657956963580606,11071.501232423956,0.03789922662144138,113160.49297616554,0.3873634729261346,,1
ENEL CE,Sertão 01,TELMO,2026-03-01 00:00:00,2.5,488.78,260.99,20.82,15.13,0.05,0.2,567.8,41931.99868421052,0.22,549.9586951528522,448125.69052631577,615.6006315789474,312266.5471077895,145526.82,0.46603397433336474,22371.19,0.07164132760041637,11071.501232423956,0.03545529079233149,133297.03587536552,0.42686940727388734,,1
ENEL CE,Sertão 01,TELMO,2026-04-01 00:00:00,2.5,488.78,260.99,20.82,15.13,0.05,0.2,525.32,41931.99868421052,0.22,543.9868196158333,414599.13305263163,615.6006315789474,285767.1560805896,145526.82,0.5092496352483551,22371.19,0.07828467871126193,11071.501232423956,0.03874308504963974,106797.64484816561,0.3737226009907432,,1
ENEL CE,Sertão 01,TELMO,2026-05-01 00:00:00,2.5,488.78,260.99,20.82,15.13,0.05,0.2,586.82,41931.99868421052,0.22,552.3523183268967,463136.8751578948,615.6006315789474,324131.38744058955,145526.82,0.4489747850373602,22371.19,0.0690188943954107,11071.501232423956,0.03415744868106384,145161.87620816557,0.44784887188616523,,1
ENEL CE,Sertão 01,TELMO,2026-06-01 00:00:00,2.5,488.78,260.99,20.82,15.13,0.05,0.2,562.37,41931.99868421052,0.22,549.2456322218283,443840.1630526316,615.6006315789474,308879.26619258954,145526.82,0.4711446701937658,22371.19,0.07242697211683778,11071.501232423956,0.035844106238975444,129909.75496016558,0.42058425145042094,,1
ENEL CE,Sertão 01,TELMO,2026-07-01 00:00:00,2.5,488.78,260.99,20.82,15.13,0.05,0.2,624.17,41931.99868421052,0.22,556.6282265161567,492614.67463157896,615.6006315789474,347430.6401445895,145526.82,0.4188658200653702,22371.19,0.06439037728707471,11071.501232423956,0.03186679570868117,168461.1289121655,0.48487700693887387,,1
ENEL CE,Sertão 01,TELMO,2026-08-01 00:00:00,2.5,488.78,260.99,20.82,15.13,0.05,0.2,697.94,41931.99868421052,0.22,563.7289788769657,550836.2882105263,615.6006315789474,393449.0035173895,145526.82,0.3698746691413798,22371.19,0.05685918581570698,11071.501232423956,0.028139609284674738,214479.4922849655,0.5451265357582384,,0.9999999999999999
ENEL CE,Sertão 01,TELMO,2026-09-01 00:00:00,2.5,488.78,260.99,20.82,15.13,0.05,0.2,697.4,41931.99868421052,0.22,563.6824589214074,550410.1031578948,615.6006315789474,393112.1468517895,145526.82,0.37019161367930536,22371.19,0.056907908288151544,11071.501232423956,0.028163722034766112,214142.63561936552,0.5447367559977769,,1
ENEL CE,Sertão 01,TELMO,2026-10-01 00:00:00,2.5,488.78,260.99,20.82,15.13,0.05,0.2,634.31,41931.99868421052,0.22,557.7021641692382,500617.48284210527,615.6006315789474,353756.0597541895,145526.82,0.41137618985557617,22371.19,0.06323902978664116,11071.501232423956,0.031296993866669266,174786.54852176554,0.4940877864911134,,1
ENEL CE,Sertão 01,TELMO,2026-11-01 00:00:00,2.5,488.78,260.99,20.82,15.13,0.05,0.2,684.07,41931.99868421052,0.22,562.5108215249747,539889.6462105263,615.6006315789474,384796.7776805895,145526.82,0.37819136864186087,22371.19,0.058137674995214696,11071.501232423956,0.028772333539690245,205827.26644816555,0.5348986228232342,,1
ENEL CE,Sertão 01,TELMO,2026-12-01 00:00:00,2.5,488.78,260.99,20.82,15.13,0.05,0.2,655.76,41931.99868421052,0.22,559.8645161067914,517546.50021052634,615.6006315789474,367136.7550821895,145526.82,0.39638314057501944,22371.19,0.06093421508557988,11071.501232423956,0.030156341143085554,188167.24384976554,0.5125263031963151,,0.9999999999999999
ENEL CE,Sertão 02,TELMO,2026-01-01 00:00:00,2.5,488.78,260.99,20.82,15.13,0.05,0.2,594.3,41931.99868421052,0.22,553.2516844485773,469040.327368421,615.6006315789474,328797.4760677895,109145.11,0.3319523960624841,16778.39,0.05102955837939806,8303.625924317967,0.02525453061143929,194570.3501434715,0.5917635149466784,,1
ENEL CE,Sertão 02,TELMO,2026-02-01 00:00:00,2.5,488.78,260.99,20.82,15.13,0.05,0.2,546.2,41931.99868421052,0.22,547.0382286411378,431078.2884210527,615.6006315789474,298792.2804837895,109145.11,0.36528758314397447,16778.39,0.05615402771729333,8303.625924317967,0.027790630704625806,164565.15455947153,0.5507677584341063,,0.9999999999999999
ENEL CE,Sertão 02,TELMO,2026-03-01 00:00:00,2.5,488.78,260.99,20.82,15.13,0.05,0.2,539.94,41931.99868421052,0.22,546.1481616427557,426137.6987368422,615.6006315789474,294887.23839738953,109145.11,0.3701249012780819,16778.39,0.05689764701648252,8303.625924317967,0.028158647927408832,160660.11247307155,0.5448188037780267,,1
ENEL CE,Sertão 02,TELMO,2026-04-01 00:00:00,2.5,488.78,260.99,20.82,15.13,0.05,0.2,478.47,41931.99868421052,0.22,536.1709643166541,377623.6335789474,615.6006315789474,256541.7212965895,109145.11,0.42544779635986246,16778.39,0.06540218844404805,8303.625924317967,0.03236754584147384,122314.59537227152,0.4767824693546156,,1
ENEL CE,Sertão 02,TELMO,2026-05-01 00:00:00,2.5,488.78,260.99,20.82,15.13,0.05,0.2,580.59,41931.99868421052,0.22,551.5855588511506,458219.9624210527,615.6006315789474,320245.05961338955,109145.11,0.34081746688540204,16778.39,0.0523923460997507,8303.625924317967,0.025928974312179488,186017.93368907156,0.5808612127026677,,0.9999999999999999
ENEL CE,Sertão 02,TELMO,2026-06-01 00:00:00,2.5,488.78,260.99,20.82,15.13,0.05,0.2,527.66,41931.99868421052,0.22,544.3408033547919,416445.9349473684,615.6006315789474,287226.8682981895,109145.11,0.37999617043726264,16778.39,0.058415113110453255,8303.625924317967,0.028909641961828637,152999.7423738715,0.5326790744904554,,0.9999999999999999
ENEL CE,Sertão 02,TELMO,2026-07-01 00:00:00,2.5,488.78,260.99,20.82,15.13,0.05,0.2,611.3,41931.99868421052,0.22,555.2138441809087,482457.2642105263,615.6006315789474,339402.2229477895,109145.11,0.3215804217546032,16778.39,0.04943512112052676,8303.625924317967,0.024465443544237835,205175.0970234715,0.6045190135806322,,1
ENEL CE,Sertão 02,TELMO,2026-08-01 00:00:00,2.5,488.78,260.99,20.82,15.13,0.05,0.2,666.43,41931.99868421052,0.22,560.8883052548498,525967.6011578947,615.6006315789474,373792.7932709895,109145.11,0.2919936177605029,16778.39,0.04488687396344779,8303.625924317967,0.022214515832834868,239565.66734667151,0.6409049924432144,,1
ENEL CE,Sertão 02,TELMO,2026-09-01 00:00:00,2.5,488.78,260.99,20.82,15.13,0.05,0.2,698.07,41931.99868421052,0.22,563.7401673766091,550938.8883157895,615.6006315789474,393530.0986405895,109145.11,0.27734882383083503,16778.39,0.04263559523899004,8303.625924317967,0.021100357896389664,259302.97271627153,0.6589152230337852,,1
ENEL CE,Sertão 02,TELMO,2026-10-01 00:00:00,2.5,488.78,260.99,20.82,15.13,0.05,0.2,730.68,41931.99868421052,0.22,566.4210028890752,576675.7301052632,615.6006315789474,413872.4983909895,109145.11,0.2637167495407958,16778.39,0.04053999737897367,8303.625924317967,0.02006324642637513,279645.3724666715,0.6756800066538553,,0.9999999999999999
ENEL CE,Sertão 02,TELMO,2026-11-01 00:00:00,2.5,488.78,260.99,20.82,15.13,0.05,0.2,681.42,41931.99868421052,0.22,562.2724381212607,537798.1825263158,615.6006315789474,383143.68478458945,109145.11,0.28486730783873787,16778.39,0.04379137818605342,8303.625924317967,0.02167235492602839,248916.55886027147,0.6496689590491802,,0.9999999999999998
ENEL CE,Sertão 02,TELMO,2026-12-01 00:00:00,2.5,488.78,260.99,20.82,15.13,0.05,0.2,658.46,41931.99868421052,0.22,560.1267175078053,519677.42547368427,615.6006315789474,368821.0384101895,109145.11,0.2959297291457998,16778.39,0.045491954776559346,8303.625924317967,0.02251397035296824,234593.91248587152,0.6360643457246726,,1
ENEL CE,Sertão 06,NEXUS,2026-01-01 00:00:00,2.5,488.78,260.99,20.82,15.13,0.05,0.2,533.3,41931.99868421052,0.305,442.4627382538712,420897.20105263154,521.09015,235965.37831078947,181161.00131578947,0.7677439911425595,54804.376995,0.2322560088574404,0,0,,0,,1
ENEL CE,Sertão 06,NEXUS,2026-02-01 00:00:00,2.5,488.78,260.99,20.82,15.13,0.05,0.2,500.78,41931.99868421052,0.305,437.35677669393647,395231.39010526316,521.09015,219019.5266327895,181161.00131578947,0.8271454335645879,37858.52531700002,0.1728545664354121,0,0,,0,,1
ENEL CE,Sertão 06,NEXUS,2026-03-01 00:00:00,2.5,488.78,260.99,20.82,15.13,0.05,0.2,556.26,41931.99868421052,0.305,445.70813676120787,439017.9581052632,521.09015,247929.6081547895,181161.00131578947,0.7306953076886465,66768.60683900001,0.26930469231135346,0,0,,0,,1
ENEL CE,Sertão 06,NEXUS,2026-04-01 00:00:00,2.5,488.78,260.99,20.82,15.13,0.05,0.2,512.44,41931.99868421052,0.305,439.2620361052796,404433.83031578956,521.09015,225095.43778178951,181161.00131578947,0.8048186276054574,43934.43646600004,0.19518137239454256,0,0,,0,,1
ENEL CE,Sertão 06,NEXUS,2026-05-01 00:00:00,2.5,488.78,260.99,20.82,15.13,0.05,0.2,568.93,41931.99868421052,0.305,447.3868847754372,449017.5222105263,521.09015,254531.82035528944,181161.00131578947,0.7117420567020463,73370.81903949997,0.28825794329795373,0,0,,0,,1
ENEL CE,Sertão 06,NEXUS,2026-06-01 00:00:00,2.5,488.78,260.99,20.82,15.13,0.05,0.2,537.17,41931.99868421052,0.305,443.0292034016968,423951.5272631579,521.09015,237981.99719128944,181161.00131578947,0.7612382594225084,56820.99587549997,0.23876174057749153,0,0,,0,,1
ENEL CE,Sertão 06,NEXUS,2026-07-01 00:00:00,2.5,488.78,260.99,20.82,15.13,0.05,0.2,590.59,41931.99868421052,0.305,450.0899659735002,466112.2782105264,521.09015,265818.6330042895,181161.00131578947,0.6815210779933025,84657.63168850006,0.3184789220066974,0,0,,0,,1
ENEL CE,Sertão 06,NEXUS,2026-08-01 00:00:00,2.5,488.78,260.99,20.82,15.13,0.05,0.2,633.55,41931.99868421052,0.305,454.90437352740827,500017.6668421053,521.09015,288204.6658482895,181161.00131578947,0.6285845539057038,107043.66453250003,0.3714154460942962,0,0,,0,,1
ENEL CE,Sertão 06,NEXUS,2026-09-01 00:00:00,2.5,488.78,260.99,20.82,15.13,0.05,0.2,620.49,41931.99868421052,0.305,453.5113031463673,489710.30242105265,521.09015,281399.22848928947,181161.00131578947,0.643786417924329,100238.2271735,0.35621358207567094,0,0,,0,,1
ENEL CE,Sertão 06,NEXUS,2026-10-01 00:00:00,2.5,488.78,260.99,20.82,15.13,0.05,0.2,689.91,41931.99868421052,0.305,460.3112097263259,544498.758631579,521.09015,317573.3067022895,181161.00131578947,0.570454120332033,136412.30538650003,0.42954587966796703,0,0,,0,,1
ENEL CE,Sertão 06,NEXUS,2026-11-01 00:00:00,2.5,488.78,260.99,20.82,15.13,0.05,0.2,619.78,41931.99868421052,0.305,453.4338869966593,489149.948,521.09015,281029.2544827895,181161.00131578947,0.6446339604366134,99868.25316700002,0.35536603956338664,0,0,,0,,1
ENEL CE,Sertão 06,NEXUS,2026-12-01 00:00:00,2.5,488.78,260.99,20.82,15.13,0.05,0.2,483.83,41931.99868421052,0.305,434.42334826341795,381853.9148421053,521.09015,210187.0485902895,181161.00131578947,0.8619037306571657,29026.047274500015,0.13809626934283428,0,0,,0,,1
ENEL CE,Sertão 07,NOVASOL,2026-01-01 00:00:00,2.5,488.78,260.99,20.82,15.13,0.05,0.2,528.2,41931.99868421052,0.32,430.45700650471304,416872.12000000005,536.6774736842106,227367.39083578944,174932.00131578947,0.7693803437368459,52435.38951999997,0.23061965626315406,,0,,0,,1
ENEL CE,Sertão 07,NOVASOL,2026-02-01 00:00:00,2.5,488.78,260.99,20.82,15.13,0.05,0.2,502.37,41931.99868421052,0.32,426.3752426454395,396486.2683157895,536.6774736842106,214198.13064778945,174932.00131578947,0.8166831371812198,39266.12933199998,0.1833168628187802,,0,,0,,1
ENEL CE,Sertão 07,NOVASOL,2026-03-01 00:00:00,2.5,488.78,260.99,20.82,15.13,0.05,0.2,482,41931.99868421052,0.32,422.84775210744704,380409.6210526316,536.6774736842106,203812.61651578947,174932.00131578947,0.858298197168954,28880.6152,0.14170180283104605,,0,,0,,1
ENEL CE,Sertão 07,NOVASOL,2026-04-01 00:00:00,2.5,488.78,260.99,20.82,15.13,0.05,0.2,513.38,41931.99868421052,0.32,428.1653135762777,405175.70800000004,536.6774736842106,219811.50868378943,174932.00131578947,0.7958273084210458,44879.50736799996,0.20417269157895424,,0,,0,,1
ENEL CE,Sertão 07,NOVASOL,2026-05-01 00:00:00,2.5,488.78,260.99,20.82,15.13,0.05,0.2,570.6,41931.99868421052,0.32,436.35604534838666,450335.53894736845,536.6774736842106,248984.75947578944,174932.00131578947,0.702581160726825,74052.75815999997,0.29741883927317503,,0,,0,,1
ENEL CE,Sertão 07,NOVASOL,2026-06-01 00:00:00,2.5,488.78,260.99,20.82,15.13,0.05,0.2,539.82,41931.99868421052,0.32,432.16585800413,426042.9909473685,536.6774736842106,233291.77346778946,174932.00131578947,0.7498421342317169,58359.77215199999,0.25015786576828314,,0,,0,,1
ENEL CE,Sertão 07,MINCO,2026-07-01 00:00:00,2.5,488.78,260.99,20.82,15.13,0.05,0.2,593.9,41931.99868421052,0.32,439.2391233470103,468724.6347368421,536.6774736842106,260864.11535578943,174932.00131578947,0.6705866810281736,85932.11403999996,0.3294133189718263,,0,,0,,1
ENEL CE,Sertão 07,MINCO,2026-08-01 00:00:00,2.5,488.78,260.99,20.82,15.13,0.05,0.2,634.88,41931.99868421052,0.32,443.796475056372,501067.3448421053,536.6774736842106,281757.50608378946,174932.00131578947,0.6208601280839274,106825.50476799998,0.3791398719160726,,0,,0,,1
ENEL CE,Sertão 07,MINCO,2026-09-01 00:00:00,2.5,488.78,260.99,20.82,15.13,0.05,0.2,666.29,41931.99868421052,0.32,446.9100445148351,525857.108736842,536.6774736842106,297771.69355978945,174932.00131578947,0.587470216609642,122839.69224399998,0.4125297833903579,,0,,0,,1
ENEL CE,Sertão 07,MINCO,2026-10-01 00:00:00,2.5,488.78,260.99,20.82,15.13,0.05,0.2,691.92,41931.99868421052,0.32,449.24122012340945,546085.1141052631,536.6774736842106,310838.98502778943,174932.00131578947,0.5627736858687475,135906.98371199996,0.4372263141312525,,0,,0,,1
ENEL CE,Sertão 07,MINCO,2026-11-01 00:00:00,2.5,488.78,260.99,20.82,15.13,0.05,0.2,580.98,41931.99868421052,0.32,437.66900072943895,458527.76273684215,536.6774736842106,254276.93604378944,174932.00131578947,0.6879585857746223,79344.93472799996,0.3120414142253777,,0,,0,,1
ENEL CE,Sertão 07,MINCO,2026-12-01 00:00:00,2.5,488.78,260.99,20.82,15.13,0.05,0.2,537.03,41931.99868421052,0.32,431.76230345379105,423841.0348421053,536.6774736842106,231869.3098237894,174932.00131578947,0.7544422392455914,56937.30850799993,0.24555776075440863,,0,,0,,1
ENEL CE,Sertão 09,NEXUS,2026-01-01 00:00:00,2.5,488.78,260.99,20.82,15.13,0.05,0.2,490.5,41931.99868421052,0.32,424.35532541445355,387118.0894736842,509.8435999999999,208146.28711578946,187692.00131578947,0.9017312002850116,20454.285799999983,0.09826879971498839,,0,,0,,1
ENEL CE,Sertão 09,NEXUS,2026-02-01 00:00:00,2.5,488.78,260.99,20.82,15.13,0.05,0.2,449.97,41931.99868421052,0.32,416.65516813963035,355130.5335789474,509.8435999999999,187482.32600778947,187692.00131578947,1.0011183737286857,-209.67530800000532,-0.001118373728685731,,0,,0,,1
ENEL CE,Sertão 09,NEXUS,2026-03-01 00:00:00,2.5,488.78,260.99,20.82,15.13,0.05,0.2,505.96,41931.99868421052,0.32,426.9674859115136,399319.6096842105,509.8435999999999,216028.46917178942,187692.00131578947,0.868829937254861,28336.467855999945,0.131170062745139,,0,,0,,1
ENEL CE,Sertão 09,NEXUS,2026-04-01 00:00:00,2.5,488.78,260.99,20.82,15.13,0.05,0.2,474.67,41931.99868421052,0.32,421.5043354915825,374624.5535789474,509.8435999999999,200075.46292778946,187692.00131578947,0.9381060454351198,12383.461611999985,0.061893954564880255,,0,,0,,1
ENEL CE,Sertão 09,NEXUS,2026-05-01 00:00:00,2.5,488.78,260.99,20.82,15.13,0.05,0.2,479.76,41931.99868421052,0.32,422.4415683920907,378641.7423157895,509.8435999999999,202670.56685178942,187692.00131578947,0.9260940265344321,14978.565535999951,0.07390597346556789,,0,,0,,1
ENEL CE,Sertão 09,NEXUS,2026-06-01 00:00:00,2.5,488.78,260.99,20.82,15.13,0.05,0.2,494.81,41931.99868421052,0.32,425.09996368664633,390519.6775789474,509.8435999999999,210343.71303178946,187692.00131578947,0.8923109638528791,22651.71171599999,0.10768903614712085,,0,,0,,1
ENEL CE,Sertão 09,NEXUS,2026-07-01 00:00:00,2.5,488.78,260.99,20.82,15.13,0.05,0.2,566.56,41931.99868421052,0.32,435.8320236723197,447147.04336842103,509.8435999999999,246924.9913317894,187692.00131578947,0.7601174765805319,59232.99001599994,0.23988252341946814,,0,,0,,1
ENEL CE,Sertão 09,NEXUS,2026-08-01 00:00:00,2.5,488.78,260.99,20.82,15.13,0.05,0.2,646.37,41931.99868421052,0.32,444.97054171417216,510135.61568421056,509.8435999999999,287615.6090477895,187692.00131578947,0.6525793295335478,99923.607732,0.34742067046645214,,0,,0,,1
ENEL CE,Sertão 09,NEXUS,2026-09-01 00:00:00,2.5,488.78,260.99,20.82,15.13,0.05,0.2,606.41,41931.99868421052,0.32,440.6956659550295,478597.9217894737,509.8435999999999,267242.2587917894,187692.00131578947,0.7023290484235197,79550.25747599994,0.2976709515764802,,0,,0,,1
ENEL CE,Sertão 09,NEXUS,2026-10-01 00:00:00,2.5,488.78,260.99,20.82,15.13,0.05,0.2,629.86,41931.99868421052,0.32,443.27007781378313,497105.4023157895,509.8435999999999,279198.09121178946,187692.00131578947,0.6722538843340916,91506.08989599999,0.3277461156659084,,0,,0,,1
ENEL CE,Sertão 09,NEXUS,2026-11-01 00:00:00,2.5,488.78,260.99,20.82,15.13,0.05,0.2,564.17,41931.99868421052,0.32,435.5184875618864,445260.7798947368,509.8435999999999,245706.46512778942,187692.00131578947,0.7638871090273216,58014.46381199994,0.23611289097267837,,0,,0,,1
ENEL CE,Sertão 09,NEXUS,2026-12-01 00:00:00,2.5,488.78,260.99,20.82,15.13,0.05,0.2,522.12,41931.99868421052,0.32,429.532562912337,412073.592,509.8435999999999,224267.54174778942,187692.00131578947,0.8369111279012783,36575.54043199995,0.16308887209872167,,0,,0,,1
ENEL CE,Sertão 11,NEXUS,2026-01-01 00:00:00,2.5,488.78,260.99,20.82,15.13,0.05,0.2,0,41931.99868421052,0.305,#DIV/0!,0,521.09015,-41931.99868421053,185496.00131578947,-4.423733834219496,-227428,5.423733834219496,,0,,0,,1
ENEL CE,Sertão 11,NEXUS,2026-02-01 00:00:00,2.5,488.78,260.99,20.82,15.13,0.05,0.2,0,41931.99868421052,0.305,#DIV/0!,0,521.09015,-41931.99868421053,185496.00131578947,-4.423733834219496,-227428,5.423733834219496,,0,,0,,1
ENEL CE,Sertão 11,NEXUS,2026-03-01 00:00:00,2.5,488.78,260.99,20.82,15.13,0.05,0.2,0,41931.99868421052,0.305,#DIV/0!,0,521.09015,-41931.99868421053,185496.00131578947,-4.423733834219496,-227428,5.423733834219496,,0,,0,,1
ENEL CE,Sertão 11,NEXUS,2026-04-01 00:00:00,2.5,488.78,260.99,20.82,15.13,0.05,0.2,0,41931.99868421052,0.305,#DIV/0!,0,521.09015,-41931.99868421053,185496.00131578947,-4.423733834219496,-227428,5.423733834219496,,0,,0,,1
ENEL CE,Sertão 11,NEXUS,2026-05-01 00:00:00,2.5,488.78,260.99,20.82,15.13,0.05,0.2,0,41931.99868421052,0.305,#DIV/0!,0,521.09015,-41931.99868421053,185496.00131578947,-4.423733834219496,-227428,5.423733834219496,,0,,0,,1
ENEL CE,Sertão 11,NEXUS,2026-06-01 00:00:00,2.5,488.78,260.99,20.82,15.13,0.05,0.2,0,41931.99868421052,0.305,#DIV/0!,0,521.09015,-41931.99868421053,185496.00131578947,-4.423733834219496,-227428,5.423733834219496,,0,,0,,1
ENEL CE,Sertão 11,NEXUS,2026-07-01 00:00:00,2.5,488.78,260.99,20.82,15.13,0.05,0.2,0,41931.99868421052,0.305,#DIV/0!,0,521.09015,-41931.99868421053,185496.00131578947,-4.423733834219496,-227428,5.423733834219496,,0,,0,,1
ENEL CE,Sertão 11,NEXUS,2026-08-01 00:00:00,2.5,488.78,260.99,20.82,15.13,0.05,0.2,0,41931.99868421052,0.305,#DIV/0!,0,521.09015,-41931.99868421053,185496.00131578947,-4.423733834219496,-227428,5.423733834219496,,0,,0,,1
ENEL CE,Sertão 11,NEXUS,2026-09-01 00:00:00,2.5,488.78,260.99,20.82,15.13,0.05,0.2,0,41931.99868421052,0.305,#DIV/0!,0,521.09015,-41931.99868421053,185496.00131578947,-4.423733834219496,-227428,5.423733834219496,,0,,0,,1
ENEL CE,Sertão 11,NEXUS,2026-10-01 00:00:00,2.5,488.78,260.99,20.82,15.13,0.05,0.2,0,41931.99868421052,0.305,#DIV/0!,0,521.09015,-41931.99868421053,185496.00131578947,-4.423733834219496,-227428,5.423733834219496,,0,,0,,1
ENEL CE,Sertão 11,NEXUS,2026-11-01 00:00:00,2.5,488.78,260.99,20.82,15.13,0.05,0.2,0,41931.99868421052,0.305,#DIV/0!,0,521.09015,-41931.99868421053,185496.00131578947,-4.423733834219496,-227428,5.423733834219496,,0,,0,,1
ENEL CE,Sertão 11,NEXUS,2026-12-01 00:00:00,2.5,488.78,260.99,20.82,15.13,0.05,0.2,0,41931.99868421052,0.305,#DIV/0!,0,521.09015,-41931.99868421053,185496.00131578947,-4.423733834219496,-227428,5.423733834219496,,0,,0,,1
ENEL CE,Sertão 15,NOVASOL,2026-01-01 00:00:00,1,488.78,260.99,20.82,15.13,0.05,0.2,220.67,16848.051315789475,0.35,411.0009675950991,174159.73252631578,487.3505,90695.58351921052,72556.46681536842,0.8,18139.116703842104,0.2,,0,,0,,1
ENEL CE,Sertão 15,NOVASOL,2026-02-01 00:00:00,1,488.78,260.99,20.82,15.13,0.05,0.2,201.57,16848.051315789475,0.35,403.766378772687,159085.40936842107,487.3505,81387.18896921052,65109.751175368416,0.8,16277.437793842104,0.2,,0,,0,,1
ENEL CE,Sertão 15,NOVASOL,2026-03-01 00:00:00,1,488.78,260.99,20.82,15.13,0.05,0.2,225.08,16848.051315789475,0.35,412.4968865479409,177640.2437894737,487.3505,92844.79922421054,74275.83937936844,0.8,18568.95984484211,0.2,,0,,0,,1
ENEL CE,Sertão 15,NOVASOL,2026-04-01 00:00:00,1,488.78,260.99,20.82,15.13,0.05,0.2,181,16848.051315789475,0.35,394.26734355917415,142850.91578947369,487.3505,71362.38918421052,57089.91134736842,0.8,14272.477836842105,0.2,,0,,0,,1
ENEL CE,Sertão 15,NOVASOL,2026-05-01 00:00:00,1,488.78,260.99,20.82,15.13,0.05,0.2,221.98,16848.051315789475,0.35,411.4515392116881,175193.62589473685,487.3505,91334.01267421052,73067.21013936841,0.8,18266.802534842103,0.2,,0,,0,,1
ENEL CE,Sertão 15,NOVASOL,2026-06-01 00:00:00,1,488.78,260.99,20.82,15.13,0.05,0.2,192.23,16848.051315789475,0.35,399.70522446657924,151713.98642105263,487.3505,76835.33529921052,61468.26823936842,0.8,15367.067059842106,0.2,,0,,0,,1
ENEL CE,Sertão 15,NOVASOL,2026-07-01 00:00:00,1,488.78,260.99,20.82,15.13,0.05,0.2,203.97,16848.051315789475,0.35,404.7498660058368,160979.56515789474,487.3505,82556.83016921053,66045.46413536843,0.8,16511.366033842107,0.2,,0,,0,,1
ENEL CE,Sertão 15,NOVASOL,2026-08-01 00:00:00,1,488.78,260.99,20.82,15.13,0.05,0.2,254.48,16848.051315789475,0.35,421.144702625788,200843.6522105263,487.3505,107172.90392421052,85738.32313936843,0.8,21434.580784842106,0.2,,0,,0,,1
ENEL CE,Sertão 15,NOVASOL,2026-09-01 00:00:00,1,488.78,260.99,20.82,15.13,0.05,0.2,257.69,16848.051315789475,0.35,421.9694168544007,203377.0855789474,487.3505,108737.29902921052,86989.83922336843,0.8,21747.459805842107,0.2,,0,,0,,1
ENEL CE,Sertão 15,NOVASOL,2026-10-01 00:00:00,1,488.78,260.99,20.82,15.13,0.05,0.2,269.41,16848.051315789475,0.35,424.81365535507416,212626.87968421055,487.3505,114449.04688921054,91559.23751136844,0.8,22889.80937784211,0.2,,0,,0,,1
ENEL CE,Sertão 15,NOVASOL,2026-11-01 00:00:00,1,488.78,260.99,20.82,15.13,0.05,0.2,255.44,16848.051315789475,0.35,421.39351865099644,201601.3145263158,487.3505,107640.76040421052,86112.60832336842,0.8,21528.152080842105,0.2,,0,,0,,1
ENEL CE,Sertão 15,NOVASOL,2026-12-01 00:00:00,1,488.78,260.99,20.82,15.13,0.05,0.2,242.59,16848.051315789475,0.35,417.8997752554125,191459.68873684213,487.3505,101378.30647921053,81102.64518336843,0.8,20275.661295842106,0.2,,0,,0,,1
ENEL CE,Sertão 17,SOLARA,2026-01-01 00:00:00,2.5,488.78,260.99,20.82,15.13,0.05,0.2,518.9,41931.99868421052,0.24,489.01579802618903,409532.2663157895,569.8252,253750.29759578948,206455.00131578947,0.8136148145318085,47295.29628000001,0.1863851854681915,,0,,0,,1
ENEL CE,Sertão 17,SOLARA,2026-02-01 00:00:00,2.5,488.78,260.99,20.82,15.13,0.05,0.2,500.7,41931.99868421052,0.24,486.07844808426097,395168.25157894735,569.8252,243379.47895578947,206455.00131578947,0.8482843426305986,36924.47764,0.1517156573694014,,0,,0,,1
ENEL CE,Sertão 17,SOLARA,2026-03-01 00:00:00,2.5,488.78,260.99,20.82,15.13,0.05,0.2,529.53,41931.99868421052,0.24,490.63799873810643,417921.798,569.8252,259807.5394717895,206455.00131578947,0.794645920343689,53352.538156000024,0.205354079656311,,0,,0,,1
ENEL CE,Sertão 17,SOLARA,2026-04-01 00:00:00,2.5,488.78,260.99,20.82,15.13,0.05,0.2,484.51,41931.99868421052,0.24,483.2800333693618,382390.5923157895,569.8252,234154.00896778947,206455.00131578947,0.8817060285488842,27699.007652,0.1182939714511158,,0,,0,,1
ENEL CE,Sertão 17,SOLARA,2026-05-01 00:00:00,2.5,488.78,260.99,20.82,15.13,0.05,0.2,543,41931.99868421052,0.24,492.6023663274208,428552.74736842106,569.8252,267483.0849157895,206455.00131578947,0.7718432041442426,61028.08360000001,0.22815679585575743,,0,,0,,1
ENEL CE,Sertão 17,SOLARA,2026-06-01 00:00:00,2.5,488.78,260.99,20.82,15.13,0.05,0.2,524.26,41931.99868421052,0.24,489.8419880742179,413762.5475789474,569.8252,256804.56066778948,206455.00131578947,0.8039382197065659,50349.55935200001,0.1960617802934341,,0,,0,,1
ENEL CE,Sertão 17,SOLARA,2026-07-01 00:00:00,2.5,488.78,260.99,20.82,15.13,0.05,0.2,531.4,41931.99868421052,0.24,490.9166590060021,419397.66105263156,569.8252,260873.11259578948,206455.00131578947,0.7914000766943035,54418.11128000001,0.2085999233056965,,0,,0,,1
ENEL CE,Sertão 17,SOLARA,2026-08-01 00:00:00,2.5,488.78,260.99,20.82,15.13,0.05,0.2,655.95,41931.99868421052,0.24,505.8995979202523,517696.45421052637,569.8252,331844.8412557895,206455.00131578947,0.6221431694839932,125389.83994000003,0.37785683051600677,,0,,0,,1
ENEL CE,Sertão 17,SOLARA,2026-09-01 00:00:00,2.5,488.78,260.99,20.82,15.13,0.05,0.2,661.74,41931.99868421052,0.24,506.45892520293387,522266.10505263164,569.8252,335144.12916378945,206455.00131578947,0.6160185524684878,128689.12784799997,0.38398144753151225,,0,,0,,1
ENEL CE,Sertão 17,SOLARA,2026-10-01 00:00:00,2.5,488.78,260.99,20.82,15.13,0.05,0.2,672.7,41931.99868421052,0.24,507.4913235555069,530916.0831578948,569.8252,341389.4133557895,206455.00131578947,0.6047492782109972,134934.41204000002,0.3952507217890028,,0,,0,,1
ENEL CE,Sertão 17,SOLARA,2026-11-01 00:00:00,2.5,488.78,260.99,20.82,15.13,0.05,0.2,534.62,41931.99868421052,0.24,491.39192274847454,421938.98673684214,569.8252,262707.9497397895,206455.00131578947,0.7858726830317918,56252.948424,0.21412731696820816,,0,,0,,1
ENEL CE,Sertão 17,SOLARA,2026-12-01 00:00:00,2.5,488.78,260.99,20.82,15.13,0.05,0.2,553.22,41931.99868421052,0.24,494.0289549542488,436618.6941052632,569.8252,273306.6984597895,206455.00131578947,0.75539678492792,66851.69714400003,0.2446032150720801,,0,,0,,1
ENEL CE,Sertão 18,NOVASOL,2026-01-01 00:00:00,2.5,488.78,260.99,20.82,15.13,0.05,0.2,545.6,41931.99868421052,0.448,337.0182037019602,430604.74947368423,435.6558315789474,183877.13193978948,202276.00131578947,1.1000606719383936,-18398.869375999988,-0.10006067193839357,,0,,0,,1
ENEL CE,Sertão 18,NOVASOL,2026-02-01 00:00:00,2.5,488.78,260.99,20.82,15.13,0.05,0.2,464.95,41931.99868421052,0.448,323.6870013201194,366953.222631579,435.6558315789474,150498.2712637895,202276.00131578947,1.3440420253149972,-51777.73005199997,-0.3440420253149971,,0,,0,,1
ENEL CE,Sertão 18,NOVASOL,2026-03-01 00:00:00,2.5,488.78,260.99,20.82,15.13,0.05,0.2,496.14,41931.99868421052,0.448,329.3565755258384,391569.3555789474,435.6558315789474,163406.97138138948,202276.00131578947,1.2378664117314815,-38869.029934399994,-0.23786641173148143,,0,,0,,1
ENEL CE,Sertão 18,NOVASOL,2026-04-01 00:00:00,2.5,488.78,260.99,20.82,15.13,0.05,0.2,471.25,41931.99868421052,0.448,324.8926714393411,371925.38157894736,435.6558315789474,153105.6714157895,202276.00131578947,1.3211528968542778,-49170.32989999998,-0.3211528968542777,,0,,0,,1
ENEL CE,Sertão 18,NOVASOL,2026-05-01 00:00:00,2.5,488.78,260.99,20.82,15.13,0.05,0.2,535.62,41931.99868421052,0.448,335.5861973051594,422728.2183157895,435.6558315789474,179746.67900058947,202276.00131578947,1.1253392966171358,-22529.3223152,-0.12533929661713591,,0,,0,,0.9999999999999999
ENEL CE,Sertão 18,NOVASOL,2026-06-01 00:00:00,2.5,488.78,260.99,20.82,15.13,0.05,0.2,533.61,41931.99868421052,0.448,335.29130674123326,421141.86284210527,435.6558315789474,178914.79419018948,202276.00131578947,1.1305716904593515,-23361.20712559999,-0.13057169045935144,,0,,0,,1
ENEL CE,Sertão 18,NOVASOL,2026-07-01 00:00:00,2.5,488.78,260.99,20.82,15.13,0.05,0.2,581.31,41931.99868421052,0.448,341.73941304672115,458788.2091578947,435.6558315789474,198656.53819818946,202276.00131578947,1.0182197029628548,-3619.463117600011,-0.018219702962854703,,0,,0,,1
ENEL CE,Sertão 18,NOVASOL,2026-08-01 00:00:00,2.5,488.78,260.99,20.82,15.13,0.05,0.2,681.36,41931.99868421052,0.448,352.33141929404354,537750.828631579,435.6558315789474,240064.5358501895,202276.00131578947,0.8425901001971333,37788.53453440004,0.15740989980286674,,0,,0,,1
ENEL CE,Sertão 18,NOVASOL,2026-09-01 00:00:00,2.5,488.78,260.99,20.82,15.13,0.05,0.2,619.01,41931.99868421052,0.448,346.13261789985535,488542.23968421057,435.6558315789474,214259.55180618947,202276.00131578947,0.9440699357887212,11983.550490399997,0.055930064211278815,,0,,0,,1
ENEL CE,Sertão 18,NOVASOL,2026-10-01 00:00:00,2.5,488.78,260.99,20.82,15.13,0.05,0.2,663.61,41931.99868421052,0.448,350.685326306399,523741.9681052632,435.6558315789474,232718.28939018946,202276.00131578947,0.86918824406036,30442.288074399985,0.13081175593964003,,0,,0,,1
ENEL CE,Sertão 18,NOVASOL,2026-11-01 00:00:00,2.5,488.78,260.99,20.82,15.13,0.05,0.2,591.2,41931.99868421052,0.448,342.9461139441635,466593.70947368426,435.6558315789474,202749.7425637895,202276.00131578947,0.9976634187446577,473.74124800003483,0.0023365812553423366,,0,,0,,1
ENEL CE,Sertão 18,NOVASOL,2026-12-01 00:00:00,2.5,488.78,260.99,20.82,15.13,0.05,0.2,572.71,41931.99868421052,0.448,340.65623099682125,452000.8175789474,435.6558315789474,195097.2300541895,202276.00131578947,1.0367958646035416,-7178.771261599963,-0.03679586460354159,,0,,0,,1
ENEL CE,Sertão 19,NOVASOL,2026-01-01 00:00:00,2.5,488.78,260.99,20.82,15.13,0.05,0.2,556.2,41931.99868421052,0.453,334.73404493669443,438970.6042105264,431.7096736842105,186179.07579378947,187696.00131578947,1.008147669202527,-1516.925522000005,-0.008147669202527035,,0,,0,,1
ENEL CE,Sertão 19,NOVASOL,2026-02-01 00:00:00,2.5,488.78,260.99,20.82,15.13,0.05,0.2,482.92,41931.99868421052,0.453,323.29407593512263,381135.7141052632,431.7096736842105,156125.17515058944,187696.00131578947,1.202214832647897,-31570.826165200036,-0.2022148326478969,,0,,0,,1
ENEL CE,Sertão 19,NOVASOL,2026-03-01 00:00:00,2.5,488.78,260.99,20.82,15.13,0.05,0.2,514.54,41931.99868421052,0.453,328.6300424425495,406091.2166315789,431.7096736842105,169093.3020383894,187696.00131578947,1.1100144065622226,-18602.69927740007,-0.11001440656222256,,0,,0,,1
ENEL CE,Sertão 19,NOVASOL,2026-04-01 00:00:00,2.5,488.78,260.99,20.82,15.13,0.05,0.2,495.93,41931.99868421052,0.453,325.57193729455656,391403.6169473684,431.7096736842105,161460.89086248944,187696.00131578947,1.1624858522281012,-26235.110453300033,-0.1624858522281012,,0,,0,,1
ENEL CE,Sertão 19,NOVASOL,2026-05-01 00:00:00,2.5,488.78,260.99,20.82,15.13,0.05,0.2,565.55,41931.99868421052,0.453,335.9804384586499,446349.9194736842,431.7096736842105,190013.73697028944,187696.00131578947,0.9878022731858468,2317.735654499964,0.01219772681415326,,0,,0,,1
ENEL CE,Sertão 19,NOVASOL,2026-06-01 00:00:00,2.5,488.78,260.99,20.82,15.13,0.05,0.2,570.66,41931.99868421052,0.453,336.6443619338826,450382.89284210524,431.7096736842105,192109.47158118943,187696.00131578947,0.9770262745034165,4413.470265399956,0.022973725496583504,,0,,0,,1
ENEL CE,Sertão 19,NOVASOL,2026-07-01 00:00:00,2.5,488.78,260.99,20.82,15.13,0.05,0.2,619.35,41931.99868421052,0.453,342.42095485959385,488810.57842105266,431.7096736842105,212078.41839228946,187696.00131578947,0.8850311254613428,24382.417076499987,0.11496887453865726,,0,,0,,1
ENEL CE,Sertão 19,NOVASOL,2026-08-01 00:00:00,2.5,488.78,260.99,20.82,15.13,0.05,0.2,662.65,41931.99868421052,0.453,346.84493445904997,522984.3057894737,431.7096736842105,229836.79581928946,187696.00131578947,0.8166490515442382,42140.79450349999,0.18335094845576178,,0,,0,,1
ENEL CE,Sertão 19,NOVASOL,2026-09-01 00:00:00,2.5,488.78,260.99,20.82,15.13,0.05,0.2,685.18,41931.99868421052,0.453,348.925674742388,540765.6932631579,431.7096736842105,239076.8938199894,187696.00131578947,0.7850863306644487,51380.89250419993,0.2149136693355514,,0,,0,,1
ENEL CE,Sertão 19,NOVASOL,2026-10-01 00:00:00,2.5,488.78,260.99,20.82,15.13,0.05,0.2,681.53,41931.99868421052,0.453,348.597920159772,537884.998,431.7096736842105,237579.9405264894,187696.00131578947,0.7900330343540176,49883.93921069993,0.20996696564598236,,0,,0,,1
ENEL CE,Sertão 19,NOVASOL,2026-11-01 00:00:00,2.5,488.78,260.99,20.82,15.13,0.05,0.2,660.59,41931.99868421052,0.453,346.64760288210454,521358.4887368422,431.7096736842105,228991.93998788943,187696.00131578947,0.8196620428025373,41295.93867209996,0.18033795719746273,,0,,0,,1
ENEL CE,Sertão 19,NOVASOL,2026-12-01 00:00:00,2.5,488.78,260.99,20.82,15.13,0.05,0.2,567.39,41931.99868421052,0.453,336.2208806638986,447802.1055789474,431.7096736842105,190768.3654798894,187696.00131578947,0.983894792218976,3072.3641640999413,0.016105207781023978,,0,,0,,1
ENEL CE,Sertão 22,NEXUS,2026-01-01 00:00:00,2.5,488.78,260.99,20.82,15.13,0.05,0.2,539.42,41931.99868421052,0.305,443.35480706831316,425727.2983157895,521.09015,239154.45002878946,191323.56002303158,0.8,47830.890005757894,0.2,,,,,,1
ENEL CE,Sertão 22,NEXUS,2026-02-01 00:00:00,2.5,488.78,260.99,20.82,15.13,0.05,0.2,506.08,41931.99868421052,0.305,438.23368721899595,399414.3174736842,521.09015,221781.30442778947,177425.04354223158,0.8,44356.260885557895,0.2,,,,,,1
ENEL CE,Sertão 22,NEXUS,2026-03-01 00:00:00,2.5,488.78,260.99,20.82,15.13,0.05,0.2,551.81,41931.99868421052,0.305,445.10022831643045,435505.87757894734,521.09015,245610.75698728947,196488.6055898316,0.8,49122.1513974579,0.2,,,,,,1
ENEL CE,Sertão 22,NEXUS,2026-04-01 00:00:00,2.5,488.78,260.99,20.82,15.13,0.05,0.2,472.4,41931.99868421052,0.305,432.3263932595035,372832.9978947368,521.09015,204230.98817578945,163384.79054063157,0.8,40846.19763515789,0.2,,,,,,1
ENEL CE,Sertão 22,NEXUS,2026-05-01 00:00:00,2.5,488.78,260.99,20.82,15.13,0.05,0.2,508.83,41931.99868421052,0.305,438.6814895746899,401584.7043157895,521.09015,223214.30234028946,178571.44187223157,0.8,44642.860468057894,0.2,,,,,,1
ENEL CE,Sertão 22,NEXUS,2026-06-01 00:00:00,2.5,488.78,260.99,20.82,15.13,0.05,0.2,491.48,41931.99868421052,0.305,435.77233709975883,387891.53642105265,521.09015,214173.38823778948,171338.71059023158,0.8,42834.677647557895,0.2,,,,,,1
ENEL CE,Sertão 22,NEXUS,2026-07-01 00:00:00,2.5,488.78,260.99,20.82,15.13,0.05,0.2,584.28,41931.99868421052,0.305,449.32319120591063,461132.2269473684,521.09015,262530.55415778945,210024.44332623156,0.8,52506.11083155789,0.2,,,,,,1
ENEL CE,Sertão 22,NEXUS,2026-08-01 00:00:00,2.5,488.78,260.99,20.82,15.13,0.05,0.2,668,41931.99868421052,0.22,522.0481468799244,527206.6947368422,584.8206,348728.1621157895,278982.5296926316,0.8,69745.6324231579,0.2,,,,,,1
ENEL CE,Sertão 22,TELMO,2026-09-01 00:00:00,2.5,488.78,260.99,20.82,15.13,0.05,0.2,662.74,41931.99868421052,0.22,521.5499377731682,523055.336631579,584.8206,345652.0057597895,276521.6046078316,0.8,69130.4011519579,0.2,,,,,,1
ENEL CE,Sertão 22,TELMO,2026-10-01 00:00:00,2.5,488.78,260.99,20.82,15.13,0.05,0.2,679.13,41931.99868421052,0.22,523.0769004370142,535990.8422105263,584.8206,355237.21539378946,284189.77231503156,0.8,71047.44307875789,0.2,,,,,,1
ENEL CE,Sertão 22,TELMO,2026-11-01 00:00:00,2.5,488.78,260.99,20.82,15.13,0.05,0.2,642.81,41931.99868421052,0.22,519.5882627864991,507325.9512631579,584.8206,333996.53120178945,267197.2249614316,0.8,66799.3062403579,0.2,,,,,,1
ENEL CE,Sertão 22,TELMO,2026-12-01 00:00:00,2.5,488.78,260.99,20.82,15.13,0.05,0.2,592.05,41931.99868421052,0.22,513.9955029909459,467264.55631578946,584.8206,304311.03754578944,243448.83003663155,0.8,60862.20750915789,0.2,,,,,,1
ENEL CE,Sertão 23,SOLARA,2026-01-01 00:00:00,2.5,488.78,260.99,20.82,15.13,0.05,0.2,519.37,52258.223684210534,0.24,469.2067128247482,409903.20515789476,569.8252,243691.89043978948,222123.77631578947,0.9114943296427462,21568.114124000014,0.08850567035725379,,0,,0,,1
ENEL CE,Sertão 23,SOLARA,2026-02-01 00:00:00,2.5,488.78,260.99,20.82,15.13,0.05,0.2,516.29,52258.223684210534,0.24,468.60645920662705,407472.37189473683,569.8252,241936.82882378946,222123.77631578947,0.9181065048908676,19813.052507999993,0.08189349510913235,,0,,0,,1
ENEL CE,Sertão 23,SOLARA,2026-03-01 00:00:00,2.5,488.78,260.99,20.82,15.13,0.05,0.2,605.4,52258.223684210534,0.24,483.50504194877675,477800.79789473687,569.8252,292713.95239578944,222123.77631578947,0.7588424620615544,70590.17607999998,0.2411575379384457,,0,,0,,1
ENEL CE,Sertão 23,SOLARA,2026-04-01 00:00:00,2.5,488.78,260.99,20.82,15.13,0.05,0.2,481.98,52258.223684210534,0.24,461.4011498647028,380393.8364210527,569.8252,222386.12621178947,222123.77631578947,0.9988202955801742,262.3498959999997,0.0011797044198258607,,0,,0,,1
ENEL CE,Sertão 23,SOLARA,2026-05-01 00:00:00,2.5,488.78,260.99,20.82,15.13,0.05,0.2,561.9,52258.223684210534,0.24,476.82248833562824,443469.2242105263,569.8252,267926.5561957895,222123.77631578947,0.8290472563439018,45802.77988000002,0.1709527436560983,,0,,0,,1
ENEL CE,Sertão 23,SOLARA,2026-06-01 00:00:00,2.5,488.78,260.99,20.82,15.13,0.05,0.2,550.26,52258.223684210534,0.24,474.85514278302895,434282.56863157894,569.8252,261293.7908677895,222123.77631578947,0.8500920575957374,39170.01455200004,0.14990794240426264,,0,,0,,1
ENEL CE,Sertão 23,SOLARA,2026-07-01 00:00:00,2.5,488.78,260.99,20.82,15.13,0.05,0.2,603.5,52258.223684210534,0.24,483.2332800593032,476301.2578947369,569.8252,291631.2845157895,222123.77631578947,0.7616596301888293,69507.50820000001,0.23834036981117074,,0,,0,,1
ENEL CE,Sertão 23,SOLARA,2026-08-01 00:00:00,2.5,488.78,260.99,20.82,15.13,0.05,0.2,695.73,52258.223684210534,0.24,494.71240669769804,549092.0864210527,569.8252,344186.26271178946,222123.77631578947,0.6453592149951342,122062.486396,0.35464078500486584,,0,,0,,1
ENEL CE,Sertão 23,SOLARA,2026-09-01 00:00:00,2.5,488.78,260.99,20.82,15.13,0.05,0.2,687.92,52258.223684210534,0.24,493.859646324848,542928.1877894737,569.8252,339735.9278997894,222123.77631578947,0.6538130296931929,117612.15158399995,0.34618697030680706,,0,,0,,1
ENEL CE,Sertão 23,SOLARA,2026-10-01 00:00:00,2.5,488.78,260.99,20.82,15.13,0.05,0.2,731.19,52258.223684210534,0.24,498.35509826965557,577078.2382105264,569.8252,364392.2643037895,222123.77631578947,0.6095732485984048,142268.487988,0.3904267514015953,,0,,0,,1
ENEL CE,Sertão 23,SOLARA,2026-11-01 00:00:00,2.5,488.78,260.99,20.82,15.13,0.05,0.2,674.88,52258.223684210534,0.24,492.3918434266676,532636.608,569.8252,332305.4072917894,222123.77631578947,0.668432626859869,110181.63097599996,0.331567373140131,,0,,0,,1
ENEL CE,Sertão 23,SOLARA,2026-12-01 00:00:00,2.5,488.78,260.99,20.82,15.13,0.05,0.2,659.32,52258.223684210534,0.24,490.56441057421205,520356.164631579,569.8252,323438.9271797895,222123.77631578947,0.6867564713146537,101315.15086400005,0.3132435286853464,,0,,0,,1
EMS,Ventania I,MINCO,2026-01-01 00:00:00,0.5,662.01,324.59,35.79,13.56,0.05,0.17,112.71,7585.7752694990495,0.32,603.5845196566493,117052.30105263155,670.8879999999999,68030.01121050093,54424.00896840075,0.8,13606.002242100187,0.2,,,,,,1
EMS,Ventania I,MINCO,2026-02-01 00:00:00,0.5,662.01,324.59,35.79,13.56,0.05,0.17,109.34,7585.7752694990495,0.32,601.5101394777843,113552.46736842104,670.8879999999999,65769.11865050094,52615.29492040075,0.8,13153.823730100188,0.2,,,,,,1
EMS,Ventania I,MINCO,2026-03-01 00:00:00,0.5,662.01,324.59,35.79,13.56,0.05,0.17,120.94,7585.7752694990495,0.32,608.1645398586153,125599.37263157892,670.8879999999999,73551.41945050094,58841.135560400755,0.8,14710.283890100189,0.2,,,,,,1
EMS,Ventania I,MINCO,2026-04-01 00:00:00,0.5,662.01,324.59,35.79,13.56,0.05,0.17,113.72,7585.7752694990495,0.32,604.1822730434484,118101.21263157894,670.8879999999999,68707.60809050094,54966.086472400755,0.8,13741.521618100189,0.2,,,,,,1
EMS,Ventania I,MINCO,2026-05-01 00:00:00,0.5,662.01,324.59,35.79,13.56,0.05,0.17,105.37,7585.7752694990495,0.32,598.8962066100497,109429.51789473683,670.8879999999999,63105.693290500945,50484.55463240076,0.8,12621.13865810019,0.2,,,,,,1
EMS,Ventania I,MINCO,2026-06-01 00:00:00,0.5,662.01,324.59,35.79,13.56,0.05,0.17,89.61,7585.7752694990495,0.32,586.2347774857822,93062.34315789472,670.8879999999999,52532.49841050094,42025.99872840076,0.8,10506.49968210019,0.2,,,,,,1
EMS,Ventania I,MINCO,2026-07-01 00:00:00,0.5,662.01,324.59,35.79,13.56,0.05,0.17,99.21,7585.7752694990495,0.32,594.4261990777234,103032.19578947366,670.8879999999999,58973.023210500935,47178.41856840075,0.8,11794.604642100188,0.2,,,,,,1
EMS,Ventania I,MINCO,2026-08-01 00:00:00,0.5,662.01,324.59,35.79,13.56,0.05,0.17,121.11,7585.7752694990495,0.32,608.2525836883902,125775.92210526313,670.8879999999999,73665.47041050094,58932.37632840076,0.8,14733.09408210019,0.2,,,,,,1
EMS,Ventania I,MINCO,2026-09-01 00:00:00,0.5,662.01,324.59,35.79,13.56,0.05,0.17,114.6,7585.7752694990495,0.32,604.6944985209507,119015.11578947365,670.8879999999999,69297.98953050094,55438.391624400756,0.8,13859.597906100189,0.2,,,,,,1
EMS,Ventania I,MINCO,2026-10-01 00:00:00,0.5,662.01,324.59,35.79,13.56,0.05,0.17,118.18,7585.7752694990495,0.32,606.6996832839816,122733.04,670.8879999999999,71699.76857050095,57359.814856400764,0.8,14339.953714100191,0.2,,,,,,1
EMS,Ventania I,MINCO,2026-11-01 00:00:00,0.5,662.01,324.59,35.79,13.56,0.05,0.17,107.05,7585.7752694990495,0.32,600.026017099495,111174.24210526314,670.8879999999999,64232.78513050094,51386.228104400754,0.8,12846.557026100189,0.2,,,,,,1
EMS,Ventania I,MINCO,2026-12-01 00:00:00,0.5,662.01,324.59,35.79,13.56,0.05,0.17,116.84,7585.7752694990495,0.32,605.9635283336266,121341.4147368421,670.8879999999999,70800.77865050094,56640.622920400754,0.8,14160.155730100189,0.2,,,,,,1
EMS,Ventania II,NEXUS,2026-01-01 00:00:00,0.875,662.01,324.59,35.79,13.56,0.05,0.17,199.97,13206.038427393789,0.32,604.8479018483082,207674.107368421,670.8879999999999,120951.43493260618,96761.14794608495,0.8,24190.286986521238,0.2,,,,,,1
EMS,Ventania II,NEXUS,2026-02-01 00:00:00,0.875,662.01,324.59,35.79,13.56,0.05,0.17,194.28,13206.038427393789,0.32,602.9137441455949,201764.89263157893,670.8879999999999,117134.08221260618,93707.26577008495,0.8,23426.816442521238,0.2,,,,,,1
EMS,Ventania II,NEXUS,2026-03-01 00:00:00,0.875,662.01,324.59,35.79,13.56,0.05,0.17,214.77,13206.038427393789,0.32,609.3987862951352,223044.29684210525,670.8879999999999,130880.57733260619,104704.46186608495,0.8,26176.115466521238,0.2,,,,,,1
EMS,Ventania II,NEXUS,2026-04-01 00:00:00,0.875,662.01,324.59,35.79,13.56,0.05,0.17,202.63,13206.038427393789,0.32,605.7148349830044,210436.58736842102,670.8879999999999,122735.99701260618,98188.79761008495,0.8,24547.199402521237,0.2,,,,,,1
EMS,Ventania II,NEXUS,2026-05-01 00:00:00,0.875,662.01,324.59,35.79,13.56,0.05,0.17,189.07,13206.038427393789,0.32,601.0406501962564,196354.17052631575,670.8879999999999,113638.7557326062,90911.00458608496,0.8,22727.75114652124,0.2,,,,,,1
EMS,Ventania II,MINCO,2026-06-01 00:00:00,0.875,662.01,324.59,35.79,13.56,0.05,0.17,171.58,13206.038427393789,0.32,593.9207635657198,178190.34526315788,670.8879999999999,101904.9246126062,81523.93969008497,0.8,20380.984922521242,0.2,,,,,,1
EMS,Ventania II,MINCO,2026-07-01 00:00:00,0.875,662.01,324.59,35.79,13.56,0.05,0.17,181,13206.038427393789,0.32,597.9264617271061,187973.26315789472,670.8879999999999,108224.6895726062,86579.75165808498,0.8,21644.937914521244,0.2,,,,,,1
EMS,Ventania II,MINCO,2026-08-01 00:00:00,0.875,662.01,324.59,35.79,13.56,0.05,0.17,217.01,13206.038427393789,0.32,610.0334844136501,225370.59578947365,670.8879999999999,132383.3664526062,105906.69316208496,0.8,26476.67329052124,0.2,,,,,,1
EMS,Ventania II,MINCO,2026-09-01 00:00:00,0.875,662.01,324.59,35.79,13.56,0.05,0.17,204.19,13206.038427393789,0.32,606.2127542612576,212056.6884210526,670.8879999999999,123782.58229260618,99026.06583408495,0.8,24756.516458521237,0.2,,,,,,1
EMS,Ventania II,MINCO,2026-10-01 00:00:00,0.875,662.01,324.59,35.79,13.56,0.05,0.17,181,13206.038427393789,0.32,597.9264617271061,187973.26315789472,670.8879999999999,108224.6895726062,86579.75165808498,0.8,21644.937914521244,0.2,,,,,,1
EMS,Ventania II,MINCO,2026-11-01 00:00:00,0.875,662.01,324.59,35.79,13.56,0.05,0.17,203.55,13206.038427393789,0.32,606.0094029604824,211392.03157894735,670.8879999999999,123353.2139726062,98682.57117808497,0.8,24670.64279452124,0.2,,,,,,1
EMS,Ventania II,MINCO,2026-12-01 00:00:00,0.875,662.01,324.59,35.79,13.56,0.05,0.17,207.27,13206.038427393789,0.32,607.1738183654469,215255.34947368418,670.8879999999999,125848.91733260619,100679.13386608496,0.8,25169.78346652124,0.2,,,,,,1
EMS,Ventania III,NEXUS,2026-01-01 00:00:00,0.625,662.01,324.59,35.79,13.56,0.05,0.17,143.38,9459.196322130629,0.5,427.32708660809993,148903.9031578947,493.29999999999995,61270.15767786936,49016.12614229549,0.8,12254.031535573873,0.2,,,,,,1
EMS,Ventania III,NEXUS,2026-02-01 00:00:00,0.625,662.01,324.59,35.79,13.56,0.05,0.17,127.55,9459.196322130629,0.5,419.1393075489562,132464.03157894735,493.29999999999995,53461.218677869365,42768.97494229549,0.8,10692.243735573873,0.2,,,,,,1
EMS,Ventania III,NEXUS,2026-03-01 00:00:00,0.625,662.01,324.59,35.79,13.56,0.05,0.17,146.3,9459.196322130629,0.5,428.6438392198863,151936.4,493.29999999999995,62710.593677869365,50168.47494229549,0.8,12542.118735573873,0.2,,,,,,1
EMS,Ventania III,NEXUS,2026-04-01 00:00:00,0.625,662.01,324.59,35.79,13.56,0.05,0.17,145.98,9459.196322130629,0.5,428.502107671389,151604.07157894733,493.29999999999995,62552.737677869365,50042.1901422955,0.8,12510.547535573874,0.2,,,,,,1
EMS,Ventania III,NEXUS,2026-05-01 00:00:00,0.625,662.01,324.59,35.79,13.56,0.05,0.17,136.62,9459.196322130629,0.5,424.0627263787832,141883.46526315788,493.29999999999995,57935.449677869365,46348.35974229549,0.8,11587.089935573873,0.2,,,,,,1
EMS,Ventania III,NEXUS,2026-06-01 00:00:00,0.625,662.01,324.59,35.79,13.56,0.05,0.17,123.99,9459.196322130629,0.5,417.010006273646,128766.87789473681,493.29999999999995,51705.070677869364,41364.0565422955,0.8,10341.014135573874,0.2,,,,,,1
EMS,Ventania III,NEXUS,2026-07-01 00:00:00,0.625,662.01,324.59,35.79,13.56,0.05,0.17,130.51,9459.196322130629,0.5,420.821290919235,135538.06947368418,493.29999999999995,54921.38667786936,43937.109342295495,0.8,10984.277335573874,0.2,,,,,,1
EMS,Ventania III,AGROVA,2026-08-01 00:00:00,0.625,662.01,324.59,35.79,13.56,0.05,0.17,156.67,9459.196322130629,0.5,432.92343574308654,162705.9178947368,493.29999999999995,67826.11467786937,54260.8917422955,0.8,13565.222935573875,0.2,,,,,,1
EMS,Ventania III,AGROVA,2026-09-01 00:00:00,0.625,662.01,324.59,35.79,13.56,0.05,0.17,147.01,9459.196322130629,0.5,428.95610283565316,152673.7536842105,493.29999999999995,63060.83667786937,50448.6693422955,0.8,12612.167335573875,0.2,,,,,,1
EMS,Ventania III,AGROVA,2026-10-01 00:00:00,0.625,662.01,324.59,35.79,13.56,0.05,0.17,151.08,9459.196322130629,0.5,430.6894868802579,156900.55578947367,493.29999999999995,65068.56767786937,52054.854142295495,0.8,13013.713535573874,0.2,,,,,,1
EMS,Ventania III,AGROVA,2026-11-01 00:00:00,0.625,662.01,324.59,35.79,13.56,0.05,0.17,146.08,9459.196322130629,0.5,428.54646548377167,151707.9242105263,493.29999999999995,62602.06767786937,50081.6541422955,0.8,12520.413535573874,0.2,,,,,,1
EMS,Ventania III,AGROVA,2026-12-01 00:00:00,0.625,662.01,324.59,35.79,13.56,0.05,0.17,138.71,9459.196322130629,0.5,425.10595254754065,144053.98526315787,493.29999999999995,58966.44667786937,47173.1573422955,0.8,11793.289335573874,0.2,,,,,,1
EMS,Ventania IV,NEXUS,2026-01-01 00:00:00,3,662.01,324.59,35.79,13.56,0.05,0.17,672.93,45054.19632213063,0.352,572.3645221670446,698855.5136842104,639.3168,385161.2579018693,308129.00632149546,0.8,77032.25158037386,0.2,,0,,0,,1
EMS,Ventania IV,NEXUS,2026-02-01 00:00:00,3,662.01,324.59,35.79,13.56,0.05,0.17,656.22,45054.19632213063,0.352,570.6596479440879,681501.7389473683,639.3168,374478.27417386934,299582.6193390955,0.8,74895.65483477387,0.2,,0,,0,,1
EMS,Ventania IV,NEXUS,2026-03-01 00:00:00,3,662.01,324.59,35.79,13.56,0.05,0.17,722.57,45054.19632213063,0.352,576.9640918580475,750407.96,639.3168,416896.9438538694,333517.55508309556,0.8,83379.38877077389,0.2,,0,,0,,1
EMS,Ventania IV,NEXUS,2026-04-01 00:00:00,3,662.01,324.59,35.79,13.56,0.05,0.17,677.72,45054.19632213063,0.352,572.8377285219107,703830.054736842,639.3168,388223.58537386934,310578.8682990955,0.8,77644.71707477387,0.2,,0,,0,,1
EMS,Ventania IV,NEXUS,2026-05-01 00:00:00,3,662.01,324.59,35.79,13.56,0.05,0.17,630.88,45054.19632213063,0.352,567.9019567300744,655185.482105263,639.3168,358277.9864618693,286622.3891694955,0.8,71655.59729237387,0.2,,0,,0,,1
EMS,Ventania IV,NEXUS,2026-06-01 00:00:00,3,662.01,324.59,35.79,13.56,0.05,0.17,571.26,45054.19632213063,0.352,560.4486903439229,593268.5431578946,639.3168,320161.91884586937,256129.5350766955,0.8,64032.38376917387,0.2,,0,,0,,1
EMS,Ventania IV,NEXUS,2026-07-01 00:00:00,3,662.01,324.59,35.79,13.56,0.05,0.17,636.8,45054.19632213063,0.352,568.5658635644933,661333.5578947366,639.3168,362062.7419178693,289650.1935342955,0.8,72412.54838357387,0.2,,0,,0,,1
EMS,Ventania IV,NOVASOL,2026-08-01 00:00:00,3,662.01,324.59,35.79,13.56,0.05,0.17,723.02,45054.19632213063,0.352,577.0028995240372,750875.2968421051,639.3168,417184.63641386933,333747.7091310955,0.8,83436.92728277388,0.2,,0,,0,,1
EMS,Ventania IV,NOVASOL,2026-09-01 00:00:00,3,662.01,324.59,35.79,13.56,0.05,0.17,683.48,45054.19632213063,0.352,573.397978202536,709811.9663157894,639.3168,391906.05014186935,313524.8401134955,0.8,78381.21002837387,0.2,,0,,0,,1
EMS,Ventania IV,NOVASOL,2026-10-01 00:00:00,3,662.01,324.59,35.79,13.56,0.05,0.17,705.81,45054.19632213063,0.352,575.4834789615751,733002.2589473682,639.3168,406181.9942858693,324945.59542869544,0.8,81236.39885717386,0.2,,0,,0,,1
EMS,Ventania IV,NOVASOL,2026-11-01 00:00:00,3,662.01,324.59,35.79,13.56,0.05,0.17,506.72,45054.19632213063,0.352,550.4034034059625,526242.054736842,639.3168,278900.41257386934,223120.3300590955,0.8,55780.08251477387,0.2,,0,,0,,1
EMS,Ventania IV,NOVASOL,2026-12-01 00:00:00,3,662.01,324.59,35.79,13.56,0.05,0.17,699.71,45054.19632213063,0.352,574.9269866171262,726667.2484210526,639.3168,402282.1618058694,321825.7294446955,0.8,80456.43236117388,0.2,,0,,0,,1
COPEL,Guaíra I,TELMO,2026-01-01 00:00:00,1,457.17,310.85,25.33,25.33,0.05,0.19,227.24,28193.326900584794,0.245,493.9349576149234,183710.38400000002,610.3737894736843,112241.7797684152,38526.3735777612,0.3432445000181876,5922.48752175388,0.05276544557626897,2931.039074516,0.026113619015695554,64861.879594384125,0.5778764353898479,,1
COPEL,Guaíra I,TELMO,2026-02-01 00:00:00,1,457.17,310.85,25.33,25.33,0.05,0.19,220.95,28193.326900584794,0.245,490.4029780195898,178625.28315789474,610.3737894736843,108354.53799342836,38526.3735777612,0.35555846844271355,5922.48752175388,0.05465841700246164,2931.039074516,0.027050450574518308,60974.63781939728,0.5627326639803065,,1
COPEL,Guaíra I,TELMO,2026-03-01 00:00:00,1,457.17,310.85,25.33,25.33,0.05,0.19,250.85,28193.326900584794,0.245,505.612284243601,202797.70210526316,610.3737894736843,126832.8415025073,38526.3735777612,0.30375707995944873,5922.48752175388,0.0466952206667766,2931.039074516,0.023109464707987776,79452.94132847623,0.6264382346657869,,1
COPEL,Guaíra I,TELMO,2026-04-01 00:00:00,1,457.17,310.85,25.33,25.33,0.05,0.19,223.9,28193.326900584794,0.245,492.0841813571351,181010.18736842106,610.3737894736843,110177.64820586256,38526.3735777612,0.3496750403110457,5922.48752175388,0.05375398384514387,2931.039074516,0.026602846604961743,62797.74803183148,0.5699681292388488,,1
COPEL,Guaíra I,TELMO,2026-05-01 00:00:00,1,457.17,310.85,25.33,25.33,0.05,0.19,184.57,28193.326900584794,0.245,465.2520564101023,149214.15936842107,610.3737894736843,85871.57205161257,38526.3735777612,0.4486510804134943,5922.48752175388,0.06896912890093833,2931.039074516,0.03413282189307443,38491.671877581495,0.448246968792493,,1
COPEL,Guaíra I,TELMO,2026-06-01 00:00:00,1,457.17,310.85,25.33,25.33,0.05,0.19,149.31,28193.326900584794,0.245,429.17935829522435,120708.49073684211,610.3737894736843,64080.769987059946,38526.3735777612,0.6012158341034443,5922.48752175388,0.09242222780640477,2931.039074516,0.04573976054138979,16700.869813028865,0.2606221775487612,,1
COPEL,Guaíra I,TELMO,2026-07-01 00:00:00,1,457.17,310.85,25.33,25.33,0.05,0.19,174.47,28193.326900584794,0.245,456.4093373474369,141048.89410526317,610.3737894736843,79629.73708700732,38526.3735777612,0.48381892226600487,5922.48752175388,0.07437532432491498,2931.039074516,0.03680834800840048,32249.83691297624,0.40499740540067963,,1
COPEL,Guaíra I,TELMO,2026-08-01 00:00:00,1,457.17,310.85,25.33,25.33,0.05,0.19,221.98,28193.326900584794,0.245,490.9950516223341,179457.9785263158,610.3737894736843,108991.08155912571,38526.3735777612,0.3534818906890224,5922.48752175388,0.0543391939691968,2931.039074516,0.026892467095355536,61611.181385094635,0.5652864482464253,,1
COPEL,Guaíra I,TELMO,2026-09-01 00:00:00,1,457.17,310.85,25.33,25.33,0.05,0.19,225.68,28193.326900584794,0.245,493.0773412262563,182449.2143157895,610.3737894736843,111277.69436794153,38526.3735777612,0.34621829465996223,5922.48752175388,0.05322259375873729,2931.039074516,0.026339861651199125,63897.79419391045,0.5742192499301013,,1
COPEL,Guaíra I,TELMO,2026-10-01 00:00:00,1,457.17,310.85,25.33,25.33,0.05,0.19,246.34,28193.326900584794,0.245,503.5546232426703,199151.62821052634,610.3737894736843,124045.6458895994,38526.3735777612,0.31058223206036323,5922.48752175388,0.04774442084831331,2931.039074516,0.023628713877830294,76665.74571556832,0.6180446332134932,,1
COPEL,Guaíra I,TELMO,2026-11-01 00:00:00,1,457.17,310.85,25.33,25.33,0.05,0.19,255.05,28193.326900584794,0.245,507.4630701519081,206193.15894736844,610.3737894736843,129428.45604224416,38526.3735777612,0.297665403388468,5922.48752175388,0.045758774405999555,2931.039074516,0.022646017453529215,82048.55586821308,0.6339298047520033,,1
COPEL,Guaíra I,TELMO,2026-12-01 00:00:00,1,457.17,310.85,25.33,25.33,0.05,0.19,267.91,28193.326900584794,0.245,512.7691409859044,216589.72442105267,610.3737894736843,137375.98056153365,38526.3735777612,0.2804447576663841,5922.48752175388,0.04311152137036846,2931.039074516,0.021335891926195383,89996.08038750257,0.655107829037052,,0.9999999999999999
COPEL,Guaíra II,TELMO,2026-01-01 00:00:00,1,457.17,310.85,25.33,25.33,0.05,0.19,245.76,28193.326900584794,0.245,503.28452100313706,198682.73178947368,610.3737894736843,123687.20388173097,38526.3735777612,0.31148229055771937,5922.48752175388,0.047882782825432214,2931.039074516,0.02369718922030644,76307.30370769989,0.616937737396542,,1
COPEL,Guaíra II,TELMO,2026-02-01 00:00:00,1,457.17,310.85,25.33,25.33,0.05,0.19,219.25,28193.326900584794,0.245,489.4136014061427,177250.93157894738,610.3737894736843,107303.93210829678,38526.3735777612,0.35903971849678684,5922.48752175388,0.055193574041411585,2931.039074516,0.027315299793094636,59924.0319342657,0.5584514076687069,,1
COPEL,Guaíra II,TELMO,2026-03-01 00:00:00,1,457.17,310.85,25.33,25.33,0.05,0.19,249.06,28193.326900584794,0.245,504.80452624190934,201350.59073684213,610.3737894736843,125726.61530580994,38526.3735777612,0.306429736329511,5922.48752175388,0.04710607620628594,2931.039074516,0.02331279711449095,78346.71513177887,0.6231513903497121,,1
COPEL,Guaíra II,TELMO,2026-04-01 00:00:00,1,457.17,310.85,25.33,25.33,0.05,0.19,222.07,28193.326900584794,0.245,491.046525287934,179530.73831578947,610.3737894736843,109046.7018706915,38526.3735777612,0.35330159387531135,5922.48752175388,0.054311477744432984,2931.039074516,0.026878750335719927,61666.80169666042,0.5655081780445358,,1
COPEL,Guaíra II,TELMO,2026-05-01 00:00:00,1,457.17,310.85,25.33,25.33,0.05,0.19,161.82,28193.326900584794,0.245,443.7769947763236,130822.10147368422,610.3737894736843,71811.99329470468,38526.3735777612,0.5364894053233596,5922.48752175388,0.08247212269194311,2931.039074516,0.04081545352024271,24432.093120673595,0.3402230184644545,,1
COPEL,Guaíra II,TELMO,2026-06-01 00:00:00,1,457.17,310.85,25.33,25.33,0.05,0.19,152.43,28193.326900584794,0.245,433.0442877911652,123230.83010526317,610.3737894736843,66008.94078800731,38526.3735777612,0.5836538674585243,5922.48752175388,0.08972250502813543,2931.039074516,0.044403667738424295,18629.04061397623,0.28221995977491593,,1
COPEL,Guaíra II,TELMO,2026-07-01 00:00:00,1,457.17,310.85,25.33,25.33,0.05,0.19,186.49,28193.326900584794,0.245,466.8247021199497,150766.36821052633,610.3737894736843,87058.13869834942,38526.3735777612,0.44253615059761947,5922.48752175388,0.06802910802256984,2931.039074516,0.033667605560369865,39678.23852431834,0.45576713581944084,,1
COPEL,Guaíra II,TELMO,2026-08-01 00:00:00,1,457.17,310.85,25.33,25.33,0.05,0.19,223.09,28193.326900584794,0.245,491.6269909084695,180355.3492631579,610.3737894736843,109677.06540177047,38526.3735777612,0.351271010366943,5922.48752175388,0.05399932520129479,2931.039074516,0.02672426604212083,62297.16522773939,0.5680053983896414,,1
COPEL,Guaíra II,TELMO,2026-09-01 00:00:00,1,457.17,310.85,25.33,25.33,0.05,0.19,224.03,28193.326900584794,0.245,492.1572497250459,181115.28484210526,610.3737894736843,110257.98865590204,38526.3735777612,0.3494202465274058,5922.48752175388,0.053714815533566815,2931.039074516,0.026583462207562258,62878.08848187096,0.5702814757314651,,1
COPEL,Guaíra II,TELMO,2026-10-01 00:00:00,1,457.17,310.85,25.33,25.33,0.05,0.19,244.81,28193.326900584794,0.245,502.8393472202157,197914.7117894737,610.3737894736843,123100.100592981,38526.3735777612,0.31296784805355327,5922.48752175388,0.04811115095133864,2931.039074516,0.023810208605817527,75720.20041894993,0.6151107923892906,,1
COPEL,Guaíra II,TELMO,2026-11-01 00:00:00,1,457.17,310.85,25.33,25.33,0.05,0.19,235.19,28193.326900584794,0.245,498.1287779670051,190137.49873684213,610.3737894736843,117154.90729005993,38526.3735777612,0.32884984904964365,5922.48752175388,0.05055262010570834,2931.039074516,0.025018491690315097,69775.00711602885,0.595579039154333,,1
COPEL,Guaíra II,TELMO,2026-12-01 00:00:00,1,457.17,310.85,25.33,25.33,0.05,0.19,266.23,28193.326900584794,0.245,512.1050773603233,215231.54168421056,610.3737894736843,136337.73474563888,38526.3735777612,0.28258041436318915,5922.48752175388,0.04343982634597299,2931.039074516,0.02149837005862206,88957.8345716078,0.6524813892322159,,1
COPEL,Guaíra III,TELMO,2026-01-01 00:00:00,1,457.17,310.85,25.33,25.33,0.05,0.19,232.62,28193.326900584794,0.245,496.80439512133836,188059.8025263158,610.3737894736843,115566.63839312573,38526.3735777612,0.3333693366307423,5922.48752175388,0.05124738076751195,2931.039074516,0.025362328741841706,68186.73821909465,0.590020953859904,,1
COPEL,Guaíra III,TELMO,2026-02-01 00:00:00,1,457.17,310.85,25.33,25.33,0.05,0.19,215.56,28193.326900584794,0.245,487.2123739752246,174267.78021052634,610.3737894736843,105023.49933409941,38526.3735777612,0.36683574459085194,5922.48752175388,0.056392022350286945,2931.039074516,0.027908411861157053,57643.599160068334,0.548863821197704,,1
COPEL,Guaíra III,TELMO,2026-03-01 00:00:00,1,457.17,310.85,25.33,25.33,0.05,0.19,243.28,28193.326900584794,0.245,502.1150743849168,196677.79536842107,610.3737894736843,122154.55529636255,38526.3735777612,0.31539039607889613,5922.48752175388,0.04848355845089174,2931.039074516,0.023994513077346357,74774.65512233147,0.6121315323928659,,1
COPEL,Guaíra III,TELMO,2026-04-01 00:00:00,1,457.17,310.85,25.33,25.33,0.05,0.19,214.61,28193.326900584794,0.245,486.63340965169107,173499.76021052635,610.3737894736843,104436.39604534942,38526.3735777612,0.3688979612148996,5922.48752175388,0.056709037711164964,2931.039074516,0.028065302763255584,57056.495871318344,0.54632769831068,,1
COPEL,Guaíra III,TELMO,2026-05-01 00:00:00,1,457.17,310.85,25.33,25.33,0.05,0.19,176.36,28193.326900584794,0.245,458.1410956559815,142576.84968421055,610.3737894736843,80797.7636298889,38526.3735777612,0.476824751663169,5922.48752175388,0.07330014168316683,2931.039074516,0.03627624011899932,33417.86345585782,0.4135988665346649,,1
COPEL,Guaíra III,TELMO,2026-06-01 00:00:00,1,457.17,310.85,25.33,25.33,0.05,0.19,155.49,28193.326900584794,0.245,436.68423294902664,125704.66294736843,610.3737894736843,67900.03138124416,38526.3735777612,0.5673984649792553,5922.48752175388,0.08722363452971588,2931.039074516,0.043166976728756454,20520.13120721308,0.3022109237622723,,1
COPEL,Guaíra III,TELMO,2026-07-01 00:00:00,1,457.17,310.85,25.33,25.33,0.05,0.19,168.08,28193.326900584794,0.245,450.26591483719807,135882.9490526316,610.3737894736843,75680.69496583626,38526.3735777612,0.5090647435934984,5922.48752175388,0.0782562518014324,2931.039074516,0.038729019016528955,28300.794791805176,0.3739499855885402,,1
COPEL,Guaíra III,TELMO,2026-08-01 00:00:00,1,457.17,310.85,25.33,25.33,0.05,0.19,202.71,28193.326900584794,0.245,478.92138942049405,163879.29915789474,610.3737894736843,97082.15484942835,38526.3735777612,0.3968430000087504,5922.48752175388,0.06100490384602082,2931.039074516,0.03019132691339575,49702.25467539727,0.5119607692318331,,1
COPEL,Guaíra III,TELMO,2026-09-01 00:00:00,1,457.17,310.85,25.33,25.33,0.05,0.19,203.91,28193.326900584794,0.245,479.73988035721095,164849.42968421054,610.3737894736843,97823.75900363889,38526.3735777612,0.39383452414998776,5922.48752175388,0.060542424274797835,2931.039074516,0.029962445773597496,50443.85882960781,0.515660605801617,,1
COPEL,Guaíra III,TELMO,2026-10-01 00:00:00,1,457.17,310.85,25.33,25.33,0.05,0.19,239.02,28193.326900584794,0.245,500.0496215752457,193233.83200000002,610.3737894736843,119521.86054891523,38526.3735777612,0.32233746530404783,5922.48752175388,0.04955150040799488,2931.039074516,0.024523037551916704,72141.96037488415,0.6035879967360407,,1
COPEL,Guaíra III,TELMO,2026-11-01 00:00:00,1,457.17,310.85,25.33,25.33,0.05,0.19,249.54,28193.326900584794,0.245,505.02226884465074,201738.64294736844,610.3737894736843,126023.25696749415,38526.3735777612,0.3057084422734648,5922.48752175388,0.046995194889158425,2931.039074516,0.023257921950644543,78643.35679346307,0.6240384408867323,,1
COPEL,Guaíra III,TELMO,2026-12-01 00:00:00,1,457.17,310.85,25.33,25.33,0.05,0.19,246.01,28193.326900584794,0.245,503.40110055360157,198884.8423157895,610.3737894736843,123841.70474719151,38526.3735777612,0.3110936954268219,5922.48752175388,0.04782304582970617,2931.039074516,0.02366762538112162,76461.80457316044,0.6174156333623503,,1
COPEL,Guaíra IV,TELMO,2026-01-01 00:00:00,1,457.17,310.85,25.33,25.33,0.05,0.19,228.87,28193.326900584794,0.245,494.81856692103736,185028.14463157897,610.3737894736843,113249.12541121783,38526.3735777612,0.34019135633823616,5922.48752175388,0.052296099420183526,2931.039074516,0.025881339603048868,65869.22523718675,0.5816312046385315,,1
COPEL,Guaíra IV,TELMO,2026-02-01 00:00:00,1,457.17,310.85,25.33,25.33,0.05,0.19,219.67,28193.326900584794,0.245,489.6594599274842,177590.4772631579,610.3737894736843,107563.49356227045,38526.3735777612,0.35817331979327716,5922.48752175388,0.055060386434224964,2931.039074516,0.027249385246297976,60183.59338823937,0.5595169085262,,1
COPEL,Guaíra IV,TELMO,2026-03-01 00:00:00,1,457.17,310.85,25.33,25.33,0.05,0.19,233.08,28193.326900584794,0.245,497.04359012173114,188431.68589473687,610.3737894736843,115850.9199855731,38526.3735777612,0.33255129594619437,5922.48752175388,0.051121627022827326,2931.039074516,0.02530009321359728,68471.01981154202,0.5910269838173811,,1
COPEL,Guaíra IV,TELMO,2026-04-01 00:00:00,1,457.17,310.85,25.33,25.33,0.05,0.19,202.15,28193.326900584794,0.245,478.5361014632539,163426.5715789474,610.3737894736843,96736.07291079678,38526.3735777612,0.3982627412763336,5922.48752175388,0.06122315433680239,2931.039074516,0.03029933908128355,49356.1727367657,0.5102147653055805,,1
COPEL,Guaíra IV,TELMO,2026-05-01 00:00:00,1,457.17,310.85,25.33,25.33,0.05,0.19,179.29,28193.326900584794,0.245,460.75360462427483,144945.5850526316,610.3737894736843,82608.51377308623,38526.3735777612,0.4663729174887184,5922.48752175388,0.0716934278471842,2931.039074516,0.035481077441571515,35228.613599055156,0.42645257722252594,,1
COPEL,Guaíra IV,TELMO,2026-06-01 00:00:00,1,457.17,310.85,25.33,25.33,0.05,0.19,147.77,28193.326900584794,0.245,427.21150880302565,119463.48989473686,610.3737894736843,63129.044655823105,38526.3735777612,0.6102796864391877,5922.48752175388,0.09381557338690982,2931.039074516,0.046429327269181746,15749.144481792024,0.24947541290472075,,1
COPEL,Guaíra IV,TELMO,2026-07-01 00:00:00,1,457.17,310.85,25.33,25.33,0.05,0.19,182.54,28193.326900584794,0.245,463.55333090869453,147573.02189473686,610.3737894736843,84617.0250240731,38526.3735777612,0.4553028609408172,5922.48752175388,0.0699916774439773,2931.039074516,0.03463888116702442,37237.12485004202,0.44006658044818114,,1
COPEL,Guaíra IV,TELMO,2026-08-01 00:00:00,1,457.17,310.85,25.33,25.33,0.05,0.19,218.35,28193.326900584794,0.245,488.883576792484,176523.33368421052,610.3737894736843,106747.72899263888,38526.3735777612,0.3609104750173927,5922.48752175388,0.05548115709480137,2931.039074516,0.02745762464621724,59367.8288186078,0.5561507432415888,,1
COPEL,Guaíra IV,TELMO,2026-09-01 00:00:00,1,457.17,310.85,25.33,25.33,0.05,0.19,207.76,28193.326900584794,0.245,482.3020424130294,167961.9317894737,610.3737894736843,100203.07233173099,38526.3735777612,0.3844829572711732,5922.48752175388,0.05910484962124684,2931.039074516,0.029250990077555106,52823.17215769991,0.5271612030300249,,1
COPEL,Guaíra IV,TELMO,2026-10-01 00:00:00,1,457.17,310.85,25.33,25.33,0.05,0.19,243.6,28193.326900584794,0.245,502.2673087198359,196936.49684210526,610.3737894736843,122352.31640415202,38526.3735777612,0.31488062269701184,5922.48752175388,0.0484051932632875,2931.039074516,0.023955730146001022,74972.41623012094,0.6127584538936997,,1
COPEL,Guaíra IV,TELMO,2026-11-01 00:00:00,1,457.17,310.85,25.33,25.33,0.05,0.19,254.17,28193.326900584794,0.245,507.0803517166585,205481.72989473684,610.3737894736843,128884.61299582309,38526.3735777612,0.29892143586612446,5922.48752175388,0.04595185867490495,2931.039074516,0.022741574858210493,81504.71282179201,0.6323851306007602,,1
COPEL,Guaíra IV,TELMO,2026-12-01 00:00:00,1,457.17,310.85,25.33,25.33,0.05,0.19,265.75,28193.326900584794,0.245,511.91380276182383,214843.48947368423,610.3737894736843,136041.09308395468,38526.3735777612,0.2831965893863079,5922.48752175388,0.04353454818316515,2931.039074516,0.021545247895848465,88661.1929099236,0.6517236145346785,,1
COPEL,Guaíra V,TELMO,2026-01-01 00:00:00,1,457.17,310.85,25.33,25.33,0.05,0.19,232.06,28193.326900584794,0.245,496.51192128972747,187607.07494736844,610.3737894736843,115220.55645449416,38526.3735777612,0.334370660611911,5922.48752175388,0.05140130983565368,2931.039074516,0.025438508237665042,67840.65628046308,0.5887895213147702,,1
COPEL,Guaíra V,TELMO,2026-02-01 00:00:00,1,457.17,310.85,25.33,25.33,0.05,0.19,215.27,28193.326900584794,0.245,487.0361793569247,174033.33200000002,610.3737894736843,104844.2783301652,38526.3735777612,0.3674628142933825,5922.48752175388,0.056488418977937646,2931.039074516,0.027956118552181383,57464.37815613412,0.5480926481764985,,1
COPEL,Guaíra V,TELMO,2026-03-01 00:00:00,1,457.17,310.85,25.33,25.33,0.05,0.19,228.88,28193.326900584794,0.245,494.8239489943912,185036.2290526316,610.3737894736843,113255.30544583625,38526.3735777612,0.34017279301927483,5922.48752175388,0.05229324576398126,2931.039074516,0.025879927328594367,65875.40527180517,0.5816540338881496,,1
COPEL,Guaíra V,TELMO,2026-04-01 00:00:00,1,457.17,310.85,25.33,25.33,0.05,0.19,213.63,28193.326900584794,0.245,486.0307665250393,172707.48694736842,610.3737894736843,103830.75265274415,38526.3735777612,0.3710497380926284,5922.48752175388,0.0570398207702615,2931.039074516,0.02822900729920246,56450.852478713074,0.5436814338379077,,1
COPEL,Guaíra V,TELMO,2026-05-01 00:00:00,1,457.17,310.85,25.33,25.33,0.05,0.19,175.31,28193.326900584794,0.245,457.1836175629153,141727.9854736842,610.3737894736843,80148.85999495468,38526.3735777612,0.4806852347018587,5922.48752175388,0.07389359651686496,2931.039074516,0.036569940916196524,32768.9598209236,0.4088512278650799,,1
COPEL,Guaíra V,TELMO,2026-06-01 00:00:00,1,457.17,310.85,25.33,25.33,0.05,0.19,145.12,28193.326900584794,0.245,423.72750469915604,117321.11831578948,610.3737894736843,61491.335481941525,38526.3735777612,0.6265333689016307,5922.48752175388,0.0963141794748167,2931.039074516,0.047665887422086856,14111.435307910444,0.22948656420146576,,1
COPEL,Guaíra V,TELMO,2026-07-01 00:00:00,1,457.17,310.85,25.33,25.33,0.05,0.19,165.41,28193.326900584794,0.245,447.5583442519668,133724.40863157896,610.3737894736843,74030.62572271783,38526.3735777612,0.5204112919707308,5922.48752175388,0.080000506059973,2931.039074516,0.03959225044908069,26650.725548686747,0.3599959515202155,,1
COPEL,Guaíra V,TELMO,2026-08-01 00:00:00,1,457.17,310.85,25.33,25.33,0.05,0.19,213.42,28193.326900584794,0.245,485.90090865784515,172537.71410526315,610.3737894736843,103700.9719257573,38526.3735777612,0.37151410312087924,5922.48752175388,0.05711120553425449,2931.039074516,0.02826433561890259,56321.071751726224,0.5431103557259637,,1
COPEL,Guaíra V,TELMO,2026-09-01 00:00:00,1,457.17,310.85,25.33,25.33,0.05,0.19,201.77,28193.326900584794,0.245,478.2734380497437,163119.36357894738,610.3737894736843,96501.23159529679,38526.3735777612,0.3992319366381939,5922.48752175388,0.061372144415642114,2931.039074516,0.03037307427130133,49121.33142126571,0.5090228446748627,,1
COPEL,Guaíra V,TELMO,2026-10-01 00:00:00,1,457.17,310.85,25.33,25.33,0.05,0.19,238.43,28193.326900584794,0.245,499.7577423412673,192756.85115789477,610.3737894736843,119157.23850642837,38526.3735777612,0.32332382036264423,5922.48752175388,0.049703128370454555,2931.039074516,0.024598078230537997,71777.3383323973,0.6023749730363632,,1
COPEL,Guaíra V,TELMO,2026-11-01 00:00:00,1,457.17,310.85,25.33,25.33,0.05,0.19,249.05,28193.326900584794,0.245,504.7999810126139,201342.5063157895,610.3737894736843,125720.4352711915,38526.3735777612,0.30644479948431597,5922.48752175388,0.0471083917978687,2931.039074516,0.023313943100765254,78340.53509716042,0.6231328656170502,,1.0000000000000002
COPEL,Guaíra V,TELMO,2026-12-01 00:00:00,1,457.17,310.85,25.33,25.33,0.05,0.19,260.49,28193.326900584794,0.245,509.77156464611005,210591.08400000003,610.3737894736843,132790.39487466522,38526.3735777612,0.2901292191662242,5922.48752175388,0.04460027042877495,2931.039074516,0.022072673835200757,85410.49470063414,0.6431978365698001,,1
COPEL,Rubi,NOVASOL,2026-01-01 00:00:00,2.5,457.17,310.85,25.33,25.33,0.05,0.19,573.9,70187.80058479533,0.347,379.2173551998688,463964.92421052634,501.51706,217632.84014920468,174106.27211936377,0.8,43526.56802984094,0.2,,0,,0,,1
COPEL,Rubi,NOVASOL,2026-02-01 00:00:00,2.5,457.17,310.85,25.33,25.33,0.05,0.19,551.56,70187.80058479533,0.347,374.2638135992542,445904.32757894736,501.51706,206428.94902880464,165143.1592230437,0.8,41285.78980576093,0.2,,0,,0,,1
COPEL,Rubi,NOVASOL,2026-03-01 00:00:00,2.5,457.17,310.85,25.33,25.33,0.05,0.19,540.41,70187.80058479533,0.347,371.6382631886988,436890.1981052632,501.51706,200837.03380980468,160669.62704784377,0.8,40167.40676196094,0.2,,0,,0,,1
COPEL,Rubi,NOVASOL,2026-04-01 00:00:00,2.5,457.17,310.85,25.33,25.33,0.05,0.19,494.83,70187.80058479533,0.347,359.6748099650479,400041.4069473684,501.51706,177977.88621500466,142382.30897200372,0.8,35595.57724300093,0.2,,0,,0,,1
COPEL,Rubi,NOVASOL,2026-05-01 00:00:00,2.5,457.17,310.85,25.33,25.33,0.05,0.19,430.16,70187.80058479533,0.347,338.35032998141315,347759.45600000006,501.51706,145544.7779448047,116435.82235584376,0.8,29108.95558896094,0.2,,0,,0,,1
COPEL,Rubi,NOVASOL,2026-06-01 00:00:00,2.5,457.17,310.85,25.33,25.33,0.05,0.19,405,70187.80058479533,0.347,328.2138486795177,327419.052631579,501.51706,132926.60871520467,106341.28697216374,0.8,26585.321743040935,0.2,,0,,0,,1
COPEL,Rubi,NOVASOL,2026-07-01 00:00:00,2.5,457.17,310.85,25.33,25.33,0.05,0.19,453.81,70187.80058479533,0.347,346.85365332144437,366879.1117894737,501.51706,157405.65641380468,125924.52513104375,0.8,31481.131282760936,0.2,,0,,0,,1
COPEL,Rubi,NOVASOL,2026-08-01 00:00:00,2.5,457.17,310.85,25.33,25.33,0.05,0.19,542.34,70187.80058479533,0.347,372.1004567902141,438450.4913684211,501.51706,201804.9617356047,161443.9693884838,0.8,40360.99234712095,0.2,,0,,0,,1
COPEL,Rubi,NOVASOL,2026-09-01 00:00:00,2.5,457.17,310.85,25.33,25.33,0.05,0.19,546.16,70187.80058479533,0.347,373.00563370588225,441538.74021052633,501.51706,203720.75690480464,162976.60552384373,0.8,40744.15138096093,0.2,,0,,0,,1
COPEL,Rubi,NOVASOL,2026-10-01 00:00:00,2.5,457.17,310.85,25.33,25.33,0.05,0.19,591.3,70187.80058479533,0.347,382.8162303284368,478031.81684210524,501.51706,226359.23699320466,181087.38959456375,0.8,45271.84739864094,0.2,,0,,0,,1
COPEL,Rubi,NOVASOL,2026-11-01 00:00:00,2.5,457.17,310.85,25.33,25.33,0.05,0.19,648.55,70187.80058479533,0.347,393.2944085702023,524315.1273684211,501.51706,255071.08867820466,204056.87094256375,0.8,51014.21773564094,0.2,,0,,0,,1
COPEL,Rubi,NOVASOL,2026-12-01 00:00:00,2.5,457.17,310.85,25.33,25.33,0.05,0.19,626.06,70187.80058479533,0.347,389.4067182040135,506133.2644210526,501.51706,243791.96999880465,195033.57599904374,0.8,48758.393999760934,0.2,,0,,0,,1
COELBA,Estrela,SOLARA,2026-01-01 00:00:00,5,620.08,257.65,39.87,24.5,0.05,0.205,1285,135604.2154915591,0.25,552.7689276330279,1187245.3157894737,658.2975,710308.072008441,365745.7845084409,0.5149114854830124,344562.2875000001,0.4850885145169876,,0,,0,,1
COELBA,Estrela,SOLARA,2026-02-01 00:00:00,5,620.08,257.65,39.87,24.5,0.05,0.205,1082.23,135604.2154915591,0.25,532.9967640274626,999900.7767368421,658.2975,576825.0879334409,365745.7845084409,0.6340670545706982,211079.30342500005,0.36593294542930177,,0,,0,,1
COELBA,Estrela,SOLARA,2026-03-01 00:00:00,5,620.08,257.65,39.87,24.5,0.05,0.205,1170.71,135604.2154915591,0.25,542.4667515724994,1081649.7771578948,658.2975,635071.2507334409,365745.7845084409,0.5759129925753098,269325.466225,0.42408700742469013,,0,,0,,1
COELBA,Estrela,SOLARA,2026-04-01 00:00:00,5,620.08,257.65,39.87,24.5,0.05,0.205,945.01,135604.2154915591,0.25,514.8024941359785,873119.6076842105,658.2975,486493.504983441,365745.7845084409,0.751799933117072,120747.7204750001,0.24820006688292795,,0,,0,,1
COELBA,Estrela,SOLARA,2026-05-01 00:00:00,5,620.08,257.65,39.87,24.5,0.05,0.205,854.2,135604.2154915591,0.25,499.54754039854936,789217.8589473685,658.2975,426713.5090084409,365745.7845084409,0.8571225817488848,60967.72450000001,0.14287741825111516,,0,,0,,1
COELBA,Estrela,SOLARA,2026-06-01 00:00:00,5,620.08,257.65,39.87,24.5,0.05,0.205,765.23,135604.2154915591,0.25,481.0903655547233,707016.134631579,658.2975,368144.78043344093,365745.7845084409,0.9934835530679654,2398.995925000054,0.0065164469320346165,,0,,0,,1
COELBA,Estrela,SOLARA,2026-07-01 00:00:00,5,620.08,257.65,39.87,24.5,0.05,0.205,841.54,135604.2154915591,0.25,497.1593301072331,777520.9517894736,658.2975,418379.4626584409,365745.7845084409,0.8741963149539932,52633.67815000005,0.12580368504600675,,0,,0,,1
COELBA,Estrela,SOLARA,2026-08-01 00:00:00,5,620.08,257.65,39.87,24.5,0.05,0.205,969.19,135604.2154915591,0.25,518.3825034652037,895460.1460000001,658.2975,502411.1385334409,365745.7845084409,0.7279810427294031,136665.354025,0.27201895727059694,,0,,0,,1
COELBA,Estrela,SOLARA,2026-09-01 00:00:00,5,620.08,257.65,39.87,24.5,0.05,0.205,1006.5500000000001,135604.2154915591,0.25,523.5757122184103,929978.0331578949,658.2975,527005.133133441,365745.7845084409,0.6940080115231663,161259.3486250001,0.30599198847683373,,0,,0,,1
COELBA,Estrela,SOLARA,2026-10-01 00:00:00,5,620.08,257.65,39.87,24.5,0.05,0.205,1136.45,135604.2154915591,0.25,538.9748588881525,1049996.0615789474,658.2975,612517.978383441,365745.7845084409,0.5971184478106554,246772.1938750001,0.40288155218934457,,0,,0,,1
COELBA,Estrela,SOLARA,2026-11-01 00:00:00,5,620.08,257.65,39.87,24.5,0.05,0.205,1103.61,135604.2154915591,0.25,535.4241883305161,1019654.321368421,658.2975,590899.4884834408,365745.7845084409,0.6189644628854513,225153.70397499995,0.3810355371145487,,0,,0,,1
COELBA,Estrela,SOLARA,2026-12-01 00:00:00,5,620.08,257.65,39.87,24.5,0.05,0.205,1168.63,135604.2154915591,0.25,542.2605888377338,1079728.0104210528,658.2975,633701.991933441,365745.7845084409,0.5771573849603047,267956.20742500015,0.4228426150396954,,0,,0,,1
Elektro SP,Peroba 1,VERTA,2026-01-01 00:00:00,2.5,477.85,318.2,28.61,14.06,0.05,0.18,597.82,38952.336585365854,0.219,556.5577508374329,500941.6957894737,621.71505,332721.3546056342,202813.66341463415,0.609560103694047,129907.69119100002,0.390439896305953,,0,,0,,1
Elektro SP,Peroba 1,VERTA,2026-02-01 00:00:00,2.5,477.85,318.2,28.61,14.06,0.05,0.18,563.52,38952.336585365854,0.219,552.5917951281838,472200.10105263157,621.71505,311396.5283906341,202813.66341463415,0.6513035468404862,108582.86497599995,0.3486964531595138,,0,,0,,1
Elektro SP,Peroba 1,VERTA,2026-03-01 00:00:00,2.5,477.85,318.2,28.61,14.06,0.05,0.18,607.44,38952.336585365854,0.219,557.5896440580701,509002.74947368423,621.71505,338702.25338663417,202813.66341463415,0.5987963215087295,135888.58997200002,0.40120367849127053,,0,,0,,1
Elektro SP,Peroba 1,VERTA,2026-04-01 00:00:00,2.5,477.85,318.2,28.61,14.06,0.05,0.18,535.39,38952.336585365854,0.219,548.9599806386635,448628.64157894737,621.71505,293907.6840341341,202813.66341463415,0.6900590710349703,91094.02061949993,0.30994092896502967,,0,,0,,1
Elektro SP,Peroba 1,VERTA,2026-05-01 00:00:00,2.5,477.85,318.2,28.61,14.06,0.05,0.18,386.09,38952.336585365854,0.219,520.8257843226557,323523.09947368415,621.71505,201085.62706913415,202813.66341463415,1.0085935348571975,-1728.0363455000042,-0.008593534857197414,,0,,0,,1
Elektro SP,Peroba 1,VERTA,2026-06-01 00:00:00,2.5,477.85,318.2,28.61,14.06,0.05,0.18,397.35,38952.336585365854,0.219,523.684757851099,332958.38684210525,621.71505,208086.13853213418,202813.66341463415,0.9746620550763605,5272.475117500027,0.025337944923639465,,0,,0,,1
Elektro SP,Peroba 1,VERTA,2026-07-01 00:00:00,2.5,477.85,318.2,28.61,14.06,0.05,0.18,451.56,38952.336585365854,0.219,535.4533426181109,378383.51368421054,621.71505,241789.31139263415,202813.66341463415,0.838803263248024,38975.64797799999,0.161196736751976,,0,,0,,1
Elektro SP,Peroba 1,VERTA,2026-08-01 00:00:00,2.5,477.85,318.2,28.61,14.06,0.05,0.18,543.62,38952.336585365854,0.219,550.0614379449509,455524.9484210526,621.71505,299024.39889563416,202813.66341463415,0.678251220180265,96210.73548100001,0.32174877981973504,,0,,0,,1
Elektro SP,Peroba 1,VERTA,2026-09-01 00:00:00,2.5,477.85,318.2,28.61,14.06,0.05,0.18,549.07,38952.336585365854,0.219,550.772662717202,460091.7615789474,621.71505,302412.74591813417,202813.66341463415,0.6706518364458673,99599.08250350002,0.32934816355413266,,0,,0,,1
Elektro SP,Peroba 1,VERTA,2026-10-01 00:00:00,2.5,477.85,318.2,28.61,14.06,0.05,0.18,570.56,38952.336585365854,0.219,553.444690028453,478099.2505263157,621.71505,315773.4023426341,202813.66341463415,0.6422759545611397,112959.73892799995,0.35772404543886027,,0,,0,,1
Elektro SP,Peroba 1,VERTA,2026-11-01 00:00:00,2.5,477.85,318.2,28.61,14.06,0.05,0.18,583.76,38952.336585365854,0.219,554.9884216161336,489160.1557894737,621.71505,323980.0410026341,202813.66341463415,0.6260066601231932,121166.37758799994,0.37399333987680683,,0,,0,,1
Elektro SP,Peroba 1,VERTA,2026-12-01 00:00:00,2.5,477.85,318.2,28.61,14.06,0.05,0.18,655.3,38952.336585365854,0.219,562.2730591784436,549106.9105263157,621.71505,368457.5356796341,202813.66341463415,0.5504397217457815,165643.87226499993,0.44956027825421846,,0,,0,,1
Elektro SP,Peroba 2,TELCO,2026-01-01 00:00:00,1.25,477.85,318.2,28.61,14.06,0.05,0.18,299.33,19527.336585365854,0.175,626.0697614370425,250822.78578947365,691.3065789473684,187401.46169094992,136786.88,0.7299136237559335,50614.581690949904,0.27008637624406645,,0,,0,,1
Elektro SP,Peroba 2,TELCO,2026-02-01 00:00:00,1.25,477.85,318.2,28.61,14.06,0.05,0.18,241.64,19527.336585365854,0.175,610.4948897180775,202481.60210526313,691.3065789473684,147519.98515147623,136786.88,0.9272430434394684,10733.105151476215,0.07275695656053155,,0,,0,,1
Elektro SP,Peroba 2,TELCO,2026-03-01 00:00:00,1.25,477.85,318.2,28.61,14.06,0.05,0.18,303.65,19527.336585365854,0.175,626.9978795060186,254442.71842105262,691.3065789473684,190387.90611200256,136786.88,0.7184641230285403,53601.026112002546,0.28153587697145954,,0,,0,,0.9999999999999999
Elektro SP,Peroba 2,TELCO,2026-04-01 00:00:00,1.25,477.85,318.2,28.61,14.06,0.05,0.18,267.52,19527.336585365854,0.175,618.3126473334111,224167.67999999996,691.3065789473684,165410.9994146341,136786.88,0.8269515357749438,28624.119414634093,0.17304846422505615,,0,,0,,1
Elektro SP,Peroba 2,TELCO,2026-05-01 00:00:00,1.25,477.85,318.2,28.61,14.06,0.05,0.18,223.23,19527.336585365854,0.175,603.8302693771232,187054.99105263155,691.3065789473684,134793.0310330552,136786.88,1.0147919291647642,-1993.8489669448245,-0.01479192916476427,,0,,0,,1
Elektro SP,Peroba 2,TELCO,2026-06-01 00:00:00,1.25,477.85,318.2,28.61,14.06,0.05,0.18,198.45,19527.336585365854,0.175,592.9073016212618,166290.65526315788,691.3065789473684,117662.4540067394,136786.88,1.1625363515889717,-19124.425993260615,-0.16253635158897176,,0,,0,,1
Elektro SP,Peroba 2,TELCO,2026-07-01 00:00:00,1.25,477.85,318.2,28.61,14.06,0.05,0.18,225.56,19527.336585365854,0.175,604.7338861589047,189007.40842105262,691.3065789473684,136403.77536200255,136786.88,1.0028086072909692,-383.10463799746503,-0.002808607290969345,,0,,0,,0.9999999999999999
Elektro SP,Peroba 2,TELCO,2026-08-01 00:00:00,1.25,477.85,318.2,28.61,14.06,0.05,0.18,271.63,19527.336585365854,0.175,619.4171095022929,227611.64368421052,691.3065789473684,168252.26945410782,136786.88,0.8129868348510434,31465.38945410781,0.1870131651489566,,0,,0,,1
Elektro SP,Peroba 2,TELCO,2026-09-01 00:00:00,1.25,477.85,318.2,28.61,14.06,0.05,0.18,274.49,19527.336585365854,0.175,620.1661491125261,230008.17315789472,691.3065789473684,170229.4062698973,136786.88,0.8035443640279492,33442.52626989729,0.19645563597205082,,0,,0,,1
Elektro SP,Peroba 2,TELCO,2026-10-01 00:00:00,1.25,477.85,318.2,28.61,14.06,0.05,0.18,297.77,19527.336585365854,0.175,625.7279894811164,249515.58789473682,691.3065789473684,186323.023427792,136786.88,0.7341383661746487,49536.143427792,0.26586163382535133,,0,,0,,1
Elektro SP,Peroba 2,TELCO,2026-11-01 00:00:00,1.25,477.85,318.2,28.61,14.06,0.05,0.18,315.71,19527.336585365854,0.175,629.4544469738299,264548.3636842105,691.3065789473684,198725.06345410782,136786.88,0.6883222358693,61938.183454107806,0.3116777641307,,0,,0,,1
Elektro SP,Peroba 2,TELCO,2026-12-01 00:00:00,1.25,477.85,318.2,28.61,14.06,0.05,0.18,277.51,19527.336585365854,0.175,620.9403341800956,232538.7742105263,691.3065789473684,172317.15213831834,136786.88,0.7938088478284604,35530.27213831833,0.20619115217153955,,0,,0,,1
Elektro SP,Peroba 3,TELCO,2026-01-01 00:00:00,1.25,477.85,318.2,28.61,14.06,0.05,0.18,261.938,19527.336585365854,0.175,616.7571184438682,219490.25778947366,691.3065789473684,161552.12609094993,136786.88,0.8467043010191788,24765.246090949913,0.1532956989808211,,0,,0,,0.9999999999999999
Elektro SP,Peroba 3,TELCO,2026-02-01 00:00:00,1.25,477.85,318.2,28.61,14.06,0.05,0.18,287.19,19527.336585365854,0.175,623.3120924214941,240650.1047368421,691.3065789473684,179008.9998225289,136786.88,0.7641340945740813,42222.119822528875,0.2358659054259186,,0,,0,,0.9999999999999999
Elektro SP,Peroba 3,TELCO,2026-03-01 00:00:00,1.25,477.85,318.2,28.61,14.06,0.05,0.18,311.49,19527.336585365854,0.175,628.6164874986353,261012.22578947368,691.3065789473684,195807.74969094992,136786.88,0.6985774578171468,59020.869690949905,0.30142254218285314,,0,,0,,0.9999999999999999
Elektro SP,Peroba 3,TELCO,2026-04-01 00:00:00,1.25,477.85,318.2,28.61,14.06,0.05,0.18,277.32,19527.336585365854,0.175,620.8921242186584,232379.5642105263,691.3065789473684,172185.80388831833,136786.88,0.7944143878941468,35398.92388831832,0.2055856121058532,,0,,0,,1
Elektro SP,Peroba 3,TELCO,2026-05-01 00:00:00,1.25,477.85,318.2,28.61,14.06,0.05,0.18,234.99,19527.336585365854,0.175,608.2079935379219,196909.25210526315,691.3065789473684,142922.79640147625,136786.88,0.9570683155104228,6135.916401476243,0.04293168448957709,,0,,0,,0.9999999999999999
Elektro SP,Peroba 3,TELCO,2026-06-01 00:00:00,1.25,477.85,318.2,28.61,14.06,0.05,0.18,196.45,19527.336585365854,0.175,591.9055273547706,164614.76052631577,691.3065789473684,116279.84084884467,136786.88,1.1763593672080528,-20507.03915115534,-0.17635936720805281,,0,,0,,1
Elektro SP,Peroba 3,TELCO,2026-07-01 00:00:00,1.25,477.85,318.2,28.61,14.06,0.05,0.18,223.08,19527.336585365854,0.175,603.7714499113013,186929.29894736843,691.3065789473684,134689.3350462131,136786.88,1.015573207433738,-2097.544953786921,-0.015573207433738051,,0,,0,,1
Elektro SP,Peroba 3,TELCO,2026-08-01 00:00:00,1.25,477.85,318.2,28.61,14.06,0.05,0.18,285.36,19527.336585365854,0.175,622.8760470390216,239116.6610526316,691.3065789473684,177743.9087830552,136786.88,0.7695728136988077,40957.02878305519,0.2304271863011923,,0,,0,,1
Elektro SP,Peroba 3,TELCO,2026-09-01 00:00:00,1.25,477.85,318.2,28.61,14.06,0.05,0.18,285.58,19527.336585365854,0.175,622.9287633252455,239301.0094736842,691.3065789473684,177895.9962304236,136786.88,0.7689148879035134,41109.116230423584,0.23108511209648655,,0,,0,,0.9999999999999999
Elektro SP,Peroba 3,TELCO,2026-10-01 00:00:00,1.25,477.85,318.2,28.61,14.06,0.05,0.18,283.87,19527.336585365854,0.175,622.5168632839808,237868.1194736842,691.3065789473684,176713.86198042362,136786.88,0.7740585739400188,39926.98198042361,0.22594142605998122,,0,,0,,1
Elektro SP,Peroba 3,TELCO,2026-11-01 00:00:00,1.25,477.85,318.2,28.61,14.06,0.05,0.18,309.61,19527.336585365854,0.175,628.23582352808,259436.8847368421,691.3065789473684,194508.09332252888,136786.88,0.7032451846267554,57721.21332252886,0.2967548153732445,,0,,0,,1
Elektro SP,Peroba 3,TELCO,2026-12-01 00:00:00,1.25,477.85,318.2,28.61,14.06,0.05,0.18,336.35,19527.336585365854,0.175,633.2499813990828,281843.59736842103,691.3065789473684,212993.6312435815,136786.88,0.6422111271654374,76206.7512435815,0.35778887283456257,,0,,0,,1
COPEL,Aliança,NOVASOL,2026-01-01 00:00:00,5,457.17,310.85,25.33,25.33,0.05,0.19,1204,140178.59005847955,0.347,385.089659619203,973364.2947368422,501.51706,463647.9501815204,370918.36014521634,0.8,92729.59003630409,0.2,,0,,0,,1
COPEL,Aliança,NOVASOL,2026-02-01 00:00:00,5,457.17,310.85,25.33,25.33,0.05,0.19,1103.7,140178.59005847955,0.347,374.5091864306609,892277.5515789475,501.51706,413345.7890635205,330676.6312508164,0.8,82669.1578127041,0.2,,0,,0,,1
COPEL,Aliança,NOVASOL,2026-03-01 00:00:00,5,457.17,310.85,25.33,25.33,0.05,0.19,1086.7,140178.59005847955,0.347,372.5223143862339,878534.0357894738,501.51706,404819.9990435204,323855.99923481635,0.8,80963.99980870409,0.2,,0,,0,,1
COPEL,Aliança,NOVASOL,2026-04-01 00:00:00,5,457.17,310.85,25.33,25.33,0.05,0.19,968.95,140178.59005847955,0.347,356.84644742094065,783339.9778947369,501.51706,345766.3652285205,276613.0921828164,0.8,69153.2730457041,0.2,,0,,0,,1
COPEL,Aliança,NOVASOL,2026-05-01 00:00:00,5,457.17,310.85,25.33,25.33,0.05,0.19,792.23,140178.59005847955,0.347,324.57527534342364,640472.0890526316,501.51706,257138.2703853205,205710.6163082564,0.8,51427.6540770641,0.2,,0,,0,,1
COPEL,Aliança,NOVASOL,2026-06-01 00:00:00,5,457.17,310.85,25.33,25.33,0.05,0.19,786.82,140178.59005847955,0.347,323.3586628335839,636098.417263158,501.51706,254425.06309072048,203540.0504725764,0.8,50885.0126181441,0.2,,0,,0,,1
COPEL,Aliança,NOVASOL,2026-07-01 00:00:00,5,457.17,310.85,25.33,25.33,0.05,0.19,884.76,140178.59005847955,0.347,343.0802070020349,715277.2370526316,501.51706,303543.6439471204,242834.91515769635,0.8,60708.72878942409,0.2,,0,,0,,1
COPEL,Aliança,NOVASOL,2026-08-01 00:00:00,5,457.17,310.85,25.33,25.33,0.05,0.19,1064.1,140178.59005847955,0.347,369.7826458862141,860263.2442105263,501.51706,393485.71348752035,314788.5707900163,0.8,78697.14269750408,0.2,,0,,0,,1
COPEL,Aliança,NOVASOL,2026-09-01 00:00:00,5,457.17,310.85,25.33,25.33,0.05,0.19,1097.4,140178.59005847955,0.347,373.7800542969933,887184.3663157896,501.51706,410186.23158552044,328148.98526841635,0.8,82037.24631710409,0.2,,0,,0,,1
COPEL,Aliança,NOVASOL,2026-10-01 00:00:00,5,457.17,310.85,25.33,25.33,0.05,0.19,1186,140178.59005847955,0.347,383.32263330650966,958812.3368421054,501.51706,454620.6431015205,363696.51448121644,0.8,90924.12862030411,0.2,,0,,0,,1
COPEL,Aliança,NOVASOL,2026-11-01 00:00:00,5,457.17,310.85,25.33,25.33,0.05,0.19,1246.7,140178.59005847955,0.347,389.0773471111899,1007884.7726315791,501.51706,485062.7286435205,388050.1829148164,0.8,97012.5457287041,0.2,,0,,0,,1
COPEL,Aliança,NOVASOL,2026-12-01 00:00:00,5,457.17,310.85,25.33,25.33,0.05,0.19,1242.4,140178.59005847955,0.347,388.68818841397336,1004408.4715789475,501.51706,482906.2052855205,386324.96422841644,0.8,96581.24105710411,0.2,,0,,0,,1
COPEL,Tucano,VERTA,2026-01-01 00:00:00,5,457.17,310.85,25.33,25.33,0.05,0.19,1158.8,140178.59005847955,0.253,452.7421877921301,936822.7115789474,573.7109399999999,524637.6472135204,276303.4099415204,0.5266557049594817,248334.23727199994,0.4733442950405183,,0,,0,,1
COPEL,Tucano,VERTA,2026-02-01 00:00:00,5,457.17,310.85,25.33,25.33,0.05,0.19,958.92,140178.59005847955,0.253,427.52711855662653,775231.3035789474,573.7109399999999,409964.3045263203,276303.4099415204,0.6739694331699587,133660.89458479988,0.32603056683004134,,0,,0,,1
COPEL,Tucano,VERTA,2026-03-01 00:00:00,5,457.17,310.85,25.33,25.33,0.05,0.19,1139.4,140178.59005847955,0.253,450.68251270626683,921138.9347368423,573.7109399999999,513507.65497752046,276303.4099415204,0.5380706738512321,237204.24503600004,0.4619293261487679,,0,,0,,1
COPEL,Tucano,VERTA,2026-04-01 00:00:00,5,457.17,310.85,25.33,25.33,0.05,0.19,1045.1,140178.59005847955,0.253,439.58158390156,844902.8442105263,573.7109399999999,459406.71333552036,276303.4099415204,0.6014352901711444,183103.30339399993,0.3985647098288556,,0,,0,,1
COPEL,Tucano,VERTA,2026-05-01 00:00:00,5,457.17,310.85,25.33,25.33,0.05,0.19,870.6,140178.59005847955,0.253,412.6971678216408,703829.6968421054,573.7109399999999,359294.15430552047,276303.4099415204,0.7690172707529495,82990.74436400004,0.23098272924705057,,0,,0,,1
COPEL,Tucano,VERTA,2026-06-01 00:00:00,5,457.17,310.85,25.33,25.33,0.05,0.19,776.96,140178.59005847955,0.253,393.2916261891481,628127.1781052633,573.7109399999999,305571.8618839205,276303.4099415204,0.9042174506449862,29268.451942400075,0.0957825493550138,,0,,0,,1
COPEL,Tucano,VERTA,2026-07-01 00:00:00,5,457.17,310.85,25.33,25.33,0.05,0.19,871.89,140178.59005847955,0.253,412.93539485269986,704872.5871578947,573.7109399999999,360034.24141812045,276303.4099415204,0.7674364773006119,83730.83147660003,0.2325635226993881,,0,,0,,1
COPEL,Tucano,VERTA,2026-08-01 00:00:00,5,457.17,310.85,25.33,25.33,0.05,0.19,998.44,140178.59005847955,0.253,433.31332966940477,807180.9355789474,573.7109399999999,432637.3608751205,276303.4099415204,0.6386489816381683,156333.95093360008,0.3613510183618317,,0,,0,,1
COPEL,Tucano,VERTA,2026-09-01 00:00:00,5,457.17,310.85,25.33,25.33,0.05,0.19,1036.9,140178.59005847955,0.253,438.5208637549623,838273.6189473686,573.7109399999999,454702.28362752043,276303.4099415204,0.6076578453427354,178398.873686,0.3923421546572646,,0,,0,,1
COPEL,Tucano,VERTA,2026-10-01 00:00:00,5,457.17,310.85,25.33,25.33,0.05,0.19,1135.8,140178.59005847955,0.253,450.2925652346544,918228.5431578947,573.7109399999999,511442.2955935204,276303.4099415204,0.5402435667172869,235138.88565199997,0.45975643328271304,,0,,0,,1
COPEL,Tucano,VERTA,2026-11-01 00:00:00,5,457.17,310.85,25.33,25.33,0.05,0.19,1207.4,140178.59005847955,0.253,457.61139547583275,976112.9978947369,573.7109399999999,552519.9988975205,276303.4099415204,0.5000785681836799,276216.58895600005,0.4999214318163201,,0,,0,,1
COPEL,Tucano,VERTA,2026-12-01 00:00:00,5,457.17,310.85,25.33,25.33,0.05,0.19,1138.8,140178.59005847955,0.253,450.6176926708118,920653.8694736842,573.7109399999999,513163.42841352045,276303.4099415204,0.5384316080273513,236860.01847200003,0.46156839197264865,,0,,0,,1
COPEL,Planalto I,TELMO,2026-01-01 00:00:00,1,457.17,310.85,25.33,25.33,0.05,0.19,227.28,28193.326900584794,0.245,493.9567929729359,183742.72168421053,610.3737894736843,112266.49990688887,30821.098862208797,0.27453513637435095,4737.9900174031,0.0422030616553707,2344.8312596128,0.02088629521324301,74362.57976766417,0.6623755067570353,,1
COPEL,Planalto I,TELMO,2026-02-01 00:00:00,1,457.17,310.85,25.33,25.33,0.05,0.19,224.29,28193.326900584794,0.245,492.3031323553479,181325.4797894737,610.3737894736843,110418.66955598097,30821.098862208797,0.2791294170283664,4737.9900174031,0.042909319922578806,2344.8312596128,0.0212358224296843,72514.74941675627,0.6567254406193704,,1
COPEL,Planalto I,TELMO,2026-03-01 00:00:00,1,457.17,310.85,25.33,25.33,0.05,0.19,224.96,28193.326900584794,0.245,492.67750655856696,181867.13600000003,610.3737894736843,110832.73187541522,30821.098862208797,0.278086611605443,4737.9900174031,0.04274901409746876,2344.8312596128,0.021156487076837337,72928.81173619052,0.6580078872202508,,1
COPEL,Planalto I,TELMO,2026-04-01 00:00:00,1,457.17,310.85,25.33,25.33,0.05,0.19,225.7,28193.326900584794,0.245,493.08841132998833,182465.38315789474,610.3737894736843,111290.05443717836,30821.098862208797,0.2769438744376468,4737.9900174031,0.042573346211072505,2344.8312596128,0.021069549039859834,73386.13429795366,0.6594132303114209,,0.9999999999999999
COPEL,Planalto I,TELMO,2026-05-01 00:00:00,1,457.17,310.85,25.33,25.33,0.05,0.19,195.27,28193.326900584794,0.245,473.6222107508737,157864.48989473685,610.3737894736843,92484.20909332311,30821.098862208797,0.33325796008168407,4737.9900174031,0.051230259347540434,2344.8312596128,0.025353855351097822,54580.28895409841,0.5901579252196777,,1
COPEL,Planalto I,TELMO,2026-06-01 00:00:00,1,457.17,310.85,25.33,25.33,0.05,0.19,172.01,28193.326900584794,0.245,454.09829992951416,139060.12652631578,610.3737894736843,78109.44857087573,30821.098862208797,0.3945886115716467,4737.9900174031,0.060658346769711165,2344.8312596128,0.030019815816330127,40205.52843165103,0.514733225842312,,1
COPEL,Planalto I,TELMO,2026-07-01 00:00:00,1,457.17,310.85,25.33,25.33,0.05,0.19,193.67,28193.326900584794,0.245,472.4294085525674,156570.98252631578,610.3737894736843,91495.40355437572,30821.098862208797,0.33685953244516614,4737.9900174031,0.05178391299828863,2344.8312596128,0.025627858542853103,53591.48341515102,0.5857286960136922,,1
COPEL,Planalto I,TELMO,2026-08-01 00:00:00,1,457.17,310.85,25.33,25.33,0.05,0.19,236.31,28193.326900584794,0.245,498.6969284724434,191042.95389473686,610.3737894736843,117847.0711673231,30821.098862208797,0.26153470389135086,4737.9900174031,0.04020456317218056,2344.8312596128,0.01989723831391221,79943.1510280984,0.6783634946225563,,1
COPEL,Planalto I,TELMO,2026-09-01 00:00:00,1,457.17,310.85,25.33,25.33,0.05,0.19,232.1,28193.326900584794,0.245,496.5328590821535,187639.41263157895,610.3737894736843,115245.27659296783,30821.098862208797,0.26743915042232175,4737.9900174031,0.041112227394248003,2344.8312596128,0.020346441337413385,77341.35645374312,0.6711021808460168,,1
COPEL,Planalto I,TELMO,2026-10-01 00:00:00,1,457.17,310.85,25.33,25.33,0.05,0.19,253,28193.326900584794,0.245,506.5673871362365,204535.85263157895,610.3737894736843,128161.54894546783,30821.098862208797,0.2404863168072589,4737.9900174031,0.0369688885347281,2344.8312596128,0.01829590293583698,90257.62880624313,0.704248891722176,,1
COPEL,Planalto I,TELMO,2026-11-01 00:00:00,1,457.17,310.85,25.33,25.33,0.05,0.19,261.9,28193.326900584794,0.245,510.3542564179555,211730.98736842105,610.3737894736843,133661.77975586255,30821.098862208797,0.23059021747656291,4737.9900174031,0.03544760533682245,2344.8312596128,0.017543019881193472,95757.85961663784,0.7164191573054212,,1
COPEL,Planalto I,TELMO,2026-12-01 00:00:00,1,457.17,310.85,25.33,25.33,0.05,0.19,249.73,28193.326900584794,0.245,505.10822738655406,201892.24694736843,610.3737894736843,126140.67762524413,30821.098862208797,0.2443390937995141,4737.9900174031,0.03756115875228897,2344.8312596128,0.018589017466507856,88236.75748601943,0.699510729981689,,0.9999999999999999
COPEL,Planalto II,NEXUS,2026-01-01 00:00:00,1,457.17,310.85,25.33,25.33,0.05,0.19,250.79,28193.326900584794,0.28,476.9362282246813,202749.19557894737,552.9744,119610.83667646782,30821.098862208797,0.2576781478886898,4737.9900174031,0.03961171202421034,2344.8312596128,0.019603836280781748,81706.91653724312,0.6831063038063181,,1
COPEL,Planalto II,NEXUS,2026-02-01 00:00:00,1,457.17,310.85,25.33,25.33,0.05,0.19,239.41,28193.326900584794,0.28,471.5926018226581,193549.12442105263,552.9744,112903.98480236257,30821.098862208797,0.27298504048515965,4737.9900174031,0.0419647723301964,2344.8312596128,0.02076836582621425,75000.06466313786,0.6642818213584296,,0.9999999999999998
COPEL,Planalto II,NEXUS,2026-03-01 00:00:00,1,457.17,310.85,25.33,25.33,0.05,0.19,253.61,28193.326900584794,0.28,478.18625364782827,205029.0023157895,552.9744,121272.81578762573,30821.098862208797,0.25414680661973776,4737.9900174031,0.039068854686282864,2344.8312596128,0.019335176184241437,83368.89564840103,0.6874491625097379,,0.9999999999999999
COPEL,Planalto II,NEXUS,2026-04-01 00:00:00,1,457.17,310.85,25.33,25.33,0.05,0.19,220.99,28193.326900584794,0.28,461.77690706959555,178657.62084210527,552.9744,102048.07869330993,30821.098862208797,0.30202527335019164,4737.9900174031,0.046428997763323036,2344.8312596128,0.022977710993068626,64144.15855408523,0.6285680178934167,,1
COPEL,Planalto II,NEXUS,2026-05-01 00:00:00,1,457.17,310.85,25.33,25.33,0.05,0.19,189.28,28193.326900584794,0.28,440.4039201564067,153021.92168421054,552.9744,83359.65400720466,30821.098862208797,0.3697364058102373,4737.9900174031,0.05683792805802195,2344.8312596128,0.028129090595915132,45455.733867979965,0.5452965755358256,,1
COPEL,Planalto II,NEXUS,2026-06-01 00:00:00,1,457.17,310.85,25.33,25.33,0.05,0.19,166.8,28193.326900584794,0.28,420.3295531266215,134848.14315789475,552.9744,70110.96946152046,30821.098862208797,0.439604516938317,4737.9900174031,0.06757844105983282,2344.8312596128,0.033444570480511346,32207.049322295767,0.45937247152133887,,1
COPEL,Planalto II,NEXUS,2026-07-01 00:00:00,1,457.17,310.85,25.33,25.33,0.05,0.19,190.29,28193.326900584794,0.28,441.19450231167633,153838.44821052632,552.9744,83954.90184488888,30821.098862208797,0.3671149412949396,4737.9900174031,0.05643494201394919,2344.8312596128,0.02792965280270352,46050.981705664184,0.5485204638884077,,1
COPEL,Planalto II,NEXUS,2026-08-01 00:00:00,1,457.17,310.85,25.33,25.33,0.05,0.19,210.31,28193.326900584794,0.28,455.29824937245246,170023.45915789474,552.9744,95753.77482552048,30821.098862208797,0.32187868225947264,4737.9900174031,0.04948097373744812,2344.8312596128,0.024488133902663134,57849.85468629578,0.6041522101004161,,1
COPEL,Planalto II,NEXUS,2026-09-01 00:00:00,1,457.17,310.85,25.33,25.33,0.05,0.19,222.46,28193.326900584794,0.28,462.61992945506194,179846.03073684213,552.9744,102914.42950657308,30821.098862208797,0.29948277428132924,4737.9900174031,0.04603815072502041,2344.8312596128,0.02278428079381266,65010.509367348386,0.6316947941998377,,1
COPEL,Planalto II,NEXUS,2026-10-01 00:00:00,1,457.17,310.85,25.33,25.33,0.05,0.19,244.67,28193.326900584794,0.28,474.12428329046617,197801.52989473686,552.9744,116003.98839267835,30821.098862208797,0.26568999298436263,4737.9900174031,0.040843337225309924,2344.8312596128,0.02021336759280593,78100.06825345365,0.6732533021975214,,1
COPEL,Planalto II,NEXUS,2026-11-01 00:00:00,1,457.17,310.85,25.33,25.33,0.05,0.19,239.9,28193.326900584794,0.28,471.83313216666795,193945.2610526316,552.9744,113192.76840678364,30821.098862208797,0.2722885860644936,4737.9900174031,0.041857709499391944,2344.8312596128,0.020715380431249125,75288.84826755893,0.6651383240048653,,0.9999999999999999
COPEL,Planalto II,NEXUS,2026-12-01 00:00:00,1,457.17,310.85,25.33,25.33,0.05,0.19,271.02,28193.326900584794,0.28,485.3275553796551,219103.97936842105,552.9744,131533.47405899412,30821.098862208797,0.23432133213774325,4737.9900174031,0.036021172947032956,2344.8312596128,0.01782687849148665,93629.55391976942,0.7118306164237371,,1
COPEL,Planalto III,TELMO,2026-01-01 00:00:00,1,457.17,310.85,25.33,25.33,0.05,0.19,240.14,28193.326900584794,0.245,500.5997519204563,194139.28715789472,610.3737894736843,120214.02442617837,30821.098862208797,0.2563852180253359,4737.9900174031,0.039412955684822185,2344.8312596128,0.019505471768418547,82310.10428695366,0.6846963545214233,,1
COPEL,Planalto III,TELMO,2026-02-01 00:00:00,1,457.17,310.85,25.33,25.33,0.05,0.19,234.14,28193.326900584794,0.245,497.5912003721095,189288.6345263158,610.3737894736843,116506.0036551257,30821.098862208797,0.2645451555736443,4737.9900174031,0.040667346477939646,2344.8312596128,0.020126269771932378,78602.083515901,0.6746612281764837,,1
COPEL,Planalto III,TELMO,2026-03-01 00:00:00,1,457.17,310.85,25.33,25.33,0.05,0.19,233.21,28193.326900584794,0.245,497.1110176905473,188536.78336842108,610.3737894736843,115931.26043561255,30821.098862208797,0.2658566701198477,4737.9900174031,0.040868959757705284,2344.8312596128,0.020226048184088394,78027.34029638785,0.6730483219383585,,0.9999999999999999
COPEL,Planalto III,TELMO,2026-04-01 00:00:00,1,457.17,310.85,25.33,25.33,0.05,0.19,212.25,28193.326900584794,0.245,485.1727108381721,171591.8368421053,610.3737894736843,102977.90787540203,30821.098862208797,0.2992981649957459,4737.9900174031,0.0460097715631961,2344.8312596128,0.022770235946625805,65073.98773617733,0.6319218274944322,,1
COPEL,Planalto III,TELMO,2026-05-01 00:00:00,1,457.17,310.85,25.33,25.33,0.05,0.19,179.62,28193.326900584794,0.245,461.04250593193484,145212.37094736844,610.3737894736843,82812.45491549413,30821.098862208797,0.3721795096360825,4737.9900174031,0.05721349550907501,2344.8312596128,0.028314958927441288,44908.53477626944,0.5422920359274012,,1
COPEL,Planalto III,TELMO,2026-06-01 00:00:00,1,457.17,310.85,25.33,25.33,0.05,0.19,157.99,28193.326900584794,0.245,439.5533896819382,127725.76821052634,610.3737894736843,69445.04003584942,30821.098862208797,0.4438200171862253,4737.9900174031,0.06822647110516777,2344.8312596128,0.03376528054994762,31541.119896624725,0.45418823115865925,,0.9999999999999999
COPEL,Planalto III,TELMO,2026-07-01 00:00:00,1,457.17,310.85,25.33,25.33,0.05,0.19,180.44,28193.326900584794,0.245,461.7558066626285,145875.29347368423,610.3737894736843,83319.21775420468,30821.098862208797,0.3699158452631226,4737.9900174031,0.0568655124845312,2344.8312596128,0.028142742128594557,45415.29761497999,0.5450759001237516,,1
COPEL,Planalto III,TELMO,2026-08-01 00:00:00,1,457.17,310.85,25.33,25.33,0.05,0.19,214.44,28193.326900584794,0.245,486.52926439487146,173362.32505263158,610.3737894736843,104331.33545683624,30821.098862208797,0.29541555015329063,4737.9900174031,0.04541291450604782,2344.8312596128,0.02247485138904312,66427.41531761154,0.6366966839516184,,1
COPEL,Planalto III,TELMO,2026-09-01 00:00:00,1,457.17,310.85,25.33,25.33,0.05,0.19,210.31,28193.326900584794,0.245,483.94741647771554,170023.45915789474,610.3737894736843,101778.98115942835,30821.098862208797,0.3028238100942482,4737.9900174031,0.046551753254254244,2344.8312596128,0.02303846268553048,63875.061020203655,0.627585973965967,,0.9999999999999999
COPEL,Planalto III,TELMO,2026-10-01 00:00:00,1,457.17,310.85,25.33,25.33,0.05,0.19,238.46,28193.326900584794,0.245,499.7726185116314,192781.10442105265,610.3737894736843,119175.77861028363,30821.098862208797,0.25861881685704596,4737.9900174031,0.03975631686784936,2344.8312596128,0.019675401217898698,81271.85847105892,0.6819494650572059,,1
COPEL,Planalto III,TELMO,2026-11-01 00:00:00,1,457.17,310.85,25.33,25.33,0.05,0.19,237.05,28193.326900584794,0.245,499.0693681885098,191641.2010526316,610.3737894736843,118304.39372908627,30821.098862208797,0.2605237040712811,4737.9900174031,0.04004914668049408,2344.8312596128,0.019820322692176567,80400.47358986156,0.6796068265560482,,1
COPEL,Planalto III,TELMO,2026-12-01 00:00:00,1,457.17,310.85,25.33,25.33,0.05,0.19,264.63,28193.326900584794,0.245,511.4647969115048,213938.0343157895,610.3737894736843,135348.9292066915,30821.098862208797,0.2277158677416787,4737.9900174031,0.03500574437620936,2344.8312596128,0.017324342891786054,97445.0090674668,0.7199540449903258,,1
COPEL,Planalto IV,TELMO,2026-01-01 00:00:00,1,457.17,310.85,25.33,25.33,0.05,0.19,240.17,28193.326900584794,0.245,500.6144169964343,194163.54042105263,610.3737894736843,120232.56453003362,30821.098862208797,0.25634568290780996,4737.9900174031,0.039406878127593865,2344.8312596128,0.01950246398534625,82328.64439080891,0.6847449749792498,,1
COPEL,Planalto IV,TELMO,2026-02-01 00:00:00,1,457.17,310.85,25.33,25.33,0.05,0.19,218.49,28193.326900584794,0.245,488.9663118554477,176636.51557894738,610.3737894736843,106834.24947729678,30821.098862208797,0.2884945512605352,4737.9900174031,0.04434898022482916,2344.8312596128,0.021948310313268004,68930.32933807207,0.6452081582013676,,1
COPEL,Planalto IV,TELMO,2026-03-01 00:00:00,1,457.17,310.85,25.33,25.33,0.05,0.19,246.53,28193.326900584794,0.245,503.6428286510746,199305.23221052633,610.3737894736843,124163.06654734942,30821.098862208797,0.24823081226376778,4737.9900174031,0.03815941526859981,2344.8312596128,0.018885094616430093,86259.14640812471,0.6947246778512023,,0.9999999999999999
COPEL,Planalto IV,TELMO,2026-04-01 00:00:00,1,457.17,310.85,25.33,25.33,0.05,0.19,212.89,28193.326900584794,0.245,485.572032932411,172109.23978947368,610.3737894736843,103373.43009098097,30821.098862208797,0.2981530054200828,4737.9900174031,0.04583373129084623,2344.8312596128,0.022683113615839856,65469.50995175627,0.6333301496732311,,1
COPEL,Planalto IV,TELMO,2026-05-01 00:00:00,1,457.17,310.85,25.33,25.33,0.05,0.19,179.75,28193.326900584794,0.245,461.15602428669615,145317.46842105265,610.3737894736843,82892.79536553363,30821.098862208797,0.37181878987548345,4737.9900174031,0.05715804366965685,2344.8312596128,0.02828751581211324,44988.87522630893,0.5427356506427464,,0.9999999999999999
COPEL,Planalto IV,TELMO,2026-06-01 00:00:00,1,457.17,310.85,25.33,25.33,0.05,0.19,157.75,28193.326900584794,0.245,439.2818967036913,127531.74210526317,610.3737894736843,69296.7192050073,30821.098862208797,0.4447699575939188,4737.9900174031,0.06837250120581088,2344.8312596128,0.03383755084675589,31392.79906578261,0.4530199903535144,,1
COPEL,Planalto IV,TELMO,2026-07-01 00:00:00,1,457.17,310.85,25.33,25.33,0.05,0.19,160.64,28193.326900584794,0.245,442.4971937856759,129868.13978947369,610.3737894736843,71082.74920973097,30821.098862208797,0.4335946373046233,4737.9900174031,0.06665456907728164,2344.8312596128,0.03298734623634676,33178.829070506275,0.4667634473817483,,1
COPEL,Planalto IV,TELMO,2026-08-01 00:00:00,1,457.17,310.85,25.33,25.33,0.05,0.19,202.75,28193.326900584794,0.245,478.94882854698903,163911.63684210528,610.3737894736843,97106.87498790203,30821.098862208797,0.31739358172167126,4737.9900174031,0.04879149924239018,2344.8312596128,0.02414691297505896,59202.95484867733,0.6096680060608796,,1
COPEL,Planalto IV,TELMO,2026-09-01 00:00:00,1,457.17,310.85,25.33,25.33,0.05,0.19,215.44,28193.326900584794,0.245,487.13952338784986,174170.76715789473,610.3737894736843,104949.33891867838,30821.098862208797,0.293675969565573,4737.9900174031,0.045145496543569516,2344.8312596128,0.022342506239412606,67045.41877945367,0.6388360276514448,,0.9999999999999998
COPEL,Planalto IV,TELMO,2026-10-01 00:00:00,1,457.17,310.85,25.33,25.33,0.05,0.19,238.83,28193.326900584794,0.245,499.95578399348994,193080.22800000003,610.3737894736843,119404.43989116521,30821.098862208797,0.2581235579707222,4737.9900174031,0.03968018292889012,2344.8312596128,0.019637722531507768,81500.5197519405,0.6825585365688799,,0.9999999999999999
COPEL,Planalto IV,TELMO,2026-11-01 00:00:00,1,457.17,310.85,25.33,25.33,0.05,0.19,253.39,28193.326900584794,0.245,506.7389016756236,204851.1450526316,610.3737894736843,128402.57029558625,30821.098862208797,0.24003490577531103,4737.9900174031,0.036899495130791514,2344.8312596128,0.018261560140228766,90498.65015636155,0.7048040389536686,,0.9999999999999999
COPEL,Planalto IV,TELMO,2026-12-01 00:00:00,1,457.17,310.85,25.33,25.33,0.05,0.19,264.6,28193.326900584794,0.245,511.45271769779384,213913.78105263162,610.3737894736843,135330.38910283626,30821.098862208797,0.2277470645472551,4737.9900174031,0.03501054012194369,2344.8312596128,0.017326716306349976,97426.46896361155,0.7199156790244512,,1
COPEL,Planalto V,TELMO,2026-01-01 00:00:00,1,457.17,310.85,25.33,25.33,0.05,0.19,219.21,28193.326900584794,0.245,489.390137173592,177218.59389473687,610.3737894736843,107279.21196982311,30821.098862208797,0.287297961052124,4737.9900174031,0.044165033750768634,2344.8312596128,0.02185727520325545,69375.2918305984,0.6466797299938518,,0.9999999999999999
COPEL,Planalto V,TELMO,2026-02-01 00:00:00,1,457.17,310.85,25.33,25.33,0.05,0.19,235.82,28193.326900584794,0.245,498.44902667721334,190646.8172631579,610.3737894736843,117544.24947102045,30821.098862208797,0.26220847894228533,4737.9900174031,0.04030813960466192,2344.8312596128,0.01994849829034723,79640.32933179574,0.6775348831627055,,1
COPEL,Planalto V,TELMO,2026-03-01 00:00:00,1,457.17,310.85,25.33,25.33,0.05,0.19,233.63,28193.326900584794,0.245,497.32834777034736,188876.3290526316,610.3737894736843,116190.82188958625,30821.098862208797,0.2652627665505065,4737.9900174031,0.04077766161173655,2344.8312596128,0.020180864731648467,78286.90175036155,0.6737787071061084,,1
COPEL,Planalto V,TELMO,2026-04-01 00:00:00,1,457.17,310.85,25.33,25.33,0.05,0.19,211.5,28193.326900584794,0.245,484.70167980624325,170985.50526315792,610.3737894736843,102514.40527902044,30821.098862208797,0.30065139409745306,4737.9900174031,0.046217797435466654,2344.8312596128,0.0228731879508125,64610.48513979575,0.6302576205162678,,1
COPEL,Planalto V,TELMO,2026-05-01 00:00:00,1,457.17,310.85,25.33,25.33,0.05,0.19,178.41,28193.326900584794,0.245,459.9779761597735,144234.15600000002,610.3737894736843,82064.6707266652,30821.098862208797,0.37557085880311863,4737.9900174031,0.0577348324857604,2344.8312596128,0.02857296859720289,44160.750587440496,0.5381213401139181,,1
COPEL,Planalto V,TELMO,2026-06-01 00:00:00,1,457.17,310.85,25.33,25.33,0.05,0.19,156.75,28193.326900584794,0.245,438.1417272291241,126723.3,610.3737894736843,68678.7157431652,30821.098862208797,0.44877220735269885,4737.9900174031,0.06898774920488547,2344.8312596128,0.0341420370814979,30774.795603940503,0.4480980063609178,,1
COPEL,Planalto V,TELMO,2026-07-01 00:00:00,1,457.17,310.85,25.33,25.33,0.05,0.19,166.92,28193.326900584794,0.245,449.1002333459107,134945.1562105263,610.3737894736843,74963.8109500994,30821.098862208797,0.4111463714501554,4737.9900174031,0.06320369732212523,2344.8312596128,0.03127950980471986,37059.890810874705,0.4943704214229995,,1
COPEL,Planalto V,TELMO,2026-08-01 00:00:00,1,457.17,310.85,25.33,25.33,0.05,0.19,214.54,28193.326900584794,0.245,486.5905462991539,173443.1692631579,610.3737894736843,104393.13580302047,30821.098862208797,0.29524066525183384,4737.9900174031,0.0453860302304092,2344.8312596128,0.022461546361029566,66489.21566379577,0.6369117581567273,,1
COPEL,Planalto V,TELMO,2026-09-01 00:00:00,1,457.17,310.85,25.33,25.33,0.05,0.19,196.24,28193.326900584794,0.245,474.33587673924757,158648.67873684212,610.3737894736843,93083.67245130995,30821.098862208797,0.331111762681373,4737.9900174031,0.05090033399661407,2344.8312596128,0.025190575294924362,55179.75231208525,0.5927973280270885,,1
COPEL,Planalto V,TELMO,2026-10-01 00:00:00,1,457.17,310.85,25.33,25.33,0.05,0.19,239.23,28193.326900584794,0.245,500.1531633821095,193403.60484210527,610.3737894736843,119651.64127590205,30821.098862208797,0.25759027234017723,4737.9900174031,0.03959820330820097,2344.8312596128,0.019597150817228706,81747.72113667734,0.6832143735343931,,1
COPEL,Planalto V,TELMO,2026-11-01 00:00:00,1,457.17,310.85,25.33,25.33,0.05,0.19,253.2,28193.326900584794,0.245,506.65540931214946,204697.54105263157,610.3737894736843,128285.14963783624,30821.098862208797,0.24025461208269477,4737.9900174031,0.036933269601189166,2344.8312596128,0.01827827512562856,90381.22949861153,0.7045338431904874,,0.9999999999999998
COPEL,Planalto V,TELMO,2026-12-01 00:00:00,1,457.17,310.85,25.33,25.33,0.05,0.19,265.42,28193.326900584794,0.245,511.78190016406745,214576.7035789474,610.3737894736843,135837.1519415468,30821.098862208797,0.22689741666161906,4737.9900174031,0.03487992754325373,2344.8312596128,0.017262076141156314,97933.23180232209,0.7209605796539709,,1
CELPE,Frevo 082,NOVASOL,2026-01-01 00:00:00,1.5,535.21,263.65,19.51,8.51,0.05,0.205,364.1,14181.445978152931,0.353,477.9131039380584,306173.6063157895,516.86242,174008.16114384707,139206.52891507765,0.8,34801.63222876941,0.2,,0,,0,,1
CELPE,Frevo 082,NOVASOL,2026-02-01 00:00:00,1.5,535.21,263.65,19.51,8.51,0.05,0.205,315.99,14181.445978152931,0.353,471.9830061636352,265717.6541052632,516.86242,149141.9101176471,119313.52809411768,0.8,29828.38202352942,0.2,,0,,0,,1
CELPE,Frevo 082,NOVASOL,2026-03-01 00:00:00,1.5,535.21,263.65,19.51,8.51,0.05,0.205,328.35,14181.445978152931,0.353,473.6723911339944,276111.24315789476,516.86242,155530.32962884707,124424.26370307767,0.8,31106.065925769417,0.2,,0,,0,,1
CELPE,Frevo 082,NOVASOL,2026-04-01 00:00:00,1.5,535.21,263.65,19.51,8.51,0.05,0.205,329.59,14181.445978152931,0.353,473.834882823044,277153.96568421053,516.86242,156171.23902964705,124936.99122371765,0.8,31234.24780592941,0.2,,0,,0,,1
CELPE,Frevo 082,NOVASOL,2026-05-01 00:00:00,1.5,535.21,263.65,19.51,8.51,0.05,0.205,333.04,14181.445978152931,0.353,474.2806100728053,280055.0888421053,516.86242,157954.41437864708,126363.53150291767,0.8,31590.882875729418,0.2,,0,,0,,1
CELPE,Frevo 082,NOVASOL,2026-06-01 00:00:00,1.5,535.21,263.65,19.51,8.51,0.05,0.205,325.69,14181.445978152931,0.353,473.3196462637694,273874.43515789474,516.86242,154155.47559164706,123324.38047331765,0.8,30831.095118329413,0.2,,0,,0,,1
CELPE,Frevo 082,NOVASOL,2026-07-01 00:00:00,1.5,535.21,263.65,19.51,8.51,0.05,0.205,357.31,14181.445978152931,0.353,477.17294593503414,300463.85957894736,516.86242,170498.66531204706,136398.93224963764,0.8,34099.73306240941,0.2,,0,,0,,1
CELPE,Frevo 082,NOVASOL,2026-08-01 00:00:00,1.5,535.21,263.65,19.51,8.51,0.05,0.205,418.4,14181.445978152931,0.353,482.96795064495,351834.76210526313,516.86242,202073.79054984706,161659.03243987766,0.8,40414.758109969414,0.2,,0,,0,,1
CELPE,Frevo 082,NOVASOL,2026-09-01 00:00:00,1.5,535.21,263.65,19.51,8.51,0.05,0.205,392.97,14181.445978152931,0.353,480.77456093148857,330450.5412631579,516.86242,188929.97920924707,151143.98336739765,0.8,37785.99584184941,0.2,,0,,0,,1
CELPE,Frevo 082,NOVASOL,2026-10-01 00:00:00,1.5,535.21,263.65,19.51,8.51,0.05,0.205,432.53,14181.445978152931,0.353,484.075223786667,363716.7534736842,516.86242,209377.05654444706,167501.64523555766,0.8,41875.411308889416,0.2,,0,,0,,1
CELPE,Frevo 082,NOVASOL,2026-11-01 00:00:00,1.5,535.21,263.65,19.51,8.51,0.05,0.205,370.17,14181.445978152931,0.353,478.5517898080533,311277.9012631579,516.86242,177145.51603324708,141716.41282659766,0.8,35429.103206649415,0.2,,0,,0,,1
CELPE,Frevo 082,NOVASOL,2026-12-01 00:00:00,1.5,535.21,263.65,19.51,8.51,0.05,0.205,348.45,14181.445978152931,0.353,476.16376602338084,293013.4389473684,516.86242,165919.26427084705,132735.41141667764,0.8,33183.85285416941,0.2,,0,,0,,1
CELPE,Frevo 101,NEXUS,2026-01-01 00:00:00,1,535.21,263.65,19.51,8.51,0.05,0.205,243.8,9478.551241310824,0.32,504.34641098724023,205012.70315789475,543.2248,122959.65499868918,84864.44875868918,0.6901812530264003,38095.20624,0.30981874697359973,,0,,0,,1
CELPE,Frevo 101,NEXUS,2026-02-01 00:00:00,1,535.21,263.65,19.51,8.51,0.05,0.205,218.85,9478.551241310824,0.32,499.9140792263613,184032.11684210526,543.2248,109406.19623868917,84864.44875868918,0.7756822892694507,24541.74747999999,0.22431771073054932,,0,,0,,1
CELPE,Frevo 101,NEXUS,2026-03-01 00:00:00,1,535.21,263.65,19.51,8.51,0.05,0.205,244.2,9478.551241310824,0.32,504.41009385212595,205349.06526315789,543.2248,123176.94491868916,84864.44875868918,0.6889637408584001,38312.49615999998,0.31103625914159994,,0,,0,,1
CELPE,Frevo 101,NEXUS,2026-04-01 00:00:00,1,535.21,263.65,19.51,8.51,0.05,0.205,211.39,9478.551241310824,0.32,498.38563428113525,177758.96357894735,543.2248,105353.73923068917,84864.44875868918,0.8055190957471822,20489.290471999993,0.19448090425281778,,0,,0,,1
CELPE,Frevo 101,NEXUS,2026-05-01 00:00:00,1,535.21,263.65,19.51,8.51,0.05,0.205,180.34,9478.551241310824,0.32,490.66546074464435,151648.85515789475,543.2248,88486.60919068917,84864.44875868918,0.9590654397865533,3622.1604319999897,0.04093456021344667,,0,,0,,1
CELPE,Frevo 101,NEXUS,2026-06-01 00:00:00,1,535.21,263.65,19.51,8.51,0.05,0.205,172,9478.551241310824,0.32,488.11694394586726,144635.7052631579,543.2248,83956.11435868917,84864.44875868918,1.0108191572101501,-908.334400000007,-0.010819157210150204,,0,,0,,0.9999999999999999
CELPE,Frevo 101,NEXUS,2026-07-01 00:00:00,1,535.21,263.65,19.51,8.51,0.05,0.205,176.73,9478.551241310824,0.32,489.5918500689705,148613.18715789472,543.2248,86525.56766268915,84864.44875868918,0.9808019877953801,1661.1189039999736,0.019198012204619926,,0,,0,,1
CELPE,Frevo 101,NEXUS,2026-08-01 00:00:00,1,535.21,263.65,19.51,8.51,0.05,0.205,210.54,9478.551241310824,0.32,498.20460791625896,177044.19410526316,543.2248,104891.99815068916,84864.44875868918,0.8090650407552714,20027.549391999986,0.19093495924472864,,0,,0,,1
CELPE,Frevo 101,NEXUS,2026-09-01 00:00:00,1,535.21,263.65,19.51,8.51,0.05,0.205,216.1,9478.551241310824,0.32,499.3629247509911,181719.62736842106,543.2248,107912.32803868917,84864.44875868918,0.7864203312179794,23047.879279999994,0.21357966878202064,,0,,0,,1
CELPE,Frevo 101,NEXUS,2026-10-01 00:00:00,1,535.21,263.65,19.51,8.51,0.05,0.205,253.11,9478.551241310824,0.32,505.77645247793123,212841.53115789476,543.2248,128017.07788668918,84864.44875868918,0.6629150591439419,43152.629128,0.33708494085605806,,0,,0,,1
CELPE,Frevo 101,NEXUS,2026-11-01 00:00:00,1,535.21,263.65,19.51,8.51,0.05,0.205,248.03,9478.551241310824,0.32,505.009458140907,208569.73242105264,543.2248,125257.49590268916,84864.44875868918,0.6775199212398371,40393.04714399998,0.3224800787601629,,0,,0,,1
CELPE,Frevo 101,NEXUS,2026-12-01 00:00:00,1,535.21,263.65,19.51,8.51,0.05,0.205,243,9478.551241310824,0.32,504.218416290902,204339.97894736842,543.2248,122525.07515868919,84864.44875868918,0.6926292324144785,37660.62640000001,0.3073707675855215,,0,,0,,1
CELPE,Frevo 102,NOVASOL,2026-01-01 00:00:00,1,535.21,263.65,19.51,8.51,0.05,0.205,244.7,9478.551241310824,0.349,481.322464653409,205769.51789473684,520.05786,117779.60710068917,94223.68568055134,0.8,23555.921420137827,0.19999999999999993,,0,,0,,1
CELPE,Frevo 102,NOVASOL,2026-02-01 00:00:00,1,535.21,263.65,19.51,8.51,0.05,0.205,205.54,9478.551241310824,0.349,473.9424992852446,172839.6677894737,520.05786,97414.14130308917,77931.31304247135,0.8,19482.828260617825,0.19999999999999993,,0,,0,,1
CELPE,Frevo 102,NOVASOL,2026-03-01 00:00:00,1,535.21,263.65,19.51,8.51,0.05,0.205,245.36,9478.551241310824,0.349,481.42665996205244,206324.51536842107,520.05786,118122.84528828919,94498.27623063135,0.8,23624.569057657827,0.19999999999999993,,0,,0,,1
CELPE,Frevo 102,NOVASOL,2026-04-01 00:00:00,1,535.21,263.65,19.51,8.51,0.05,0.205,213.2,9478.551241310824,0.349,475.59936449666594,179281.00210526315,520.05786,101397.78451068918,81118.22760855134,0.8,20279.55690213783,0.19999999999999993,,0,,0,,1
CELPE,Frevo 102,NOVASOL,2026-05-01 00:00:00,1,535.21,263.65,19.51,8.51,0.05,0.205,201.2,9478.551241310824,0.349,472.9477643672424,169190.13894736842,520.05786,95157.09019068917,76125.67215255134,0.8,19031.41803813783,0.19999999999999993,,0,,0,,1
CELPE,Frevo 102,NOVASOL,2026-06-01 00:00:00,1,535.21,263.65,19.51,8.51,0.05,0.205,175.38,9478.551241310824,0.349,466.0120666295426,147477.96505263157,520.05786,81729.19624548918,65383.35699639135,0.8,16345.83924909783,0.19999999999999993,,0,,0,,1
CELPE,Frevo 102,NOVASOL,2026-07-01 00:00:00,1,535.21,263.65,19.51,8.51,0.05,0.205,189.95,9478.551241310824,0.349,470.1576165606169,159729.9547368421,520.05786,89306.43926568917,71445.15141255133,0.8,17861.287853137826,0.19999999999999993,,0,,0,,1
CELPE,Frevo 102,NOVASOL,2026-08-01 00:00:00,1,535.21,263.65,19.51,8.51,0.05,0.205,200.86,9478.551241310824,0.349,472.8680201049944,168904.23115789474,520.05786,94980.27051828918,75984.21641463134,0.8,18996.05410365783,0.19999999999999993,,0,,0,,1
CELPE,Frevo 102,NOVASOL,2026-09-01 00:00:00,1,535.21,263.65,19.51,8.51,0.05,0.205,206.78,9478.551241310824,0.349,474.2190397982841,173882.39031578947,520.05786,98059.01304948918,78447.21043959135,0.8,19611.80260989783,0.19999999999999993,,0,,0,,1
CELPE,Frevo 102,NOVASOL,2026-10-01 00:00:00,1,535.21,263.65,19.51,8.51,0.05,0.205,242.45,9478.551241310824,0.349,480.96298995953464,203877.48105263157,520.05786,116609.47691568917,93287.58153255134,0.8,23321.895383137824,0.19999999999999993,,0,,0,,1
CELPE,Frevo 102,NOVASOL,2026-11-01 00:00:00,1,535.21,263.65,19.51,8.51,0.05,0.205,249.09,9478.551241310824,0.349,482.00514314540595,209461.092,520.05786,120062.66110608917,96050.12888487134,0.8,24012.532221217825,0.19999999999999993,,0,,0,,1
CELPE,Frevo 102,NOVASOL,2026-12-01 00:00:00,1,535.21,263.65,19.51,8.51,0.05,0.205,243.8,9478.551241310824,0.349,481.1794709872403,205012.70315789475,520.05786,117311.55502668918,93849.24402135135,0.8,23462.311005337826,0.19999999999999993,,0,,0,,1
COPEL,Pantanal,VERTA,2026-01-01 00:00:00,5,457.17,310.85,25.33,25.33,0.05,0.19,1090,140178.59005847955,0.253,445.10672893717464,881201.8947368421,573.7109399999999,485166.33454152034,278281.4099415204,0.573579389436604,206884.9245999999,0.4264206105633959,,0,,0,,1
COPEL,Pantanal,VERTA,2026-02-01 00:00:00,5,457.17,310.85,25.33,25.33,0.05,0.19,937.15,140178.59005847955,0.253,424.13126752656507,757631.5189473685,573.7109399999999,397474.6173625204,278281.4099415204,0.700123725605631,119193.207421,0.299876274394369,,0,,0,,1
COPEL,Pantanal,VERTA,2026-03-01 00:00:00,5,457.17,310.85,25.33,25.33,0.05,0.19,1141.6,140178.59005847955,0.253,450.9196032283815,922917.5073684211,573.7109399999999,514769.8190455203,278281.4099415204,0.540593872534148,236488.40910399985,0.45940612746585197,,0,,0,,1
COPEL,Pantanal,VERTA,2026-04-01 00:00:00,5,457.17,310.85,25.33,25.33,0.05,0.19,1012.2,140178.59005847955,0.253,435.2219160339068,818305.0989473686,573.7109399999999,440531.6234095205,278281.4099415204,0.6316945144317792,162250.21346800006,0.36830548556822085,,0,,0,,1
COPEL,Pantanal,VERTA,2026-05-01 00:00:00,5,457.17,310.85,25.33,25.33,0.05,0.19,837.15,140178.59005847955,0.253,406.26354101716584,676787.3084210526,573.7109399999999,340103.5233625204,278281.4099415204,0.8182256013998919,61822.11342099996,0.1817743986001081,,0,,0,,1
COPEL,Pantanal,VERTA,2026-06-01 00:00:00,5,457.17,310.85,25.33,25.33,0.05,0.19,785.01,140178.59005847955,0.253,395.1417624627972,634635.1370526316,573.7109399999999,310190.23495092045,278281.4099415204,0.8971314328626471,31908.825009400025,0.10286856713735289,,0,,0,,1
COPEL,Pantanal,VERTA,2026-07-01 00:00:00,5,457.17,310.85,25.33,25.33,0.05,0.19,820.94,140178.59005847955,0.253,402.95718204146516,663682.461894737,573.7109399999999,330803.66902512044,278281.4099415204,0.8412283054828766,52522.259083600016,0.1587716945171234,,0,,0,,1
COPEL,Pantanal,VERTA,2026-08-01 00:00:00,5,457.17,310.85,25.33,25.33,0.05,0.19,1061.9,140178.59005847955,0.253,441.7036040375934,858484.6715789475,573.7109399999999,469045.05712752044,278281.4099415204,0.5932935561580033,190763.64718600002,0.40670644384199667,,0,,0,,1
COPEL,Pantanal,VERTA,2026-09-01 00:00:00,5,457.17,310.85,25.33,25.33,0.05,0.19,1067.4,140178.59005847955,0.253,442.3837992294552,862931.1031578948,573.7109399999999,472200.4672975205,278281.4099415204,0.5893289592324418,193919.05735600006,0.41067104076755817,,0,,0,,1
COPEL,Pantanal,VERTA,2026-10-01 00:00:00,5,457.17,310.85,25.33,25.33,0.05,0.19,1140.5,140178.59005847955,0.253,450.8011723029552,922028.2210526316,573.7109399999999,514138.7370115204,278281.4099415204,0.5412574270498605,235857.32707,0.4587425729501395,,0,,0,,1
COPEL,Pantanal,VERTA,2026-11-01 00:00:00,5,457.17,310.85,25.33,25.33,0.05,0.19,1199.5,140178.59005847955,0.253,456.8467548741312,969726.3052631579,573.7109399999999,547987.6824715204,278281.4099415204,0.5078242063515416,269706.27252999996,0.49217579364845837,,0,,0,,1
COPEL,Pantanal,VERTA,2026-12-01 00:00:00,5,457.17,310.85,25.33,25.33,0.05,0.19,1219.6,140178.59005847955,0.253,458.7727717001643,985975.9915789474,573.7109399999999,559519.2723655204,278281.4099415204,0.4973580423155218,281237.86242399993,0.5026419576844783,,0,,0,,1
COPEL,Alvorada,VERTA,2026-01-01 00:00:00,5,457.17,310.85,25.33,25.33,0.05,0.19,1165.1,140178.59005847955,0.253,453.3962974298519,941915.8968421052,573.7109399999999,528252.0261355204,272221.4099415204,0.5153248761447881,256030.616194,0.4846751238552119,,0,,0,,1
COPEL,Alvorada,VERTA,2026-02-01 00:00:00,5,457.17,310.85,25.33,25.33,0.05,0.19,1029.8,140178.59005847955,0.253,437.58879001118703,832533.68,573.7109399999999,450628.93595352035,272221.4099415204,0.6040921659092003,178407.52601199993,0.39590783409079966,,0,,0,,1
COPEL,Alvorada,VERTA,2026-03-01 00:00:00,5,457.17,310.85,25.33,25.33,0.05,0.19,1161.6,140178.59005847955,0.253,453.03377913698375,939086.3494736842,573.7109399999999,526244.0378455203,272221.4099415204,0.5172912002120039,254022.62790399988,0.4827087997879961,,0,,0,,1
COPEL,Alvorada,VERTA,2026-04-01 00:00:00,5,457.17,310.85,25.33,25.33,0.05,0.19,1030.4,140178.59005847955,0.253,437.6680536854818,833018.745263158,573.7109399999999,450973.1625175205,272221.4099415204,0.6036310640346464,178751.75257600006,0.39636893596535355,,0,,0,,1
COPEL,Alvorada,VERTA,2026-05-01 00:00:00,5,457.17,310.85,25.33,25.33,0.05,0.19,852.85,140178.59005847955,0.253,409.3460574784785,689479.8494736842,573.7109399999999,349110.7851205204,272221.4099415204,0.7797565172543834,76889.37517899997,0.2202434827456165,,0,,0,,1
COPEL,Alvorada,VERTA,2026-06-01 00:00:00,5,457.17,310.85,25.33,25.33,0.05,0.19,758.46,140178.59005847955,0.253,388.890923046595,613170.9991578948,573.7109399999999,294958.20949392044,272221.4099415204,0.9229151831664185,22736.799552400014,0.0770848168335815,,0,,0,,1
COPEL,Alvorada,VERTA,2026-07-01 00:00:00,5,457.17,310.85,25.33,25.33,0.05,0.19,870.14,140178.59005847955,0.253,412.6120478004924,703457.8134736842,573.7109399999999,359030.24727312045,272221.4099415204,0.7582130252508696,86808.83733160002,0.2417869747491304,,0,,0,,1
COPEL,Alvorada,VERTA,2026-08-01 00:00:00,5,457.17,310.85,25.33,25.33,0.05,0.19,978.05,140178.59005847955,0.253,430.38637575637273,790696.8010526316,573.7109399999999,420939.39480852033,272221.4099415204,0.6466997703205002,148717.9848669999,0.35330022967949987,,0,,0,,1
COPEL,Alvorada,VERTA,2026-09-01 00:00:00,5,457.17,310.85,25.33,25.33,0.05,0.19,1048.1,140178.59005847955,0.253,439.9655053482686,847328.1705263158,573.7109399999999,461127.8461555203,272221.4099415204,0.5903382591423699,188906.43621399987,0.4096617408576301,,0,,0,,1
COPEL,Alvorada,VERTA,2026-10-01 00:00:00,5,457.17,310.85,25.33,25.33,0.05,0.19,1155.7,140178.59005847955,0.253,452.41770641128363,934316.5410526317,573.7109399999999,522859.1432995205,272221.4099415204,0.5206400489119458,250637.73335800006,0.4793599510880542,,0,,0,,1
COPEL,Alvorada,VERTA,2026-11-01 00:00:00,5,457.17,310.85,25.33,25.33,0.05,0.19,1183.8,140178.59005847955,0.253,455.29685818003077,957033.7642105264,573.7109399999999,538980.4207135204,272221.4099415204,0.5050673447119741,266759.01077199995,0.4949326552880259,,0,,0,,1
COPEL,Alvorada,VERTA,2026-12-01 00:00:00,5,457.17,310.85,25.33,25.33,0.05,0.19,1032.5,140178.59005847955,0.253,437.9447510813757,834716.4736842106,573.7109399999999,452177.95549152046,272221.4099415204,0.6020227360389869,179956.54555000004,0.397977263961013,,0,,0,,1
CEEE,Coqueiro 1,HIDRUS,2026-01-01 00:00:00,2.5,478.63,343.37,31.36,31.36,0.05,0.17,322.5,82000,0.07,788.2221665118248,279047.36842105264,1042.4857324032976,254201.64870006347,303343.83,,-49142.18129993655,,,,,,,0
CEEE,Coqueiro 1,HIDRUS,2026-02-01 00:00:00,2.5,478.63,343.37,31.36,31.36,0.05,0.17,602.4,82000,0.07,906.3635544484504,521234.5263157895,1042.4857324032976,545993.4051997465,303343.83,,242649.57519974647,,,,,,,0
CEEE,Coqueiro 1,HIDRUS,2026-03-01 00:00:00,2.5,478.63,343.37,31.36,31.36,0.05,0.17,566.5,82000,0.07,897.7372769752304,490171.5789473684,1042.4857324032976,508568.16740646807,303343.83,,205224.33740646805,,,,,,,0
CEEE,Coqueiro 1,HIDRUS,2026-04-01 00:00:00,2.5,478.63,343.37,31.36,31.36,0.05,0.17,447.6,82000,0.07,859.2864473273369,387291.7894736843,1042.4857324032976,384616.613823716,303343.83,,81272.78382371599,,,,,,,0
CEEE,Coqueiro 1,HIDRUS,2026-05-01 00:00:00,2.5,478.63,343.37,31.36,31.36,0.05,0.17,353.3,82000,0.07,810.3883647271017,305697.47368421056,1042.4857324032976,286310.20925808506,303343.83,,-17033.620741914958,,,,,,,0
CEEE,Coqueiro 1,HIDRUS,2026-06-01 00:00:00,2.5,478.63,343.37,31.36,31.36,0.05,0.17,281.6,82000,0.07,751.2925505851159,243658.10526315792,1042.4857324032976,211563.98224476865,303343.83,,-91779.84775523137,,,,,,,0
CEEE,Coqueiro 1,HIDRUS,2026-07-01 00:00:00,2.5,478.63,343.37,31.36,31.36,0.05,0.17,322.5,82000,0.07,788.2221665118248,279047.36842105264,1042.4857324032976,254201.64870006347,303343.83,,-49142.18129993655,,,,,,,0
CEEE,Coqueiro 1,HIDRUS,2026-08-01 00:00:00,2.5,478.63,343.37,31.36,31.36,0.05,0.17,401.7,82000,0.07,838.3532952611516,347576.2105263158,1042.4857324032976,336766.5187064046,303343.83,,33422.68870640459,,,,,,,0
CEEE,Coqueiro 1,HIDRUS,2026-09-01 00:00:00,2.5,478.63,343.37,31.36,31.36,0.05,0.17,455.6,82000,0.07,862.5032916658085,394213.89473684214,1042.4857324032976,392956.4996829424,303343.83,,89612.66968294239,,,,,,,0
CEEE,Coqueiro 1,HIDRUS,2026-10-01 00:00:00,2.5,478.63,343.37,31.36,31.36,0.05,0.17,563.5,82000,0.07,896.9666552072017,487575.7894736842,1042.4857324032976,505440.71020925813,303343.83,,202096.88020925812,,,,,,,0
CEEE,Coqueiro 1,HIDRUS,2026-11-01 00:00:00,2.5,478.63,343.37,31.36,31.36,0.05,0.17,657.6,82000,0.07,917.7898686563389,568997.052631579,1042.4857324032976,603538.6176284085,303343.83,,300194.78762840846,,,,,,,0
CEEE,Coqueiro 1,HIDRUS,2026-12-01 00:00:00,2.5,478.63,343.37,31.36,31.36,0.05,0.17,721.4,82000,0.07,928.81786436892,624200.8421052631,1042.4857324032976,670049.2073557389,303343.83,,366705.37735573883,,,,,,,0
EMS,Cachoeira,NEXUS,2026-01-01 00:00:00,2.5,662.01,324.59,35.79,13.56,0.05,0.17,562.83,37560.512111604316,0.314,610.0725075003031,584513.7663157894,676.8075999999999,343367.1093963956,234107.48788839567,0.681799396278615,109259.62150799995,0.31820060372138503,,0,,0,,1
EMS,Cachoeira,NEXUS,2026-02-01 00:00:00,2.5,662.01,324.59,35.79,13.56,0.05,0.17,501.15,37560.512111604316,0.314,601.8589576541865,520457.4631578946,676.8075999999999,301621.61662839557,234107.48788839567,0.7761628311170456,67514.1287399999,0.22383716888295438,,0,,0,,1
EMS,Cachoeira,NEXUS,2026-03-01 00:00:00,2.5,662.01,324.59,35.79,13.56,0.05,0.17,512.75,37560.512111604316,0.314,603.5545290851206,532504.3684210526,676.8075999999999,309472.5847883956,234107.48788839567,0.7564724611986828,75365.09689999995,0.24352753880131722,,0,,0,,1
EMS,Cachoeira,NEXUS,2026-04-01 00:00:00,2.5,662.01,324.59,35.79,13.56,0.05,0.17,522.79,37560.512111604316,0.314,604.9613288172987,542931.1726315789,676.8075999999999,316267.7330923956,234107.48788839567,0.7402193249350627,82160.24520399992,0.25978067506493724,,0,,0,,1
EMS,Cachoeira,NEXUS,2026-05-01 00:00:00,2.5,662.01,324.59,35.79,13.56,0.05,0.17,486.88,37560.512111604316,0.314,599.6622826495145,505637.6926315789,676.8075999999999,291963.5721763956,234107.48788839567,0.8018380037731384,57856.084287999955,0.19816199622686165,,0,,0,,1
EMS,Cachoeira,NEXUS,2026-06-01 00:00:00,2.5,662.01,324.59,35.79,13.56,0.05,0.17,441.74,37560.512111604316,0.314,591.7790490161534,458758.61473684205,676.8075999999999,261412.47711239563,234107.48788839567,0.895548255670061,27304.98922399996,0.10445174432993894,,0,,0,,1
EMS,Cachoeira,NEXUS,2026-07-01 00:00:00,2.5,662.01,324.59,35.79,13.56,0.05,0.17,471.12,37560.512111604316,0.314,597.081602140422,489270.5178947368,676.8075999999999,281297.08440039563,234107.48788839567,0.8322428523829606,47189.59651199996,0.1677571476170394,,0,,0,,1
EMS,Cachoeira,NEXUS,2026-08-01 00:00:00,2.5,662.01,324.59,35.79,13.56,0.05,0.17,561.92,37560.512111604316,0.314,609.9644335143714,583568.7073684209,676.8075999999999,342751.21448039555,234107.48788839567,0.6830245320743743,108643.72659199988,0.3169754679256257,,0,,0,,1
EMS,Cachoeira,NEXUS,2026-09-01 00:00:00,2.5,662.01,324.59,35.79,13.56,0.05,0.17,542.66,37560.512111604316,0.314,607.5920467777164,563566.6905263157,676.8075999999999,329715.9001043956,234107.48788839567,0.7100278992134498,95608.41221599991,0.28997210078655017,,0,,0,,1
EMS,Cachoeira,NEXUS,2026-10-01 00:00:00,2.5,662.01,324.59,35.79,13.56,0.05,0.17,567.37,37560.512111604316,0.314,610.6065105669944,589228.6757894736,676.8075999999999,346439.8159003956,234107.48788839567,0.6757522580940972,112332.32801199995,0.3242477419059028,,0,,0,,1
EMS,Cachoeira,NEXUS,2026-11-01 00:00:00,2.5,662.01,324.59,35.79,13.56,0.05,0.17,571.78,37560.512111604316,0.314,611.1171034600644,593808.5768421051,676.8075999999999,349424.5374163956,234107.48788839567,0.6699801039141647,115317.04952799994,0.33001989608583526,,0,,0,,1
EMS,Cachoeira,NEXUS,2026-12-01 00:00:00,2.5,662.01,324.59,35.79,13.56,0.05,0.17,578.72,37560.512111604316,0.314,611.904862732229,601015.9494736842,676.8075999999999,354121.5821603956,234107.48788839567,0.6610935330746353,120014.09427199996,0.33890646692536475,,0,,0,,1
EMS,Horizonte I,TELMO,2026-01-01 00:00:00,2.5,662.01,324.59,35.79,13.56,0.05,0.17,575.15,37560.512111604316,0.32,648.5880475081165,597308.4105263157,706.1978947368419,373035.41552429314,91979.49,0.24657039565727248,14139.595,0.03790416247778272,7465.035,0.02001159860252962,259451.29552429312,0.6955138432624152,,1
EMS,Horizonte I,TELMO,2026-02-01 00:00:00,2.5,662.01,324.59,35.79,13.56,0.05,0.17,556.55,37560.512111604316,0.32,646.4055229560977,577991.8210526315,706.1978947368419,359756.99380121613,91979.49,0.2556711657725918,14139.595,0.03930318310312777,7465.035,0.020750215085810975,246172.87380121613,0.6842754360384695,,1
EMS,Horizonte I,TELMO,2026-03-01 00:00:00,2.5,662.01,324.59,35.79,13.56,0.05,0.17,594.47,37560.512111604316,0.32,650.7104490872686,617372.7389473683,706.1978947368419,386827.84066890855,91979.49,0.23777887817212867,14139.595,0.03655268187405952,7465.035,0.019298080994096363,273243.72066890856,0.7063703589597154,,1
EMS,Horizonte I,TELMO,2026-04-01 00:00:00,2.5,662.01,324.59,35.79,13.56,0.05,0.17,528.52,37560.512111604316,0.32,642.8262980459915,548881.9284210525,706.1978947368419,339746.55504326744,91979.49,0.27072972083053565,14139.595,0.041618067321386946,7465.035,0.021972364073123012,226162.43504326744,0.6656798477749544,,1
EMS,Horizonte I,TELMO,2026-05-01 00:00:00,2.5,662.01,324.59,35.79,13.56,0.05,0.17,512.49,37560.512111604316,0.32,640.6034068520877,532234.3515789473,706.1978947368419,328302.8399776264,91979.49,0.280166598638831,14139.595,0.043068756276868035,7465.035,0.022738258982190764,214718.7199776264,0.6540263861021103,,1
EMS,Horizonte I,TELMO,2026-06-01 00:00:00,2.5,662.01,324.59,35.79,13.56,0.05,0.17,472.66,37560.512111604316,0.32,634.4274029018219,490869.84842105256,706.1978947368419,299868.4562555752,91979.49,0.30673279593505065,14139.595,0.04715265879098984,7465.035,0.024894365660246765,186284.33625557518,0.6212201796137128,,1
EMS,Horizonte I,TELMO,2026-07-01 00:00:00,2.5,662.01,324.59,35.79,13.56,0.05,0.17,496.38,37560.512111604316,0.32,638.2247742066628,515503.6926315789,706.1978947368419,316802.0134207033,91979.49,0.2903374540042903,14139.595,0.044632276314554395,7465.035,0.023563723346943077,203217.8934207033,0.6414665463342123,,1
EMS,Horizonte I,TELMO,2026-08-01 00:00:00,2.5,662.01,324.59,35.79,13.56,0.05,0.17,604.11,37560.512111604316,0.32,651.7186859485785,627384.1326315788,706.1978947368419,393709.7753683957,91979.49,0.2336225711285285,14139.595,0.03591375140932055,7465.035,0.01896075603663876,280125.65536839573,0.7115029214255122,,0.9999999999999999
EMS,Horizonte I,TELMO,2026-09-01 00:00:00,2.5,662.01,324.59,35.79,13.56,0.05,0.17,584.61,37560.512111604316,0.32,649.6448048586163,607132.8694736841,706.1978947368419,379788.8493683957,91979.49,0.2421858623626408,14139.595,0.037230147813751564,7465.035,0.01965575085317712,266204.7293683957,0.7009282389704306,,1
EMS,Horizonte I,TELMO,2026-10-01 00:00:00,2.5,662.01,324.59,35.79,13.56,0.05,0.17,584.33,37560.512111604316,0.32,649.6140180187712,606842.0821052631,706.1978947368419,379588.95914890856,91979.49,0.242313396591489,14139.595,0.03724975307949669,7465.035,0.019666101502893156,266004.83914890856,0.7007707488261211,,1
EMS,Horizonte I,TELMO,2026-11-01 00:00:00,2.5,662.01,324.59,35.79,13.56,0.05,0.17,572.83,37560.512111604316,0.32,648.3235554651706,594899.0294736841,706.1978947368419,371379.18227711366,91979.49,0.24767002134052646,14139.595,0.038073203008588116,7465.035,0.020100843978997675,257795.06227711364,0.6941559316718877,,1
EMS,Horizonte I,TELMO,2026-12-01 00:00:00,2.5,662.01,324.59,35.79,13.56,0.05,0.17,619.11,37560.512111604316,0.32,653.2250811386996,642962.027368421,706.1978947368419,404418.1799837803,91979.49,0.2274365855750821,14139.595,0.03496280755866881,7465.035,0.018458702821666905,290834.0599837803,0.7191419040445822,,1
EMS,Horizonte II,TELMO,2026-01-01 00:00:00,1.25,662.01,324.59,35.79,13.56,0.05,0.17,286.05,18826.301585288526,0.32,648.0789177769483,297070.4526315789,706.1978947368419,185382.97443009607,91979.49,0.49615931712587497,14139.595,0.07627234940785642,7465.035,0.04026818009015657,71798.85443009606,0.387300153376112,,1
EMS,Horizonte II,TELMO,2026-02-01 00:00:00,1.25,662.01,324.59,35.79,13.56,0.05,0.17,278.12,18826.301585288526,0.32,646.2023509879288,288834.93894736836,706.1978947368419,179721.79785676274,91979.49,0.5117881698095805,14139.595,0.07867490292562718,7465.035,0.04153661430623786,66137.67785676273,0.36800031295855434,,0.9999999999999999
EMS,Horizonte II,TELMO,2026-03-01 00:00:00,1.25,662.01,324.59,35.79,13.56,0.05,0.17,278.81,18826.301585288526,0.32,646.369873638214,289551.52210526314,706.1978947368419,180214.38446907044,91979.49,0.5103892803617245,14139.595,0.07845985791676206,7465.035,0.04142308074903531,66630.26446907043,0.3697277809724781,,1
EMS,Horizonte II,TELMO,2026-04-01 00:00:00,1.25,662.01,324.59,35.79,13.56,0.05,0.17,264.29,18826.301585288526,0.32,642.6601415164332,274472.12,706.1978947368419,169848.64880137815,91979.49,0.5415379554038212,14139.595,0.08324820420876537,7465.035,0.04395110030418699,56264.52880137814,0.3312627400832264,,1
EMS,Horizonte II,TELMO,2026-05-01 00:00:00,1.25,662.01,324.59,35.79,13.56,0.05,0.17,254.26,18826.301585288526,0.32,639.8501360099542,264055.70105263154,706.1978947368419,162688.29558189094,91979.49,0.5653725098724212,14139.595,0.08691218350666584,7465.035,0.04588550745645001,49104.17558189093,0.30182979916446295,,1
EMS,Horizonte II,TELMO,2026-06-01 00:00:00,1.25,662.01,324.59,35.79,13.56,0.05,0.17,235.67,18826.301585288526,0.32,634.0094742445974,244749.4968421052,706.1978947368419,149417.01279522426,91979.49,0.6155891372695138,14139.595,0.09463176070437365,7465.035,0.049961077793937804,35832.89279522425,0.23981802423217471,,1
EMS,Horizonte II,TELMO,2026-07-01 00:00:00,1.25,662.01,324.59,35.79,13.56,0.05,0.17,243.77,18826.301585288526,0.32,636.6638687596177,253161.55999999997,706.1978947368419,155199.551287532,91979.49,0.592653066564563,14139.595,0.09110590129093954,7465.035,0.04809959138457706,41615.43128753199,0.2681414407599204,,1
EMS,Horizonte II,TELMO,2026-08-01 00:00:00,1.25,662.01,324.59,35.79,13.56,0.05,0.17,302.15,18826.301585288526,0.32,651.5858416369647,313790.7263157894,706.1978947368419,196876.66205060887,91979.49,0.46719346540097206,14139.595,0.07181955876702792,7465.035,0.037917317991103726,83292.54205060886,0.42306965784089623,,0.9999999999999999
EMS,Horizonte II,TELMO,2026-09-01 00:00:00,1.25,662.01,324.59,35.79,13.56,0.05,0.17,292.43,18826.301585288526,0.32,649.5148099026765,303696.25052631577,706.1978947368419,189937.6158598397,91979.49,0.48426158022260457,14139.595,0.07444336360646964,7465.035,0.03930256240295582,76353.49585983968,0.40199249376796997,,1
EMS,Horizonte II,TELMO,2026-10-01 00:00:00,1.25,662.01,324.59,35.79,13.56,0.05,0.17,281.09,18826.301585288526,0.32,646.9175778953677,291919.3621052631,706.1978947368419,181842.0619706089,91979.49,0.5058207600773172,14139.595,0.07775755975691356,7465.035,0.04105230065641564,68257.94197060888,0.37536937950935356,,1
EMS,Horizonte II,TELMO,2026-11-01 00:00:00,1.25,662.01,324.59,35.79,13.56,0.05,0.17,300.9,18826.301585288526,0.32,651.3270023241171,312492.56842105254,706.1978947368419,195984.2949993268,91979.49,0.46932071776626766,14139.595,0.07214657174468274,7465.035,0.03808996532107658,82400.1749993268,0.420442745167973,,1
EMS,Horizonte II,TELMO,2026-12-01 00:00:00,1.25,662.01,324.59,35.79,13.56,0.05,0.17,306.03,18826.301585288526,0.32,652.3758107956357,317820.20842105255,706.1978947368419,199646.56937778837,91979.49,0.46071159793358896,14139.595,0.07082313031507115,7465.035,0.037391251065647016,86062.44937778836,0.4310740206856929,,1
EMS,Horizonte III,LOGIX,2026-01-01 00:00:00,0.875,662.01,324.59,35.79,13.56,0.05,0.17,189.06,13206.038427393789,0.37,512.3505264962637,196343.78526315786,788.2790107799618,96864.99053938362,58234.97,0.60119729198056,38630.02053938362,0.39880270801943996,0,0,,0,,1
EMS,Horizonte III,LOGIX,2026-02-01 00:00:00,0.875,662.01,324.59,35.79,13.56,0.05,0.17,182.82,13206.038427393789,0.37,513.0096703229203,189863.38105263154,788.2790107799618,93788.42792843629,58234.97,0.6209185001419923,35553.457928436284,0.3790814998580077,0,0,,0,,1
EMS,Horizonte III,LOGIX,2026-03-01 00:00:00,0.875,662.01,324.59,35.79,13.56,0.05,0.17,212.16,13206.038427393789,0.37,478.06745038111484,220333.7431578947,788.2790107799618,101426.79027285732,58234.97,0.5741576741543025,43191.82027285732,0.4258423258456974,0,0,,0,,1
EMS,Horizonte III,LOGIX,2026-04-01 00:00:00,0.875,662.01,324.59,35.79,13.56,0.05,0.17,194.41,13206.038427393789,0.37,515.4404303537259,201899.90105263155,788.2790107799618,100206.77406506785,58234.97,0.5811480365807001,41971.804065067845,0.41885196341929987,0,0,,0,,1
EMS,Horizonte III,LOGIX,2026-05-01 00:00:00,0.875,662.01,324.59,35.79,13.56,0.05,0.17,190.93,13206.038427393789,0.37,479.5504752770481,198285.8294736842,788.2790107799618,91560.5722446468,58234.97,0.6360267151279713,33325.6022446468,0.36397328487202874,0,0,,0,,1
EMS,Horizonte III,LOGIX,2026-06-01 00:00:00,0.875,662.01,324.59,35.79,13.56,0.05,0.17,177.06,13206.038427393789,0.37,477.57110637972534,183881.46947368418,788.2790107799618,84558.74009559417,58234.97,0.6886924986602806,26323.77009559417,0.3113075013397194,0,0,,0,,1
EMS,Horizonte III,LOGIX,2026-07-01 00:00:00,0.875,662.01,324.59,35.79,13.56,0.05,0.17,192.51,13206.038427393789,0.37,481.95204639985604,199926.70105263154,788.2790107799618,92780.58845243628,58234.97,0.6276632965079113,34545.618452436276,0.3723367034920887,0,0,,0,,1
EMS,Horizonte III,LOGIX,2026-08-01 00:00:00,0.875,662.01,324.59,35.79,13.56,0.05,0.17,224.18,13206.038427393789,0.37,485.79721682771105,232816.8294736842,788.2790107799618,108906.02006843626,58234.97,0.5347268219277989,50671.05006843626,0.4652731780722012,0,0,,0,,1
EMS,Horizonte III,LOGIX,2026-09-01 00:00:00,0.875,662.01,324.59,35.79,13.56,0.05,0.17,213.12,13206.038427393789,0.37,479.6473959134189,221330.7284210526,788.2790107799618,102222.45301706783,58234.97,0.5696886376839015,43987.48301706783,0.4303113623160985,0,0,,0,,1
EMS,Horizonte III,LOGIX,2026-10-01 00:00:00,0.875,662.01,324.59,35.79,13.56,0.05,0.17,217.67,13206.038427393789,0.37,480.587316808469,226056.0231578947,788.2790107799618,104609.44124969943,58234.97,0.556689427878646,46374.47124969943,0.44331057212135405,0,0,,0,,1
EMS,Horizonte III,LOGIX,2026-11-01 00:00:00,0.875,662.01,324.59,35.79,13.56,0.05,0.17,202.62,13206.038427393789,0.37,509.21551826137835,210426.20210526313,788.2790107799618,103177.24831012049,58234.97,0.5644167774756194,44942.278310120484,0.4355832225243806,0,0,,0,,1
EMS,Horizonte III,LOGIX,2026-12-01 00:00:00,0.875,662.01,324.59,35.79,13.56,0.05,0.17,214.39,13206.038427393789,0.37,478.5380022281797,222649.6568421052,788.2790107799618,102593.76229769945,58234.97,0.5676268098153747,44358.792297699445,0.43237319018462533,0,0,,0,,1
EQUATORIAL GO,Jatobá 1,SOLARA,2026-01-01 00:00:00,5,567.67,324.14,26.08,13.01,0.05,0.19,1088.62,88762.18323586746,0.23,605.1572747681768,1021939.1602105262,686.6936999999999,658786.3124581325,366922.8167641325,0.5569678814288531,291863.495694,0.4430321185711469,,0,,0,,1
EQUATORIAL GO,Jatobá 1,SOLARA,2026-02-01 00:00:00,5,567.67,324.14,26.08,13.01,0.05,0.19,995.9200000000001,88762.18323586746,0.23,597.5678834325373,934917.2791578949,686.6936999999999,595129.8064681327,366922.8167641325,0.6165424967397933,228206.98970400012,0.38345750326020667,,0,,0,,1
EQUATORIAL GO,Jatobá 1,SOLARA,2026-03-01 00:00:00,5,567.67,324.14,26.08,13.01,0.05,0.19,1068.8200000000002,88762.18323586746,0.23,603.646804137397,1003351.9623157897,686.6936999999999,645189.7771981327,366922.8167641325,0.5687052549988767,278266.9604340002,0.43129474500112325,,0,,0,,1
EQUATORIAL GO,Jatobá 1,SOLARA,2026-04-01 00:00:00,5,567.67,324.14,26.08,13.01,0.05,0.19,1072.24,88762.18323586746,0.23,603.9116892226857,1006562.4783157895,686.6936999999999,647538.2696521325,366922.8167641325,0.5666426742024824,280615.452888,0.4333573257975176,,0,,0,,1
EQUATORIAL GO,Jatobá 1,SOLARA,2026-05-01 00:00:00,5,567.67,324.14,26.08,13.01,0.05,0.19,1113.6899999999998,88762.18323586746,0.23,606.9927210598394,1045473.556736842,686.6936999999999,676001.7235171325,366922.8167641325,0.542783848027916,309078.90675299993,0.457216151972084,,0,,0,,1
EQUATORIAL GO,Jatobá 1,SOLARA,2026-06-01 00:00:00,5,567.67,324.14,26.08,13.01,0.05,0.19,1051.89,88762.18323586746,0.23,602.3101777344899,987458.9693684212,686.6936999999999,633564.0528571326,366922.8167641325,0.5791408384194942,266641.2360930001,0.4208591615805058,,0,,0,,1
EQUATORIAL GO,Jatobá 1,SOLARA,2026-07-01 00:00:00,5,567.67,324.14,26.08,13.01,0.05,0.19,1173.04,88762.18323586746,0.23,611.0251948886079,1101188.2130526316,686.6936999999999,716756.9946121325,366922.8167641325,0.5119208037344511,349834.177848,0.4880791962655489,,0,,0,,1
EQUATORIAL GO,Jatobá 1,SOLARA,2026-08-01 00:00:00,5,567.67,324.14,26.08,13.01,0.05,0.19,1284.73,88762.18323586746,0.23,617.6035540270193,1206036.906631579,686.6936999999999,793453.8139651326,366922.8167641325,0.46243752352831535,426530.99720100005,0.5375624764716846,,0,,0,,1
EQUATORIAL GO,Jatobá 1,SOLARA,2026-09-01 00:00:00,5,567.67,324.14,26.08,13.01,0.05,0.19,1199.77,88762.18323586746,0.23,612.7110339591193,1126280.9302105263,686.6936999999999,735112.3172131325,366922.8167641325,0.49913844207530794,368189.500449,0.5008615579246921,,0,,0,,1
EQUATORIAL GO,Jatobá 1,SOLARA,2026-10-01 00:00:00,5,567.67,324.14,26.08,13.01,0.05,0.19,1183,88762.18323586746,0.23,611.6622686932651,1110538.1368421053,686.6936999999999,723596.4638641326,366922.8167641325,0.5070821031997587,356673.6471000001,0.4929178968002414,,0,,0,,1
EQUATORIAL GO,Jatobá 1,SOLARA,2026-11-01 00:00:00,5,567.67,324.14,26.08,13.01,0.05,0.19,1104.5900000000001,88762.18323586746,0.23,606.3361164297455,1036930.9556842108,686.6936999999999,669752.8108471327,366922.8167641325,0.5478481177257509,302829.9940830002,0.45215188227424913,,0,,0,,1
EQUATORIAL GO,Jatobá 1,SOLARA,2026-12-01 00:00:00,5,567.67,324.14,26.08,13.01,0.05,0.19,1063.42,88762.18323586746,0.23,603.2250956518897,998282.7265263159,686.6936999999999,641481.6312181326,366922.8167641325,0.5719927101690653,274558.81445400004,0.4280072898309347,,0,,0,,1
EQUATORIAL GO,Jatobá 2,SOLARA,2026-01-01 00:00:00,5,567.67,324.14,26.08,13.01,0.05,0.19,1063.56,88762.18323586746,0.23,603.2360829065897,998414.1511578948,686.6936999999999,641577.7683361325,363262.8167641325,0.5662023135655373,278314.951572,0.43379768643446276,,0,,0,,1
EQUATORIAL GO,Jatobá 2,SOLARA,2026-02-01 00:00:00,5,567.67,324.14,26.08,13.01,0.05,0.19,1017.8900000000001,88762.18323586746,0.23,599.4915629951494,955541.5588421054,686.6936999999999,610216.4670571326,363262.8167641325,0.595301563256767,246953.6502930001,0.40469843674323297,,0,,0,,1
EQUATORIAL GO,Jatobá 2,SOLARA,2026-03-01 00:00:00,5,567.67,324.14,26.08,13.01,0.05,0.19,1132.57,88762.18323586746,0.23,608.3213404673729,1063197.1070526317,686.6936999999999,688966.5005731325,363262.8167641325,0.5272575901178708,325703.683809,0.4727424098821292,,0,,0,,1
EQUATORIAL GO,Jatobá 2,SOLARA,2026-04-01 00:00:00,5,567.67,324.14,26.08,13.01,0.05,0.19,1074.3999999999999,88762.18323586746,0.23,604.0781161989321,1008590.1726315789,686.6936999999999,649021.5280441325,363262.8167641325,0.5597084242472634,285758.71128,0.44029157575273653,,0,,0,,1
EQUATORIAL GO,Jatobá 2,SOLARA,2026-05-01 00:00:00,5,567.67,324.14,26.08,13.01,0.05,0.19,1059.2,88762.18323586746,0.23,602.8925451323004,994321.212631579,686.6936999999999,638583.7838041326,363262.8167641325,0.5688569393355486,275320.9670400001,0.4311430606644514,,0,,0,,1
EQUATORIAL GO,Jatobá 2,SOLARA,2026-06-01 00:00:00,5,567.67,324.14,26.08,13.01,0.05,0.19,1006.8799999999999,88762.18323586746,0.23,598.5380277889446,945205.9503157894,686.6936999999999,602655.9694201325,363262.8167641325,0.6027697976901468,239393.15265599993,0.39723020230985323,,0,,0,,1
EQUATORIAL GO,Jatobá 2,SOLARA,2026-07-01 00:00:00,5,567.67,324.14,26.08,13.01,0.05,0.19,1135.9,88762.18323586746,0.23,608.5510965702373,1066323.1357894738,686.6936999999999,691253.1905941326,363262.8167641325,0.5255134033477775,327990.3738300001,0.47448659665222254,,0,,0,,1
EQUATORIAL GO,Jatobá 2,SOLARA,2026-08-01 00:00:00,5,567.67,324.14,26.08,13.01,0.05,0.19,1234.6899999999998,88762.18323586746,0.23,614.8034415255104,1159061.9883157893,686.6936999999999,759091.6612171324,363262.8167641325,0.47854934433303437,395828.8444529998,0.5214506556669657,,0,,0,,1
EQUATORIAL GO,Jatobá 2,SOLARA,2026-09-01 00:00:00,5,567.67,324.14,26.08,13.01,0.05,0.19,1156.6999999999998,88762.18323586746,0.23,609.9562717680751,1085849.0810526314,686.6936999999999,705536.4195541324,363262.8167641325,0.5148746495520365,342273.60278999986,0.48512535044796345,,0,,0,,1
EQUATORIAL GO,Jatobá 2,SOLARA,2026-10-01 00:00:00,5,567.67,324.14,26.08,13.01,0.05,0.19,1176.67,88762.18323586746,0.23,611.2586304937938,1104595.8660000002,686.6936999999999,719249.6927431325,363262.8167641325,0.505058007572713,355986.87597899995,0.494941992427287,,0,,0,,1
EQUATORIAL GO,Jatobá 2,SOLARA,2026-11-01 00:00:00,5,567.67,324.14,26.08,13.01,0.05,0.19,1093.56,88762.18323586746,0.23,605.5256038407883,1026576.5722105263,686.6936999999999,662178.5793361325,363262.8167641325,0.5485873873001478,298915.762572,0.4514126126998523,,0,,0,,1
EQUATORIAL GO,Jatobá 2,SOLARA,2026-12-01 00:00:00,5,567.67,324.14,26.08,13.01,0.05,0.19,1142.07,88762.18323586746,0.23,608.9732597153699,1072115.2070526315,686.6936999999999,695490.0907231325,363262.8167641325,0.5223119949652075,332227.27395899995,0.4776880050347924,,0,,0,,1
EQUATORIAL GO,Jatobá 6,VERTA,2026-01-01 00:00:00,5,567.67,324.14,26.08,13.01,0.05,0.19,1070.47,88762.18323586746,0.2939,546.7881518803913,1004900.8954736843,629.7070409999999,585320.3129434024,468256.25035472197,0.8,117064.06258868049,0.2,,,,,,1
EQUATORIAL GO,Jatobá 6,VERTA,2026-02-01 00:00:00,5,567.67,324.14,26.08,13.01,0.05,0.19,775.6600000000001,88762.18323586746,0.2939,515.2726454712019,728148.7837894738,629.7070409999999,399676.3801861925,319741.10414895404,0.8,79935.27603723851,0.2,,,,,,1
EQUATORIAL GO,Jatobá 6,VERTA,2026-03-01 00:00:00,5,567.67,324.14,26.08,13.01,0.05,0.19,847.01,88762.18323586746,0.2939,524.9123122059273,795128.4085263158,629.7070409999999,444605.9775615425,355684.782049234,0.8,88921.1955123085,0.2,,,,,,1
EQUATORIAL GO,Jatobá 6,VERTA,2026-04-01 00:00:00,5,567.67,324.14,26.08,13.01,0.05,0.19,819.8499999999999,88762.18323586746,0.2939,521.4406712544763,769632.0299999999,629.7070409999999,427503.1343279824,342002.5074623859,0.8,85500.62686559648,0.2,,,,,,1
EQUATORIAL GO,Jatobá 6,VERTA,2026-05-01 00:00:00,5,567.67,324.14,26.08,13.01,0.05,0.19,812.65,88762.18323586746,0.2939,520.4814417434104,762873.0489473684,629.7070409999999,422969.2436327824,338375.39490622596,0.8,84593.84872655649,0.2,,,,,,1
EQUATORIAL GO,Jatobá 6,VERTA,2026-06-01 00:00:00,5,567.67,324.14,26.08,13.01,0.05,0.19,779.58,88762.18323586746,0.2939,515.8480615035178,731828.6734736842,629.7070409999999,402144.83178691246,321715.86542953,0.8,80428.9663573825,0.2,,,,,,1
EQUATORIAL GO,Jatobá 6,VERTA,2026-07-01 00:00:00,5,567.67,324.14,26.08,13.01,0.05,0.19,856.12,88762.18323586746,0.2939,526.0274362297954,803680.3970526316,629.7070409999999,450342.60870505247,360274.086964042,0.8,90068.5217410105,0.2,,,,,,1
EQUATORIAL GO,Jatobá 6,VERTA,2026-08-01 00:00:00,5,567.67,324.14,26.08,13.01,0.05,0.19,962.1,88762.18323586746,0.2939,537.4482495688935,903168.8431578948,629.7070409999999,517078.96091023245,413663.168728186,0.8,103415.7921820465,0.2,,,,,,1
EQUATORIAL GO,Jatobá 6,VERTA,2026-09-01 00:00:00,5,567.67,324.14,26.08,13.01,0.05,0.19,914.98,88762.18323586746,0.2939,532.6970700324733,858935.0671578948,629.7070409999999,487407.16513831244,389925.73211065,0.8,97481.4330276625,0.2,,,,,,1
EQUATORIAL GO,Jatobá 6,VERTA,2026-10-01 00:00:00,5,567.67,324.14,26.08,13.01,0.05,0.19,874.86,88762.18323586746,0.2939,528.2483124767305,821272.5227368422,629.7070409999999,462143.31865339243,369714.654922714,0.8,92428.6637306785,0.2,,,,,,1
EQUATORIAL GO,Jatobá 6,VERTA,2026-11-01 00:00:00,5,567.67,324.14,26.08,13.01,0.05,0.19,827.6500000000001,88762.18323586746,0.2939,522.4610031387451,776954.2594736844,629.7070409999999,432414.8492477825,345931.87939822604,0.8,86482.96984955651,0.2,,,,,,1
EQUATORIAL GO,Jatobá 6,VERTA,2026-12-01 00:00:00,5,567.67,324.14,26.08,13.01,0.05,0.19,887.12,88762.18323586746,0.2939,529.6504722879118,832781.5654736842,629.7070409999999,469863.5269760524,375890.8215808419,0.8,93972.70539521048,0.2,,,,,,1
EQUATORIAL GO,Jatobá 71,sem cliente,2026-01-01 00:00:00,1,567.67,324.14,26.08,13.01,0.05,0.19,198.62,14480.662573099418,0.32,533.5244332036077,186454.0023157895,606.4307999999999,105968.62292290057,84774.89833832046,0.8,21193.724584580115,0.2,,0,,0,,1
EQUATORIAL GO,Jatobá 71,sem cliente,2026-02-01 00:00:00,1,567.67,324.14,26.08,13.01,0.05,0.19,197.24,14480.662573099418,0.32,533.0143399863139,185158.53094736845,606.4307999999999,105131.74841890056,84105.39873512046,0.8,21026.349683780114,0.2,,0,,0,,1
EQUATORIAL GO,Jatobá 71,sem cliente,2026-03-01 00:00:00,1,567.67,324.14,26.08,13.01,0.05,0.19,216.63,14480.662573099418,0.32,539.5856604851616,203360.84242105263,606.4307999999999,116890.44163090056,93512.35330472045,0.8,23378.088326180114,0.2,,0,,0,,1
EQUATORIAL GO,Jatobá 71,sem cliente,2026-04-01 00:00:00,1,567.67,324.14,26.08,13.01,0.05,0.19,215.41,14480.662573099418,0.32,539.2070751353259,202215.57063157894,606.4307999999999,116150.59605490055,92920.47684392045,0.8,23230.119210980112,0.2,,0,,0,,1
EQUATORIAL GO,Jatobá 71,sem cliente,2026-05-01 00:00:00,1,567.67,324.14,26.08,13.01,0.05,0.19,199.77,14480.662573099418,0.32,533.9441274610831,187533.5617894737,606.4307999999999,106666.01834290057,85332.81467432046,0.8,21333.203668580114,0.2,,0,,0,,1
EQUATORIAL GO,Jatobá 71,MINCO,2026-06-01 00:00:00,1,567.67,324.14,26.08,13.01,0.05,0.19,201.78,14480.662573099418,0.32,534.6661921444174,189420.44400000002,606.4307999999999,107884.94425090056,86307.95540072046,0.8,21576.988850180114,0.2,,0,,0,,1
EQUATORIAL GO,Jatobá 71,MINCO,2026-07-01 00:00:00,1,567.67,324.14,26.08,13.01,0.05,0.19,222.35,14480.662573099418,0.32,541.3052656033306,208730.47736842107,606.4307999999999,120359.22580690055,96287.38064552045,0.8,24071.84516138011,0.2,,0,,0,,1
EQUATORIAL GO,Jatobá 71,MINCO,2026-08-01 00:00:00,1,567.67,324.14,26.08,13.01,0.05,0.19,248.56,14480.662573099418,0.32,548.1725823740768,233335.04589473686,606.4307999999999,136253.77707490054,109003.02165992044,0.8,27250.75541498011,0.2,,0,,0,,1
EQUATORIAL GO,Jatobá 71,MINCO,2026-09-01 00:00:00,1,567.67,324.14,26.08,13.01,0.05,0.19,219.02,14480.662573099418,0.32,540.3150910551574,205604.44863157897,606.4307999999999,118339.81124290057,94671.84899432046,0.8,23667.962248580116,0.2,,0,,0,,1
EQUATORIAL GO,Jatobá 71,MINCO,2026-10-01 00:00:00,1,567.67,324.14,26.08,13.01,0.05,0.19,221.93,14480.662573099418,0.32,541.1820162704482,208336.20347368423,606.4307999999999,120104.52487090057,96083.61989672045,0.8,24020.904974180114,0.2,,0,,0,,1
EQUATORIAL GO,Jatobá 71,MINCO,2026-11-01 00:00:00,1,567.67,324.14,26.08,13.01,0.05,0.19,203.08,14480.662573099418,0.32,535.1255874084133,190640.8155789474,606.4307999999999,108673.30429090056,86938.64343272045,0.8,21734.660858180112,0.2,,0,,0,,1
EQUATORIAL GO,Jatobá 71,MINCO,2026-12-01 00:00:00,1,567.67,324.14,26.08,13.01,0.05,0.19,193.74,14480.662573099418,0.32,531.6880387060006,181872.91515789475,606.4307999999999,103009.24061890057,82407.39249512047,0.8,20601.848123780117,0.2,,0,,0,,1
EQUATORIAL GO,Jatobá 72,ENERVA,2026-01-01 00:00:00,1,567.67,324.14,26.08,13.01,0.05,0.19,196.93,17752.43664717349,0.32,538.1029955969154,184867.5192631579,638.3482105263157,105968.62292290057,84774.89833832046,0.8,21193.724584580115,0.2,,0,,0,,1
EQUATORIAL GO,Jatobá 72,ENERVA,2026-02-01 00:00:00,1,567.67,324.14,26.08,13.01,0.05,0.19,204.7,17752.43664717349,0.32,513.5893913966809,192161.58631578946,638.3482105263157,105131.74841890056,84105.39873512046,0.8,21026.349683780114,0.2,,0,,0,,1
EQUATORIAL GO,Jatobá 72,ENERVA,2026-03-01 00:00:00,1,567.67,324.14,26.08,13.01,0.05,0.19,226.6,17752.43664717349,0.32,515.8448439139478,212720.15368421053,638.3482105263157,116890.44163090058,93512.35330472045,0.7999999999999999,23378.088326180114,0.19999999999999998,,0,,0,,0.9999999999999999
EQUATORIAL GO,Jatobá 72,ENERVA,2026-04-01 00:00:00,1,567.67,324.14,26.08,13.01,0.05,0.19,228.11,17752.43664717349,0.32,509.1867785493865,214137.66221052632,638.3482105263157,116150.59605490055,92920.47684392045,0.8,23230.119210980112,0.2,,0,,0,,1
EQUATORIAL GO,Jatobá 72,ENERVA,2026-05-01 00:00:00,1,567.67,324.14,26.08,13.01,0.05,0.19,214.22,17752.43664717349,0.32,497.9274500182082,201098.4612631579,638.3482105263157,106666.01834290057,85332.81467432046,0.8,21333.203668580114,0.2,,0,,0,,1
EQUATORIAL GO,Jatobá 72,ENERVA,2026-06-01 00:00:00,1,567.67,324.14,26.08,13.01,0.05,0.19,217.27,17752.43664717349,0.32,496.5478172361604,203961.64073684212,638.3482105263157,107884.94425090057,86307.95540072046,0.7999999999999999,21576.988850180114,0.19999999999999998,,0,,0,,0.9999999999999999
EQUATORIAL GO,Jatobá 72,ENERVA,2026-07-01 00:00:00,1,567.67,324.14,26.08,13.01,0.05,0.19,238.71,17752.43664717349,0.32,504.2068862087912,224088.3843157895,638.3482105263157,120359.22580690056,96287.38064552045,0.7999999999999999,24071.84516138011,0.19999999999999998,,0,,0,,0.9999999999999999
EQUATORIAL GO,Jatobá 72,ENERVA,2026-08-01 00:00:00,1,567.67,324.14,26.08,13.01,0.05,0.19,264.46,17752.43664717349,0.32,515.2150687245729,248261.12905263156,638.3482105263157,136253.77707490054,109003.02165992044,0.8,27250.75541498011,0.2,,0,,0,,1
EQUATORIAL GO,Jatobá 72,ENERVA,2026-09-01 00:00:00,1,567.67,324.14,26.08,13.01,0.05,0.19,229.16,17752.43664717349,0.32,516.4069263523328,215123.34694736844,638.3482105263157,118339.81124290059,94671.84899432046,0.7999999999999999,23667.962248580116,0.19999999999999998,,0,,0,,0.9999999999999999
EQUATORIAL GO,Jatobá 72,ENERVA,2026-10-01 00:00:00,1,567.67,324.14,26.08,13.01,0.05,0.19,229,17752.43664717349,0.32,524.4739077331902,214973.14736842105,638.3482105263157,120104.52487090057,96083.61989672045,0.8,24020.904974180114,0.2,,0,,0,,1
EQUATORIAL GO,Jatobá 72,ENERVA,2026-11-01 00:00:00,1,567.67,324.14,26.08,13.01,0.05,0.19,211.26,17752.43664717349,0.32,514.4054922413167,198319.76905263157,638.3482105263157,108673.30429090056,86938.64343272045,0.8,21734.660858180112,0.2,,0,,0,,1
EQUATORIAL GO,Jatobá 72,ENERVA,2026-12-01 00:00:00,1,567.67,324.14,26.08,13.01,0.05,0.19,199.8,17752.43664717349,0.32,515.5617648593623,187561.72421052633,638.3482105263157,103009.24061890059,82407.39249512047,0.8,20601.848123780117,0.2,,0,,0,,1
EQUATORIAL GO,Jatobá 73,NOVASOL,2026-01-01 00:00:00,1,567.67,324.14,26.08,13.01,0.05,0.19,196.93,14480.662573099418,0.353,503.4690404813923,184867.5192631579,577.00107,99148.1581420006,79318.52651360049,0.8,19829.631628400122,0.2,,0,,0,,1
EQUATORIAL GO,Jatobá 73,NOVASOL,2026-02-01 00:00:00,1,567.67,324.14,26.08,13.01,0.05,0.19,195.83,14480.662573099418,0.353,503.0560024766409,183834.89715789477,577.00107,98513.4569650006,78810.76557200048,0.8,19702.69139300012,0.2,,0,,0,,1
EQUATORIAL GO,Jatobá 73,NOVASOL,2026-03-01 00:00:00,1,567.67,324.14,26.08,13.01,0.05,0.19,216.38,14480.662573099418,0.353,510.0786992952241,203126.15557894736,577.00107,110370.82895350059,88296.66316280048,0.8,22074.16579070012,0.2,,0,,0,,1
EQUATORIAL GO,Jatobá 73,NOVASOL,2026-04-01 00:00:00,1,567.67,324.14,26.08,13.01,0.05,0.19,216.83,14480.662573099418,0.353,510.217587211182,203548.59189473686,577.00107,110630.4794350006,88504.38354800048,0.8,22126.09588700012,0.2,,0,,0,,1
EQUATORIAL GO,Jatobá 73,NOVASOL,2026-05-01 00:00:00,1,567.67,324.14,26.08,13.01,0.05,0.19,202.99,14480.662573099418,0.353,505.6642427025991,190556.3283157895,577.00107,102644.78462620059,82115.82770096048,0.8,20528.95692524012,0.2,,0,,0,,1
EQUATORIAL GO,Jatobá 73,NOVASOL,2026-06-01 00:00:00,1,567.67,324.14,26.08,13.01,0.05,0.19,206.09,14480.662573099418,0.353,506.737289258094,193466.44515789475,577.00107,104433.4879432006,83546.79035456048,0.8,20886.69758864012,0.2,,0,,0,,1
EQUATORIAL GO,Jatobá 73,NOVASOL,2026-07-01 00:00:00,1,567.67,324.14,26.08,13.01,0.05,0.19,226.61,14480.662573099418,0.353,513.0998186293658,212729.54115789477,577.00107,116273.5498996006,93018.8399196805,0.8,23254.709979920124,0.2,,0,,0,,1
EQUATORIAL GO,Jatobá 73,NOVASOL,2026-08-01 00:00:00,1,567.67,324.14,26.08,13.01,0.05,0.19,251.44,14480.662573099418,0.353,519.4101434445616,236038.6383157895,577.00107,130600.48646770058,104480.38917416047,0.8,26120.09729354012,0.2,,0,,0,,1
EQUATORIAL GO,Jatobá 73,NOVASOL,2026-09-01 00:00:00,1,567.67,324.14,26.08,13.01,0.05,0.19,219.63,14480.662573099418,0.353,511.0689907162072,206177.0845263158,577.00107,112246.08243100058,89796.86594480048,0.8,22449.21648620012,0.2,,0,,0,,1
EQUATORIAL GO,Jatobá 73,NOVASOL,2026-10-01 00:00:00,1,567.67,324.14,26.08,13.01,0.05,0.19,220.65,14480.662573099418,0.353,511.3737753111289,207134.60684210528,577.00107,112834.6235224006,90267.69881792048,0.8,22566.92470448012,0.2,,0,,0,,1
EQUATORIAL GO,Jatobá 73,NOVASOL,2026-11-01 00:00:00,1,567.67,324.14,26.08,13.01,0.05,0.19,201.13,14480.662573099418,0.353,505.00453754288566,188810.2582105263,577.00107,101571.56263600058,81257.25010880048,0.8,20314.31252720012,0.2,,0,,0,,1
EQUATORIAL GO,Jatobá 73,NOVASOL,2026-12-01 00:00:00,1,567.67,324.14,26.08,13.01,0.05,0.19,191.65,14480.662573099418,0.353,501.44321676180846,179910.93315789476,577.00107,96101.5924924006,76881.27399392048,0.8,19220.31849848012,0.2,,0,,0,,1
EQUATORIAL GO,Jatobá 74,ENERVA,2026-01-01 00:00:00,1,567.67,324.14,26.08,13.01,0.05,0.19,198.52,17752.43664717349,0.32,517.0068797543142,186360.12757894737,606.4307999999999,102636.20576882648,82108.96461506118,0.8,20527.241153765295,0.2,,0,,0,,1
EQUATORIAL GO,Jatobá 74,ENERVA,2026-02-01 00:00:00,1,567.67,324.14,26.08,13.01,0.05,0.19,196.83,17752.43664717349,0.32,516.2390779699563,184773.6445263158,606.4307999999999,101611.3377168265,81289.07017346121,0.8,20322.267543365302,0.2,,0,,0,,1
EQUATORIAL GO,Jatobá 74,ENERVA,2026-03-01 00:00:00,1,567.67,324.14,26.08,13.01,0.05,0.19,215.43,17752.43664717349,0.32,524.02613654935,202234.3455789474,606.4307999999999,112890.95059682647,90312.76047746118,0.8,22578.190119365296,0.2,,0,,0,,1
EQUATORIAL GO,Jatobá 74,ENERVA,2026-04-01 00:00:00,1,567.67,324.14,26.08,13.01,0.05,0.19,212.99,17752.43664717349,0.32,523.0821139247217,199943.80200000003,606.4307999999999,111411.25944482649,89129.0075558612,0.8,22282.2518889653,0.2,,0,,0,,1
EQUATORIAL GO,Jatobá 74,ENERVA,2026-05-01 00:00:00,1,567.67,324.14,26.08,13.01,0.05,0.19,196.85,17752.43664717349,0.32,516.2482414672414,184792.41947368422,606.4307999999999,101623.46633282647,81298.77306626119,0.8,20324.693266565297,0.2,,0,,0,,1
EQUATORIAL GO,Jatobá 74,ENERVA,2026-06-01 00:00:00,1,567.67,324.14,26.08,13.01,0.05,0.19,198.52,17752.43664717349,0.32,517.0068797543142,186360.12757894737,606.4307999999999,102636.20576882648,82108.96461506118,0.8,20527.241153765295,0.2,,0,,0,,1
EQUATORIAL GO,Jatobá 74,ENERVA,2026-07-01 00:00:00,1,567.67,324.14,26.08,13.01,0.05,0.19,218.98,17752.43664717349,0.32,525.3620419071443,205566.8987368421,606.4307999999999,115043.77993682647,92035.02394946117,0.8,23008.755987365294,0.2,,0,,0,,1
EQUATORIAL GO,Jatobá 74,ENERVA,2026-08-01 00:00:00,1,567.67,324.14,26.08,13.01,0.05,0.19,245.01,17752.43664717349,0.32,533.9748322959329,230002.4927368421,606.4307999999999,130829.17366082649,104663.3389286612,0.8,26165.8347321653,0.2,,0,,0,,1
EQUATORIAL GO,Jatobá 74,ENERVA,2026-09-01 00:00:00,1,567.67,324.14,26.08,13.01,0.05,0.19,217.67,17752.43664717349,0.32,524.874147052081,204337.13968421053,606.4307999999999,114249.35558882647,91399.48447106118,0.8,22849.871117765295,0.2,,0,,0,,1
EQUATORIAL GO,Jatobá 74,ENERVA,2026-10-01 00:00:00,1,567.67,324.14,26.08,13.01,0.05,0.19,221.46,17752.43664717349,0.32,526.2698831428993,207894.99221052634,606.4307999999999,116547.72832082649,93238.1826566612,0.8,23309.5456641653,0.2,,0,,0,,1
EQUATORIAL GO,Jatobá 74,ENERVA,2026-11-01 00:00:00,1,567.67,324.14,26.08,13.01,0.05,0.19,203.13,17752.43664717349,0.32,519.0363400621596,190687.75294736843,606.4307999999999,105431.85175682648,84345.48140546119,0.8,21086.370351365298,0.2,,0,,0,,1
EQUATORIAL GO,Jatobá 74,ENERVA,2026-12-01 00:00:00,1,567.67,324.14,26.08,13.01,0.05,0.19,193.86,17752.43664717349,0.32,514.8573106408052,181985.5648421053,606.4307999999999,99810.2382408265,79848.19059266121,0.8,19962.047648165302,0.2,,0,,0,,1
EQUATORIAL GO,Jatobá 75,NEXUS,2026-01-01 00:00:00,1,567.67,324.14,26.08,13.01,0.05,0.19,198.62,14480.662573099418,0.28,569.1968332036078,186454.0023157895,642.1031999999999,113053.87501090058,90443.10000872047,0.8,22610.77500218012,0.2,,0,,0,,1
EQUATORIAL GO,Jatobá 75,NEXUS,2026-02-01 00:00:00,1,567.67,324.14,26.08,13.01,0.05,0.19,196.68,14480.662573099418,0.28,568.47770389923,184632.83242105265,642.1031999999999,111808.19480290057,89446.55584232046,0.8,22361.638960580116,0.2,,0,,0,,1
EQUATORIAL GO,Jatobá 75,NEXUS,2026-03-01 00:00:00,1,567.67,324.14,26.08,13.01,0.05,0.19,214.96,14480.662573099418,0.28,574.7387481340741,201793.1343157895,642.1031999999999,123545.84129890056,98836.67303912045,0.8,24709.168259780112,0.2,,0,,0,,1
EQUATORIAL GO,Jatobá 75,NEXUS,2026-04-01 00:00:00,1,567.67,324.14,26.08,13.01,0.05,0.19,211.93,14480.662573099418,0.28,573.7756268716113,198948.7297894737,642.1031999999999,121600.26860290057,97280.21488232046,0.8,24320.053720580116,0.2,,0,,0,,1
EQUATORIAL GO,Jatobá 75,NEXUS,2026-05-01 00:00:00,1,567.67,324.14,26.08,13.01,0.05,0.19,195.17,14480.662573099418,0.28,567.9080748624306,183215.32389473685,642.1031999999999,110838.61897090056,88670.89517672046,0.8,22167.723794180114,0.2,,0,,0,,1
EQUATORIAL GO,Jatobá 75,NEXUS,2026-06-01 00:00:00,1,567.67,324.14,26.08,13.01,0.05,0.19,196.71,14480.662573099418,0.28,568.4889324330261,184660.99484210528,642.1031999999999,111827.45789890057,89461.96631912046,0.8,22365.491579780115,0.2,,0,,0,,1
EQUATORIAL GO,Jatobá 75,NEXUS,2026-07-01 00:00:00,1,567.67,324.14,26.08,13.01,0.05,0.19,217.15,14480.662573099418,0.28,575.4181317379717,203848.99105263158,642.1031999999999,124952.04730690057,99961.63784552045,0.8,24990.409461380113,0.2,,0,,0,,1
EQUATORIAL GO,Jatobá 75,NEXUS,2026-08-01 00:00:00,1,567.67,324.14,26.08,13.01,0.05,0.19,243.76,14480.662573099418,0.28,582.697790691256,228829.05852631578,642.1031999999999,142038.41345890056,113630.73076712045,0.8,28407.68269178011,0.2,,0,,0,,1
EQUATORIAL GO,Jatobá 75,NEXUS,2026-09-01 00:00:00,1,567.67,324.14,26.08,13.01,0.05,0.19,217.33,14480.662573099418,0.28,575.4733625495816,204017.9655789474,642.1031999999999,125067.62588290057,100054.10070632046,0.8,25013.525176580115,0.2,,0,,0,,1
EQUATORIAL GO,Jatobá 75,NEXUS,2026-10-01 00:00:00,1,567.67,324.14,26.08,13.01,0.05,0.19,220.94,14480.662573099418,0.28,576.5620459622548,207406.8435789474,642.1031999999999,127385.61843490058,101908.49474792047,0.8,25477.123686980118,0.2,,0,,0,,1
EQUATORIAL GO,Jatobá 75,NEXUS,2026-11-01 00:00:00,1,567.67,324.14,26.08,13.01,0.05,0.19,202.85,14480.662573099418,0.28,570.717138510725,190424.90368421053,642.1031999999999,115769.97154690056,92615.97723752045,0.8,23153.994309380112,0.2,,0,,0,,1
EQUATORIAL GO,Jatobá 75,NEXUS,2026-12-01 00:00:00,1,567.67,324.14,26.08,13.01,0.05,0.19,193.63,14480.662573099418,0.28,567.3179778076774,181769.65294736842,642.1031999999999,109849.78004290056,87879.82403432045,0.8,21969.956008580113,0.2,,0,,0,,1
CPFL Pta,Araucária 03,VERTA,2026-01-01 00:00:00,1,449.25,290.2,16.53,6.99,0.05,0.18,217.82,7776.666623876766,0.268,505.57513839006174,169544.20947368423,541.2774000000001,110124.37664412324,81631.33337612324,0.7412648848848623,28493.04326800001,0.2587351151151377,,0,,0,,1
CPFL Pta,Araucária 03,VERTA,2026-02-01 00:00:00,1,449.25,290.2,16.53,6.99,0.05,0.18,182.59,7776.666623876766,0.268,498.68653180416914,142122.29,541.2774000000001,91055.17384212324,81631.33337612324,0.8965040637631464,9423.840466000009,0.10349593623685362,,0,,0,,1
CPFL Pta,Araucária 03,VERTA,2026-03-01 00:00:00,1,449.25,290.2,16.53,6.99,0.05,0.18,227.61,7776.666623876766,0.268,507.11077013366395,177164.4363157895,541.2774000000001,115423.48239012326,81631.33337612324,0.7072333262326557,33792.149014000024,0.2927666737673443,,0,,0,,1
CPFL Pta,Araucária 03,VERTA,2026-04-01 00:00:00,1,449.25,290.2,16.53,6.99,0.05,0.18,216.35,7776.666623876766,0.268,505.33255773572097,168400.00789473686,541.2774000000001,109328.69886612323,81631.33337612324,0.7466596988964775,27697.365489999996,0.25334030110352246,,0,,0,,1
CPFL Pta,Araucária 03,VERTA,2026-05-01 00:00:00,1,449.25,290.2,16.53,6.99,0.05,0.18,195.19,7776.666623876766,0.268,501.4358782833304,151929.7321052632,541.2774000000001,97875.26908212325,81631.33337612324,0.8340343187984456,16243.935706000018,0.16596568120155436,,0,,0,,1
CPFL Pta,Araucária 03,VERTA,2026-06-01 00:00:00,1,449.25,290.2,16.53,6.99,0.05,0.18,176.49,7776.666623876766,0.268,497.2144693870658,137374.24263157896,541.2774000000001,87753.38170212324,81631.33337612324,0.9302357560785389,6122.048326000004,0.06976424392146106,,0,,0,,1
CPFL Pta,Araucária 03,VERTA,2026-07-01 00:00:00,1,449.25,290.2,16.53,6.99,0.05,0.18,197.19,7776.666623876766,0.268,501.8399710032113,153486.46894736844,541.2774000000001,98957.82388212324,81631.33337612324,0.824910352448342,17326.490506000002,0.17508964755165798,,0,,0,,1
CPFL Pta,Araucária 03,VERTA,2026-08-01 00:00:00,1,449.25,290.2,16.53,6.99,0.05,0.18,226.67,7776.666623876766,0.268,506.9690811934673,176432.77000000002,541.2774000000001,114914.68163412322,81631.33337612324,0.7103647002741493,33283.34825799998,0.28963529972585067,,0,,0,,1
CPFL Pta,Araucária 03,VERTA,2026-09-01 00:00:00,1,449.25,290.2,16.53,6.99,0.05,0.18,227.19,7776.666623876766,0.268,507.04760721036683,176837.5215789474,541.2774000000001,115196.14588212324,81631.33337612324,0.7086290322564622,33564.812506,0.29137096774353777,,0,,0,,1
CPFL Pta,Araucária 03,VERTA,2026-10-01 00:00:00,1,449.25,290.2,16.53,6.99,0.05,0.18,232.79,7776.666623876766,0.268,507.8710396585903,181196.38473684213,541.2774000000001,118227.29932212323,81631.33337612324,0.6904609497482449,36595.965946,0.3095390502517551,,0,,0,,1
CPFL Pta,Araucária 03,VERTA,2026-11-01 00:00:00,1,449.25,290.2,16.53,6.99,0.05,0.18,200.95,7776.666623876766,0.268,502.57788955522886,156413.13421052633,541.2774000000001,100993.02690612324,81631.33337612324,0.8082868280797504,19361.693530000004,0.19171317192024967,,0,,0,,1
CPFL Pta,Araucária 03,VERTA,2026-12-01 00:00:00,1,449.25,290.2,16.53,6.99,0.05,0.18,229.93,7776.666623876766,0.268,507.4555123651687,178970.25105263162,541.2774000000001,116679.24595812324,81631.33337612324,0.6996217082635341,35047.912582000004,0.3003782917364659,,0,,0,,1
CPFL Pta,Araucária 061,VERTA,2026-01-01 00:00:00,1,449.25,290.2,16.53,6.99,0.05,0.18,242.4,7776.666623876766,0.268,509.1954419807065,188676.50526315792,541.2774000000001,123428.97513612326,85079.66670945656,0.6893006007351735,38349.3084266667,0.3106993992648265,,0,,0,,1
CPFL Pta,Araucária 061,VERTA,2026-02-01 00:00:00,1,449.25,290.2,16.53,6.99,0.05,0.18,232.44,7776.666623876766,0.268,507.82073753279656,180923.9557894737,541.2774000000001,118037.85223212323,85079.66670945656,0.7207829107407521,32958.18552266667,0.27921708925924793,,0,,0,,1
CPFL Pta,Araucária 061,VERTA,2026-03-01 00:00:00,1,449.25,290.2,16.53,6.99,0.05,0.18,241.38,7776.666623876766,0.268,509.0598731797301,187882.56947368424,541.2774000000001,122876.87218812325,85079.66670945656,0.6923977246035402,37797.205478666685,0.30760227539645985,,0,,0,,1
CPFL Pta,Araucária 061,VERTA,2026-04-01 00:00:00,1,449.25,290.2,16.53,6.99,0.05,0.18,234.15,7776.666623876766,0.268,508.0650719031529,182254.9657894737,541.2774000000001,118963.43658612325,85079.66670945656,0.715174923917597,33883.76987666669,0.28482507608240304,,0,,0,,1
CPFL Pta,Araucária 061,VERTA,2026-05-01 00:00:00,1,449.25,290.2,16.53,6.99,0.05,0.18,212.83,7776.666623876766,0.268,504.7380652075517,165660.1510526316,541.2774000000001,107423.40241812324,85079.66670945656,0.7920030905212038,22343.735708666674,0.20799690947879618,,0,,0,,1
CPFL Pta,Araucária 061,VERTA,2026-06-01 00:00:00,1,449.25,290.2,16.53,6.99,0.05,0.18,179.82,7776.666623876766,0.268,498.0304495836016,139966.20947368423,541.2774000000001,89555.83544412324,85079.66670945656,0.9500181231913191,4476.168734666673,0.04998187680868098,,0,,0,,1
CPFL Pta,Araucária 061,VERTA,2026-07-01 00:00:00,1,449.25,290.2,16.53,6.99,0.05,0.18,202.04,7776.666623876766,0.268,502.7866723031243,157261.5557894737,541.2774000000001,101583.01927212323,85079.66670945656,0.8375382747931811,16503.352562666667,0.16246172520681884,,0,,0,,1
CPFL Pta,Araucária 061,VERTA,2026-08-01 00:00:00,1,449.25,290.2,16.53,6.99,0.05,0.18,247.54,7776.666623876766,0.268,509.8616020526914,192677.31894736845,541.2774000000001,126211.14097212323,85079.66670945656,0.6741058360945208,41131.47426266667,0.3258941639054792,,0,,0,,1
CPFL Pta,Araucária 061,VERTA,2026-09-01 00:00:00,1,449.25,290.2,16.53,6.99,0.05,0.18,245.28,7776.666623876766,0.268,509.57213816097203,190918.2063157895,541.2774000000001,124987.85404812322,85079.66670945656,0.6807034760089482,39908.187338666656,0.3192965239910518,,0,,0,,1
CPFL Pta,Araucária 061,VERTA,2026-10-01 00:00:00,1,449.25,290.2,16.53,6.99,0.05,0.18,264.19,7776.666623876766,0.268,511.84151437269855,205637.15315789476,541.2774000000001,135223.40968212322,85079.66670945656,0.6291785343193003,50143.74297266666,0.37082146568069974,,0,,0,,1
CPFL Pta,Araucária 061,VERTA,2026-11-01 00:00:00,1,449.25,290.2,16.53,6.99,0.05,0.18,242.55,7776.666623876766,0.268,509.21528240001334,188793.26052631583,541.2774000000001,123510.16674612324,85079.66670945656,0.6888474766967073,38430.50003666668,0.3111525233032927,,0,,0,,1
CPFL Pta,Araucária 061,VERTA,2026-12-01 00:00:00,1,449.25,290.2,16.53,6.99,0.05,0.18,260.57,7776.666623876766,0.268,511.43257279856937,202819.45947368423,541.2774000000001,133263.98549412322,85079.66670945656,0.6384295531459133,48184.318784666655,0.3615704468540867,,0,,0,,1
CPFL Pta,Araucária 062,VERTA,2026-01-01 00:00:00,1,449.25,290.2,16.53,6.99,0.05,0.18,242.4,7776.666623876766,0.268,509.1954419807065,188676.50526315792,541.2774000000001,123428.97513612326,85079.66670945656,0.6893006007351735,38349.3084266667,0.3106993992648265,,0,,0,,1
CPFL Pta,Araucária 062,VERTA,2026-02-01 00:00:00,1,449.25,290.2,16.53,6.99,0.05,0.18,232.55,7776.666623876766,0.268,507.836563088038,181009.5763157895,541.2774000000001,118097.39274612325,85079.66670945656,0.7204195175786339,33017.72603666669,0.2795804824213662,,0,,0,,1
CPFL Pta,Araucária 062,VERTA,2026-03-01 00:00:00,1,449.25,290.2,16.53,6.99,0.05,0.18,241.54,7776.666623876766,0.268,509.0812145902262,188007.10842105266,541.2774000000001,122963.47657212323,85079.66670945656,0.691910062087044,37883.80986266666,0.30808993791295597,,0,,0,,1
CPFL Pta,Araucária 062,VERTA,2026-04-01 00:00:00,1,449.25,290.2,16.53,6.99,0.05,0.18,234.41,7776.666623876766,0.268,508.10190994464074,182457.34157894738,541.2774000000001,119104.16871012324,85079.66670945656,0.7143298814042706,34024.502000666675,0.28567011859572944,,0,,0,,1
CPFL Pta,Araucária 062,VERTA,2026-05-01 00:00:00,1,449.25,290.2,16.53,6.99,0.05,0.18,212.96,7776.666623876766,0.268,504.7603703987756,165761.33894736844,541.2774000000001,107493.76848012325,85079.66670945656,0.7914846405741994,22414.10177066669,0.20851535942580054,,0,,0,,1
CPFL Pta,Araucária 062,VERTA,2026-06-01 00:00:00,1,449.25,290.2,16.53,6.99,0.05,0.18,180.18,7776.666623876766,0.268,498.1168570769411,140246.4221052632,541.2774000000001,89750.69530812325,85079.66670945656,0.9479555163040178,4671.028598666686,0.05204448369598219,,0,,0,,1
CPFL Pta,Araucária 062,VERTA,2026-07-01 00:00:00,1,449.25,290.2,16.53,6.99,0.05,0.18,202.12,7776.666623876766,0.268,502.8019071053001,157323.82526315792,541.2774000000001,101626.32146412325,85079.66670945656,0.8371814061920161,16546.654754666684,0.16281859380798394,,0,,0,,1
CPFL Pta,Araucária 062,VERTA,2026-08-01 00:00:00,1,449.25,290.2,16.53,6.99,0.05,0.18,247.66,7776.666623876766,0.268,509.87682411420184,192770.72315789477,541.2774000000001,126276.09426012322,85079.66670945656,0.6737590927875563,41196.42755066666,0.32624090721244375,,0,,0,,1
CPFL Pta,Araucária 062,VERTA,2026-09-01 00:00:00,1,449.25,290.2,16.53,6.99,0.05,0.18,245.45,7776.666623876766,0.268,509.5940973971205,191050.52894736844,541.2774000000001,125079.87120612322,85079.66670945656,0.6802027047921323,40000.20449666666,0.3197972952078677,,0,,0,,1
CPFL Pta,Araucária 062,VERTA,2026-10-01 00:00:00,1,449.25,290.2,16.53,6.99,0.05,0.18,264.28,7776.666623876766,0.268,511.85153870184365,205707.2063157895,541.2774000000001,135272.12464812322,85079.66670945656,0.6289519509712008,50192.45793866666,0.3710480490287992,,0,,0,,1
CPFL Pta,Araucária 062,VERTA,2026-11-01 00:00:00,1,449.25,290.2,16.53,6.99,0.05,0.18,242.78,7776.666623876766,0.268,509.2456567597134,188972.28526315792,541.2774000000001,123634.66054812323,85079.66670945656,0.688153842395518,38554.99383866666,0.3118461576044819,,0,,0,,1
CPFL Pta,Araucária 062,VERTA,2026-12-01 00:00:00,1,449.25,290.2,16.53,6.99,0.05,0.18,260.84,7776.666623876766,0.268,511.46346569591793,203029.61894736844,541.2774000000001,133410.13039212322,85079.66670945656,0.6377301818039436,48330.463682666654,0.36226981819605636,,0,,0,,1
CPFL Pta,Araucária 063,VERTA,2026-01-01 00:00:00,1,449.25,290.2,16.53,6.99,0.05,0.18,242.4,7776.666623876766,0.268,509.1954419807065,188676.50526315792,541.2774000000001,123428.97513612326,85079.66670945656,0.6893006007351735,38349.3084266667,0.3106993992648265,,0,,0,,1
CPFL Pta,Araucária 063,VERTA,2026-02-01 00:00:00,1,449.25,290.2,16.53,6.99,0.05,0.18,233.42,7776.666623876766,0.268,507.9612033421439,181686.75684210527,541.2774000000001,118568.30408412323,85079.66670945656,0.7175582662386167,33488.637374666665,0.28244173376138326,,0,,0,,1
CPFL Pta,Araucária 063,VERTA,2026-03-01 00:00:00,1,449.25,290.2,16.53,6.99,0.05,0.18,243.24,7776.666623876766,0.268,509.3062331529487,189330.33473684214,541.2774000000001,123883.64815212325,85079.66670945656,0.686770756096743,38803.981442666685,0.313229243903257,,0,,0,,1
CPFL Pta,Araucária 063,VERTA,2026-04-01 00:00:00,1,449.25,290.2,16.53,6.99,0.05,0.18,236.68,7776.666623876766,0.268,508.42009636692256,184224.23789473687,541.2774000000001,120332.86840812323,85079.66670945656,0.7070359730884064,35253.20169866667,0.2929640269115936,,0,,0,,1
CPFL Pta,Araucária 063,VERTA,2026-05-01 00:00:00,1,449.25,290.2,16.53,6.99,0.05,0.18,215.91,7776.666623876766,0.268,505.25930623928133,168057.5257894737,541.2774000000001,109090.53681012323,85079.66670945656,0.7798996063017032,24010.870100666667,0.22010039369829684,,0,,0,,1
CPFL Pta,Araucária 063,VERTA,2026-06-01 00:00:00,1,449.25,290.2,16.53,6.99,0.05,0.18,182.5,7776.666623876766,0.268,498.6655280883465,142052.23684210528,541.2774000000001,91006.45887612323,85079.66670945656,0.934875038103239,5926.792166666666,0.06512496189676094,,0,,0,,1
CPFL Pta,Araucária 063,VERTA,2026-07-01 00:00:00,1,449.25,290.2,16.53,6.99,0.05,0.18,204.08,7776.666623876766,0.268,503.1714286952334,158849.42736842108,541.2774000000001,102687.22516812323,85079.66670945656,0.8285321428265402,17607.558458666666,0.17146785717345986,,0,,0,,1
CPFL Pta,Araucária 063,VERTA,2026-08-01 00:00:00,1,449.25,290.2,16.53,6.99,0.05,0.18,250.28,7776.666623876766,0.268,510.20553399441917,194810.04842105266,541.2774000000001,127694.24104812324,85079.66670945656,0.6662764586023358,42614.57433866667,0.33372354139766425,,0,,0,,1
CPFL Pta,Araucária 063,VERTA,2026-09-01 00:00:00,1,449.25,290.2,16.53,6.99,0.05,0.18,246.78,7776.666623876766,0.268,509.7648518847688,192085.75894736845,541.2774000000001,125799.77014812325,85079.66670945656,0.6763101920558304,40720.10343866669,0.3236898079441695,,0,,0,,1
CPFL Pta,Araucária 063,VERTA,2026-10-01 00:00:00,1,449.25,290.2,16.53,6.99,0.05,0.18,265.39,7776.666623876766,0.268,511.97461306802523,206571.19526315792,541.2774000000001,135872.9425621232,85079.66670945656,0.6261707820934019,50793.275852666644,0.3738292179065981,,0,,0,,1
CPFL Pta,Araucária 063,VERTA,2026-11-01 00:00:00,1,449.25,290.2,16.53,6.99,0.05,0.18,244.02,7776.666623876766,0.268,509.4084276867602,189937.4621052632,541.2774000000001,124305.84452412323,85079.66670945656,0.684438185792187,39226.17781466666,0.315561814207813,,0,,0,,1
CPFL Pta,Araucária 063,VERTA,2026-12-01 00:00:00,1,449.25,290.2,16.53,6.99,0.05,0.18,261.93,7776.666623876766,0.268,511.58753391411153,203878.04052631583,541.2774000000001,134000.12275812324,85079.66670945656,0.6349223042357172,48920.456048666674,0.3650776957642829,,0,,0,,1
CPFL Pta,Araucária 07,NEXUS,2026-01-01 00:00:00,5,449.25,290.2,16.53,6.99,0.05,0.18,1141.7,38679.82451861361,0.24,528.1028509077572,888663.2263157896,561.9820000000001,602935.0248813864,415473.17548138637,0.6890844922520816,187461.84940000006,0.3109155077479184,,0,,0,,1
CPFL Pta,Araucária 07,NEXUS,2026-02-01 00:00:00,5,449.25,290.2,16.53,6.99,0.05,0.18,985.22,38679.82451861361,0.24,522.7219113714566,766864.1357894738,561.9820000000001,514996.0815213865,415473.17548138637,0.8067501683779953,99522.90604000015,0.1932498316220047,,0,,0,,1
CPFL Pta,Araucária 07,NEXUS,2026-03-01 00:00:00,5,449.25,290.2,16.53,6.99,0.05,0.18,1162.2,38679.82451861361,0.24,528.700443883485,904619.7789473686,561.9820000000001,614455.6558813864,415473.17548138637,0.676164620676205,198982.4804,0.32383537932379497,,0,,0,,1
CPFL Pta,Araucária 07,NEXUS,2026-04-01 00:00:00,5,449.25,290.2,16.53,6.99,0.05,0.18,1076.5,38679.82451861361,0.24,526.0509043022632,837913.605263158,561.9820000000001,566293.7984813864,415473.17548138637,0.7336707140278574,150820.62300000002,0.26632928597214256,,0,,0,,1
CPFL Pta,Araucária 07,NEXUS,2026-05-01 00:00:00,5,449.25,290.2,16.53,6.99,0.05,0.18,928.33,38679.82451861361,0.24,520.3159711970812,722582.7563157897,561.9820000000001,483024.9255413865,415473.17548138637,0.8601485213536623,67551.75006000011,0.1398514786463378,,0,,0,,1
CPFL Pta,Araucária 07,NEXUS,2026-06-01 00:00:00,5,449.25,290.2,16.53,6.99,0.05,0.18,881.85,38679.82451861361,0.24,518.1198641281243,686404.1921052632,561.9820000000001,456904.0021813864,415473.17548138637,0.9093226881309908,41430.826700000034,0.0906773118690092,,0,,0,,1
CPFL Pta,Araucária 07,NEXUS,2026-07-01 00:00:00,5,449.25,290.2,16.53,6.99,0.05,0.18,974.96,38679.82451861361,0.24,522.3087574889086,758878.0757894738,561.9820000000001,509230.14620138635,415473.17548138637,0.815884877556087,93756.97071999998,0.18411512244391304,,0,,0,,1
CPFL Pta,Araucária 07,NEXUS,2026-08-01 00:00:00,5,449.25,290.2,16.53,6.99,0.05,0.18,1150.4,38679.82451861361,0.24,528.359064917756,895435.0315789476,561.9820000000001,607824.2682813865,415473.17548138637,0.6835416043129212,192351.0928000001,0.31645839568707873,,0,,0,,1
CPFL Pta,Araucária 07,NEXUS,2026-09-01 00:00:00,5,449.25,290.2,16.53,6.99,0.05,0.18,1143,38679.82451861361,0.24,528.1413836232603,889675.105263158,561.9820000000001,603665.6014813865,415473.17548138637,0.688250538811258,188192.4260000001,0.311749461188742,,0,,0,,1
CPFL Pta,Araucária 07,NEXUS,2026-10-01 00:00:00,5,449.25,290.2,16.53,6.99,0.05,0.18,1225.9,38679.82451861361,0.24,530.4298142437282,954201.8473684213,561.9820000000001,650253.9092813864,415473.17548138637,0.6389399118577191,234780.73380000005,0.3610600881422808,,0,,0,,1
CPFL Pta,Araucária 07,NEXUS,2026-11-01 00:00:00,5,449.25,290.2,16.53,6.99,0.05,0.18,1157.3,38679.82451861361,0.24,528.5595300107028,900805.7736842106,561.9820000000001,611701.9440813863,415473.17548138637,0.6792085254940895,196228.76859999995,0.32079147450591056,,0,,0,,1
CPFL Pta,Araucária 07,NEXUS,2026-12-01 00:00:00,5,449.25,290.2,16.53,6.99,0.05,0.18,1122.2,38679.82451861361,0.24,527.5141471051385,873485.0421052633,561.9820000000001,591976.3758813865,415473.17548138637,0.701840803803688,176503.2004000001,0.2981591961963121,,0,,0,,1
CPFL Pta,Araucária 22,VERTA,2026-01-01 00:00:00,1,449.25,290.2,16.53,6.99,0.05,0.18,242.2,7776.666623876766,0.268,509.16894986012903,188520.83157894737,541.2774000000001,123320.71965612324,84997.33337612324,0.6892380583987523,38323.386280000006,0.31076194160124765,,0,,0,,1
CPFL Pta,Araucária 22,VERTA,2026-02-01 00:00:00,1,449.25,290.2,16.53,6.99,0.05,0.18,225.87,7776.666623876766,0.268,506.8475659189943,175810.07526315792,541.2774000000001,114481.65971412325,84997.33337612324,0.7424537134452234,29484.326338000013,0.2575462865547766,,0,,0,,1
CPFL Pta,Araucária 22,VERTA,2026-03-01 00:00:00,1,449.25,290.2,16.53,6.99,0.05,0.18,248.96,7776.666623876766,0.268,510.04078920357983,193782.60210526318,541.2774000000001,126979.75488012323,84997.33337612324,0.6693770472022567,41982.421504,0.3306229527977433,,0,,0,,1
CPFL Pta,Araucária 22,VERTA,2026-04-01 00:00:00,1,449.25,290.2,16.53,6.99,0.05,0.18,230.63,7776.666623876766,0.268,507.5581673595076,179515.10894736843,541.2774000000001,117058.14013812323,84997.33337612324,0.7261121121165114,32060.806761999993,0.2738878878834886,,0,,0,,1
CPFL Pta,Araucária 22,VERTA,2026-05-01 00:00:00,1,449.25,290.2,16.53,6.99,0.05,0.18,211.21,7776.666623876766,0.268,504.4578051707932,164399.19421052633,541.2774000000001,106546.53303012325,84997.33337612324,0.797748466879654,21549.19965400001,0.202251533120346,,0,,0,,1
CPFL Pta,Araucária 22,VERTA,2026-06-01 00:00:00,1,449.25,290.2,16.53,6.99,0.05,0.18,178.83,7776.666623876766,0.268,497.7910351625747,139195.62473684215,541.2774000000001,89019.97081812324,84997.33337612324,0.9548119662921631,4022.6374420000066,0.04518803370783686,,0,,0,,1
CPFL Pta,Araucária 22,VERTA,2026-07-01 00:00:00,1,449.25,290.2,16.53,6.99,0.05,0.18,196.6,7776.666623876766,0.268,501.72161859676106,153027.2315789474,541.2774000000001,98638.47021612323,84997.33337612324,0.861705713702662,13641.136839999992,0.138294286297338,,0,,0,,1
CPFL Pta,Araucária 22,VERTA,2026-08-01 00:00:00,1,449.25,290.2,16.53,6.99,0.05,0.18,221.35,7776.666623876766,0.268,506.1445035740828,172291.85,541.2774000000001,112035.08586612323,84997.33337612324,0.7586670971778531,27037.75249,0.24133290282214687,,0,,0,,1
CPFL Pta,Araucária 22,VERTA,2026-09-01 00:00:00,1,449.25,290.2,16.53,6.99,0.05,0.18,231.1,7776.666623876766,0.268,507.6267439036056,179880.94210526318,541.2774000000001,117312.54051612325,84997.33337612324,0.7245374876562437,32315.207140000013,0.2754625123437563,,0,,0,,1
CPFL Pta,Araucária 22,VERTA,2026-10-01 00:00:00,1,449.25,290.2,16.53,6.99,0.05,0.18,258.9,7776.666623876766,0.268,511.2400627119476,201519.58421052631,541.2774000000001,132360.0522361232,84997.33337612324,0.6421675720140436,47362.71885999998,0.3578324279859563,,0,,0,,1
CPFL Pta,Araucária 22,VERTA,2026-11-01 00:00:00,1,449.25,290.2,16.53,6.99,0.05,0.18,250.2,7776.666623876766,0.268,510.1955989453367,194747.77894736844,541.2774000000001,127650.93885612323,84997.33337612324,0.6658574871268644,42653.60548,0.33414251287313557,,0,,0,,1
CPFL Pta,Araucária 22,VERTA,2026-12-01 00:00:00,1,449.25,290.2,16.53,6.99,0.05,0.18,254.89,7776.666623876766,0.268,510.767507011351,198398.32684210528,541.2774000000001,130189.52986212324,84997.33337612324,0.6528738022645858,45192.196486,0.3471261977354142,,0,,0,,1
CPFL Pta,Araucária 81,VERTA,2026-01-01 00:00:00,1,449.25,290.2,16.53,6.99,0.05,0.18,237.9,7776.666623876766,0.268,508.5885953599128,185173.8473684211,541.2774000000001,120993.22683612326,83573.83337612324,0.6907315025932655,37419.39346000002,0.30926849740673445,,0,,0,,1
CPFL Pta,Araucária 81,VERTA,2026-02-01 00:00:00,1,449.25,290.2,16.53,6.99,0.05,0.18,226.78,7776.666623876766,0.268,506.98572249811815,176518.3905263158,541.2774000000001,114974.22214812324,83573.83337612324,0.7268919225081049,31400.388772000006,0.27310807749189514,,0,,0,,1
CPFL Pta,Araucária 81,VERTA,2026-03-01 00:00:00,1,449.25,290.2,16.53,6.99,0.05,0.18,227.68,7776.666623876766,0.268,507.12127463160243,177218.9221052632,541.2774000000001,115461.37180812325,83573.83337612324,0.7238250513341244,31887.538432000016,0.2761749486658756,,0,,0,,1
CPFL Pta,Araucária 81,VERTA,2026-04-01 00:00:00,1,449.25,290.2,16.53,6.99,0.05,0.18,216.45,7776.666623876766,0.268,505.3491642694537,168477.84473684212,541.2774000000001,109382.82660612324,83573.83337612324,0.76404894597453,25808.993230000007,0.23595105402547004,,0,,0,,1
CPFL Pta,Araucária 81,VERTA,2026-05-01 00:00:00,1,449.25,290.2,16.53,6.99,0.05,0.18,201.74,7776.666623876766,0.268,502.72943418322217,157028.04526315792,541.2774000000001,101420.63605212324,83573.83337612324,0.8240318403561582,17846.802676000007,0.17596815964384185,,0,,0,,1
CPFL Pta,Araucária 81,VERTA,2026-06-01 00:00:00,1,449.25,290.2,16.53,6.99,0.05,0.18,185.58,7776.666623876766,0.268,499.37274096413,144449.6115789474,541.2774000000001,92673.59326812325,83573.83337612324,0.9018084918141397,9099.759892000016,0.09819150818586035,,0,,0,,1
CPFL Pta,Araucária 81,VERTA,2026-07-01 00:00:00,1,449.25,290.2,16.53,6.99,0.05,0.18,203.84,7776.666623876766,0.268,503.1265629519389,158662.61894736844,541.2774000000001,102557.31859212324,83573.83337612324,0.8148987758592003,18983.485216,0.18510122414079963,,0,,0,,1
CPFL Pta,Araucária 81,VERTA,2026-08-01 00:00:00,1,449.25,290.2,16.53,6.99,0.05,0.18,187.67,7776.666623876766,0.268,499.8394151122888,146076.40157894738,541.2774000000001,93804.86303412323,83573.83337612324,0.8909328437025885,10231.029658,0.10906715629741152,,0,,0,,1
CPFL Pta,Araucária 81,VERTA,2026-09-01 00:00:00,1,449.25,290.2,16.53,6.99,0.05,0.18,231.9,7776.666623876766,0.268,507.7428306861718,180503.63684210528,541.2774000000001,117745.56243612325,83573.83337612324,0.7097832958372583,34171.72906000001,0.2902167041627417,,0,,0,,1
CPFL Pta,Araucária 81,VERTA,2026-10-01 00:00:00,1,449.25,290.2,16.53,6.99,0.05,0.18,250.82,7776.666623876766,0.268,510.2724298067269,195230.36736842108,541.2774000000001,127986.53084412323,83573.83337612324,0.6529892858640656,44412.697468,0.34701071413593443,,0,,0,,1
CPFL Pta,Araucária 81,VERTA,2026-11-01 00:00:00,1,449.25,290.2,16.53,6.99,0.05,0.18,245.34,7776.666623876766,0.268,509.57989195452524,190964.90842105265,541.2774000000001,125020.33069212323,83573.83337612324,0.6684819414046608,41446.49731599999,0.3315180585953392,,0,,0,,1
CPFL Pta,Araucária 81,VERTA,2026-12-01 00:00:00,1,449.25,290.2,16.53,6.99,0.05,0.18,249.6,7776.666623876766,0.268,510.1208830774168,194280.75789473686,541.2774000000001,127326.17241612323,83573.83337612324,0.6563759185581262,43752.33903999999,0.3436240814418738,,0,,0,,1
CPFL Pta,Araucária 82,VERTA,2026-01-01 00:00:00,1,449.25,290.2,16.53,6.99,0.05,0.18,237.51,7776.666623876766,0.268,508.5349191618173,184870.28368421053,541.2774000000001,120782.12865012322,83573.83337612324,0.6919387355576132,37208.29527399999,0.30806126444238674,,0,,0,,1
CPFL Pta,Araucária 82,VERTA,2026-02-01 00:00:00,1,449.25,290.2,16.53,6.99,0.05,0.18,226.78,7776.666623876766,0.268,506.98572249811815,176518.3905263158,541.2774000000001,114974.22214812324,83573.83337612324,0.7268919225081049,31400.388772000006,0.27310807749189514,,0,,0,,1
CPFL Pta,Araucária 82,VERTA,2026-03-01 00:00:00,1,449.25,290.2,16.53,6.99,0.05,0.18,221.07,7776.666623876766,0.268,506.1000054015617,172073.90684210527,541.2774000000001,111883.52819412324,83573.83337612324,0.7469717368147227,28309.694818000004,0.25302826318527727,,0,,0,,1
CPFL Pta,Araucária 82,VERTA,2026-04-01 00:00:00,1,449.25,290.2,16.53,6.99,0.05,0.18,217.05,7776.666623876766,0.268,505.4484821291096,168944.86578947373,541.2774000000001,109707.59304612325,83573.83337612324,0.7617871384798967,26133.759670000014,0.23821286152010338,,0,,0,,1
CPFL Pta,Araucária 82,VERTA,2026-05-01 00:00:00,1,449.25,290.2,16.53,6.99,0.05,0.18,202.65,7776.666623876766,0.268,502.9025338570108,157736.3605263158,541.2774000000001,101913.19848612323,83573.83337612324,0.8200491655406426,18339.36511,0.17995083445935744,,0,,0,,1
CPFL Pta,Araucária 82,VERTA,2026-06-01 00:00:00,1,449.25,290.2,16.53,6.99,0.05,0.18,186.65,7776.666623876766,0.268,499.6129659047588,145282.4657894737,541.2774000000001,93252.76008612323,83573.83337612324,0.8962076114308996,9678.92671,0.1037923885691004,,0,,0,,1
CPFL Pta,Araucária 82,VERTA,2026-07-01 00:00:00,1,449.25,290.2,16.53,6.99,0.05,0.18,204.9,7776.666623876766,0.268,503.3239269698548,159487.68947368424,541.2774000000001,103131.07263612325,83573.83337612324,0.8103652104055612,19557.239260000017,0.1896347895944388,,0,,0,,1
CPFL Pta,Araucária 82,VERTA,2026-08-01 00:00:00,1,449.25,290.2,16.53,6.99,0.05,0.18,207.7,7776.666623876766,0.268,503.83557706366514,161667.12105263158,541.2774000000001,104646.64935612325,83573.83337612324,0.7986288513807349,21072.815980000014,0.20137114861926506,,0,,0,,1
CPFL Pta,Araucária 82,VERTA,2026-09-01 00:00:00,1,449.25,290.2,16.53,6.99,0.05,0.18,232.63,7776.666623876766,0.268,507.8480631824066,181071.8457894737,541.2774000000001,118140.69493812324,83573.83337612324,0.7074093598306277,34566.861562000006,0.29259064016937236,,0,,0,,1
CPFL Pta,Araucária 82,VERTA,2026-10-01 00:00:00,1,449.25,290.2,16.53,6.99,0.05,0.18,250.92,7776.666623876766,0.268,510.28478632282497,195308.20421052634,541.2774000000001,128040.65858412323,83573.83337612324,0.652713242030186,44466.825207999995,0.347286757969814,,0,,0,,1
CPFL Pta,Araucária 82,VERTA,2026-11-01 00:00:00,1,449.25,290.2,16.53,6.99,0.05,0.18,244.92,7776.666623876766,0.268,509.5255356202975,190637.99368421055,541.2774000000001,124792.99418412325,83573.83337612324,0.6696997209059344,41219.160808000015,0.3303002790940656,,0,,0,,1
CPFL Pta,Araucária 82,VERTA,2026-12-01 00:00:00,1,449.25,290.2,16.53,6.99,0.05,0.18,235.69,7776.666623876766,0.268,508.28208147194715,183453.65315789476,541.2774000000001,119797.00378212323,83573.83337612324,0.6976287447732861,36223.17040599999,0.3023712552267139,,0,,0,,1
COSERN,Litoral 01,TELCO,2026-01-01 00:00:00,0.4,482.36,293.44,32,15.56,0.05,0.2,100.8,7008.1421052631595,0.195,587.8632017543858,82316.46315789473,657.3884210526315,59256.61073684209,49330,0.8324809567505295,9926.610736842096,0.16751904324947062,,0,,0,,1
COSERN,Litoral 01,TELCO,2026-02-01 00:00:00,0.4,482.36,293.44,32,15.56,0.05,0.2,91.71,7008.1421052631595,0.195,580.9720858082397,74893.28210526315,657.3884210526315,53280.949989473665,49330,0.9258468553910126,3950.949989473669,0.07415314460898745,,0,,0,,1
COSERN,Litoral 01,TELCO,2026-03-01 00:00:00,0.4,482.36,293.44,32,15.56,0.05,0.2,100.53,7008.1421052631595,0.195,587.6764733229671,82095.97263157894,657.3884210526315,59079.11586315789,49330,0.8349820284084939,9749.115863157891,0.1650179715915062,,0,,0,,1
COSERN,Litoral 01,TELCO,2026-04-01 00:00:00,0.4,482.36,293.44,32,15.56,0.05,0.2,97.47,7008.1421052631595,0.195,585.4879172538917,79597.08,657.3884210526315,57067.50729473683,49330,0.8644148367165418,7737.507294736835,0.1355851632834582,,0,,0,,1
COSERN,Litoral 01,TELCO,2026-05-01 00:00:00,0.4,482.36,293.44,32,15.56,0.05,0.2,96.1,7008.1421052631595,0.195,584.4629048688316,78478.2947368421,657.3884210526315,56166.88515789472,49330,0.878275515213723,6836.885157894725,0.12172448478627702,,0,,0,,1
COSERN,Litoral 01,TELCO,2026-06-01 00:00:00,0.4,482.36,293.44,32,15.56,0.05,0.2,93.49,7008.1421052631595,0.195,582.4270122895214,76346.88631578947,657.3884210526315,54451.10137894735,49330,0.9059504537234697,5121.1013789473545,0.09404954627653035,,0,,0,,1
COSERN,Litoral 01,TELCO,2026-07-01 00:00:00,0.4,482.36,293.44,32,15.56,0.05,0.2,97.38,7008.1421052631595,0.195,585.421465771638,79523.58315789474,657.3884210526315,57008.342336842106,49330,0.8653119522144057,7678.342336842103,0.1346880477855942,,0,,0,,0.9999999999999999
COSERN,Litoral 01,TELCO,2026-08-01 00:00:00,0.4,482.36,293.44,32,15.56,0.05,0.2,104.69,7008.1421052631595,0.195,590.4465726882877,85493.16,657.3884210526315,61813.85169473683,49330,0.7980411938025247,12483.851694736837,0.2019588061974753,,0,,0,,1
COSERN,Litoral 01,TELCO,2026-09-01 00:00:00,0.4,482.36,293.44,32,15.56,0.05,0.2,95.25,7008.1421052631595,0.195,583.8121259842519,77784.15789473684,657.3884210526315,55608.104999999996,49330,0.8871009001295765,6278.104999999992,0.11289909987042343,,0,,0,,1
COSERN,Litoral 01,TELCO,2026-10-01 00:00:00,0.4,482.36,293.44,32,15.56,0.05,0.2,120.22,7008.1421052631595,0.195,599.094109746167,98175.44842105263,657.3884210526315,72023.09387368419,49330,0.6849192022563779,22693.093873684196,0.3150807977436221,,0,,0,,1
COSERN,Litoral 01,TELCO,2026-11-01 00:00:00,0.4,482.36,293.44,32,15.56,0.05,0.2,110.7,7008.1421052631595,0.195,594.0809042932534,90401.11578947368,657.3884210526315,65764.75610526315,49330,0.7500978171506079,16434.756105263154,0.2499021828493922,,0,,0,,1
COSERN,Litoral 01,TELCO,2026-12-01 00:00:00,0.4,482.36,293.44,32,15.56,0.05,0.2,103.57,7008.1421052631595,0.195,589.7226674052126,84578.53263157894,657.3884210526315,61077.57666315787,49330,0.8076613823769463,11747.576663157877,0.19233861762305382,,0,,0,,1
COSERN,Litoral 02,LOGIX,2026-01-01 00:00:00,0.4,482.36,293.44,32,15.56,0.05,0.2,91.554,7008.1421052631595,0.31,459.57519834074225,74765.88757894737,704.3447368421052,42075.947708888314,28999.57,0.6892196511089873,13076.377708888314,0.31078034889101264,,0,,0,,1
COSERN,Litoral 02,LOGIX,2026-02-01 00:00:00,0.4,482.36,293.44,32,15.56,0.05,0.2,93.99,7008.1421052631595,0.31,404.39946626622,76755.20210526316,704.3447368421052,38009.50583436201,28999.57,0.7629557228755999,9009.935834362012,0.2370442771244001,,0,,0,,1
COSERN,Litoral 02,LOGIX,2026-03-01 00:00:00,0.4,482.36,293.44,32,15.56,0.05,0.2,88.18,7008.1421052631595,0.31,478.80673367924356,72010.57263157895,704.3447368421052,42221.1777758357,28999.57,0.6868489115572997,13221.607775835699,0.31315108844270034,,0,,0,,1
COSERN,Litoral 02,LOGIX,2026-04-01 00:00:00,0.4,482.36,293.44,32,15.56,0.05,0.2,99.84,7008.1421052631595,0.31,408.82699447794266,81532.49684210526,704.3447368421052,40817.287128677795,28999.57,0.7104727442707776,11817.717128677796,0.28952725572922244,,0,,0,,1
COSERN,Litoral 02,LOGIX,2026-05-01 00:00:00,0.4,482.36,293.44,32,15.56,0.05,0.2,105.97,7008.1421052631595,0.31,413.50107117350893,86538.44842105263,704.3447368421052,43818.708512256744,28999.57,0.6618079579385228,14819.138512256744,0.33819204206147724,,0,,0,,1
COSERN,Litoral 02,LOGIX,2026-06-01 00:00:00,0.4,482.36,293.44,32,15.56,0.05,0.2,97.28,7008.1421052631595,0.31,401.67070646905194,79441.92,704.3447368421052,39074.52632530937,28999.57,0.7421605001316774,10074.956325309373,0.25783949986832255,,0,,0,,1
COSERN,Litoral 02,LOGIX,2026-07-01 00:00:00,0.4,482.36,293.44,32,15.56,0.05,0.2,100.53,7008.1421052631595,0.31,406.50250821638895,82095.97263157894,704.3447368421052,40865.69715099358,28999.57,0.7096311092613997,11866.127150993583,0.2903688907386002,,0,,0,,1
COSERN,Litoral 02,LOGIX,2026-08-01 00:00:00,0.4,482.36,293.44,32,15.56,0.05,0.2,113.98,7008.1421052631595,0.31,421.3930553933184,93079.66736842105,704.3447368421052,48030.38045373043,28999.57,0.6037755630092589,19030.81045373043,0.396224436990741,,0,,0,,1
COSERN,Litoral 02,LOGIX,2026-09-01 00:00:00,0.4,482.36,293.44,32,15.56,0.05,0.2,111.97,7008.1421052631595,0.31,418.5812263834195,91438.23789473684,704.3447368421052,46868.53991815148,28999.57,0.6187427654166991,17868.96991815148,0.3812572345833009,,0,,0,,1
COSERN,Litoral 02,LOGIX,2026-10-01 00:00:00,0.4,482.36,293.44,32,15.56,0.05,0.2,121.41,7008.1421052631595,0.31,427.10462249137464,99147.24,704.3447368421052,51854.7722166778,28999.57,0.5592459239590105,22855.202216677797,0.44075407604098954,,0,,0,,1
COSERN,Litoral 02,LOGIX,2026-11-01 00:00:00,0.4,482.36,293.44,32,15.56,0.05,0.2,112.74,7008.1421052631595,0.31,420.87511252386867,92067.0442105263,704.3447368421052,47449.46018594095,28999.57,0.6111675430312363,18449.890185940953,0.38883245696876373,,0,,0,,1
COSERN,Litoral 02,LOGIX,2026-12-01 00:00:00,0.4,482.36,293.44,32,15.56,0.05,0.2,106.49,7008.1421052631595,0.31,413.7548936410526,86963.09684210527,704.3447368421052,44060.75862383569,28999.57,0.6581722808629085,15061.18862383569,0.34182771913709153,,0,,0,,1
COSERN,Litoral 10,DISTRA,2026-01-01 00:00:00,1,482.36,293.44,32,15.56,0.05,0.2,247.5,17326.878947368426,0.34,442.0204082934608,202116.31578947368,512.0279999999999,109400.05105263155,87520.04084210524,0.8,21880.01021052631,0.2,,,,,,1
COSERN,Litoral 10,DISTRA,2026-02-01 00:00:00,1,482.36,293.44,32,15.56,0.05,0.2,227.559,17326.878947368426,0.34,435.8856415462871,185831.8654736842,512.0279999999999,99189.70070463154,79351.76056370523,0.8,19837.94014092631,0.2,,,,,,1
COSERN,Litoral 10,DISTRA,2026-03-01 00:00:00,1,482.36,293.44,32,15.56,0.05,0.2,246.794,17326.878947368426,0.34,441.82013859587977,201539.77389473686,512.0279999999999,109038.55928463156,87230.84742770524,0.8,21807.71185692631,0.2,,,,,,1
COSERN,Litoral 10,DISTRA,2026-04-01 00:00:00,1,482.36,293.44,32,15.56,0.05,0.2,214.788,17326.878947368426,0.34,431.3583213058064,175402.6635789474,512.0279999999999,92650.59111663155,74120.47289330524,0.8,18530.11822332631,0.2,,,,,,1
COSERN,Litoral 10,DISTRA,2026-05-01 00:00:00,1,482.36,293.44,32,15.56,0.05,0.2,222.048,17326.878947368426,0.34,433.9958675449972,181331.40884210527,512.0279999999999,96367.91439663155,77094.33151730524,0.8,19273.58287932631,0.2,,,,,,1
COSERN,Litoral 10,DISTRA,2026-06-01 00:00:00,1,482.36,293.44,32,15.56,0.05,0.2,194.221,17326.878947368426,0.34,422.81581930188577,158607.00189473684,512.0279999999999,82119.71124063156,65695.76899250525,0.8,16423.942248126314,0.2,,,,,,1
COSERN,Litoral 10,DISTRA,2026-07-01 00:00:00,1,482.36,293.44,32,15.56,0.05,0.2,213.416,17326.878947368426,0.34,430.839715394495,174282.24505263157,512.0279999999999,91948.08870063155,73558.47096050523,0.8,18389.61774012631,0.2,,,,,,1
COSERN,Litoral 10,DISTRA,2026-08-01 00:00:00,1,482.36,293.44,32,15.56,0.05,0.2,252.765,17326.878947368426,0.34,443.47864013068084,206415.88105263156,512.0279999999999,112095.87847263154,89676.70277810523,0.8,22419.175694526308,0.2,,,,,,1
COSERN,Litoral 10,DISTRA,2026-09-01 00:00:00,1,482.36,293.44,32,15.56,0.05,0.2,255.302,17326.878947368426,0.34,444.1598323108771,208487.67536842104,512.0279999999999,113394.89350863155,90715.91480690525,0.8,22678.97870172631,0.2,,,,,,1
COSERN,Litoral 10,DISTRA,2026-10-01 00:00:00,1,482.36,293.44,32,15.56,0.05,0.2,267.776,17326.878947368426,0.34,447.3213834721243,218674.33768421054,512.0279999999999,119781.93078063156,95825.54462450526,0.8,23956.386156126315,0.2,,,,,,1
COSERN,Litoral 10,DISTRA,2026-11-01 00:00:00,1,482.36,293.44,32,15.56,0.05,0.2,266.662,17326.878947368426,0.34,447.0510668510381,217764.61010526316,512.0279999999999,119211.53158863152,95369.22527090523,0.8,23842.306317726307,0.2,,,,,,1
COSERN,Litoral 10,DISTRA,2026-12-01 00:00:00,1,482.36,293.44,32,15.56,0.05,0.2,250.581,17326.878947368426,0.34,442.8811814169133,204632.35768421052,512.0279999999999,110977.60932063154,88782.08745650524,0.8,22195.52186412631,0.2,,,,,,1
COSERN,Litoral 12,NEXUS,2026-01-01 00:00:00,1,482.36,293.44,32,15.56,0.05,0.2,219.05,17326.878947368426,0.3,463.9598906762454,178883.14736842108,543.06,101630.41405263156,75110.12105263157,0.7390516092331783,26520.29299999999,0.26094839076682175,,0,,0,,1
COSERN,Litoral 12,NEXUS,2026-02-01 00:00:00,1,482.36,293.44,32,15.56,0.05,0.2,223.32,17326.878947368426,0.3,465.4723278373256,182370.1642105263,543.06,103949.28025263155,75110.12105263157,0.7225650901101848,28839.15919999998,0.2774349098898152,,0,,0,,1
COSERN,Litoral 12,NEXUS,2026-03-01 00:00:00,1,482.36,293.44,32,15.56,0.05,0.2,233.8,17326.878947368426,0.3,468.95016703435226,190928.46315789476,543.06,109640.54905263157,75110.12105263157,0.6850578704834459,34530.428,0.31494212951655415,,0,,0,,1
COSERN,Litoral 12,NEXUS,2026-04-01 00:00:00,1,482.36,293.44,32,15.56,0.05,0.2,238.12,17326.878947368426,0.3,470.294676014747,194456.31157894738,543.06,111986.56825263155,75110.12105263157,0.6707065161885303,36876.44719999998,0.3292934838114698,,0,,0,,1
COSERN,Litoral 12,NEXUS,2026-05-01 00:00:00,1,482.36,293.44,32,15.56,0.05,0.2,255.73,17326.878947368426,0.3,475.30541920240694,208837.19368421054,543.06,121549.85485263153,75110.12105263157,0.6179367399796237,46439.73379999996,0.3820632600203763,,0,,0,,1
COSERN,Litoral 12,NEXUS,2026-06-01 00:00:00,1,482.36,293.44,32,15.56,0.05,0.2,229.06,17326.878947368426,0.3,467.4165923890315,187057.6294736842,543.06,107066.44465263156,75110.12105263157,0.7015281145864168,31956.32359999999,0.29847188541358316,,0,,0,,1
COSERN,Litoral 12,NEXUS,2026-07-01 00:00:00,1,482.36,293.44,32,15.56,0.05,0.2,237.57,17326.878947368426,0.3,470.12621649463966,194007.1642105263,543.06,111687.88525263155,75110.12105263157,0.6725001631353017,36577.764199999976,0.3274998368646983,,0,,0,,1
COSERN,Litoral 12,NEXUS,2026-08-01 00:00:00,1,482.36,293.44,32,15.56,0.05,0.2,271.7,17326.878947368426,0.3,479.2879022916141,221878.8,543.06,130222.52305263154,75110.12105263157,0.5767828735914954,55112.40199999997,0.4232171264085046,,0,,0,,1
COSERN,Litoral 12,NEXUS,2026-09-01 00:00:00,1,482.36,293.44,32,15.56,0.05,0.2,270.01,17326.878947368426,0.3,478.88875098193233,220498.69263157895,543.06,129304.75165263154,75110.12105263157,0.5808767279829733,54194.630599999975,0.4191232720170267,,0,,0,,1
COSERN,Litoral 12,NEXUS,2026-10-01 00:00:00,1,482.36,293.44,32,15.56,0.05,0.2,274.71,17326.878947368426,0.3,479.98665375352766,224336.86105263158,543.06,131857.13365263157,75110.12105263157,0.5696325937927935,56747.0126,0.4303674062072064,,0,,0,,1
COSERN,Litoral 12,NEXUS,2026-11-01 00:00:00,1,482.36,293.44,32,15.56,0.05,0.2,259.7,17326.878947368426,0.3,476.3411746346998,212079.22105263156,543.06,123705.80305263154,75110.12105263157,0.6071673211698518,48595.68199999997,0.39283267883014816,,0,,0,,1
COSERN,Litoral 12,NEXUS,2026-12-01 00:00:00,1,482.36,293.44,32,15.56,0.05,0.2,252.58,17326.878947368426,0.3,474.4604317548165,206264.80421052634,543.06,119839.21585263156,75110.12105263157,0.6267574476204504,44729.09479999999,0.3732425523795496,,0,,0,,1
COSERN,Litoral 15,NOVASOL,2026-01-01 00:00:00,1,482.36,293.44,32,15.56,0.05,0.2,238.8,17326.878947368426,0.789,91.13568045490605,195011.62105263158,163.69379999999995,21763.200492631568,17410.560394105254,0.8,4352.6400985263135,0.2,,0,,0,,1
COSERN,Litoral 15,NOVASOL,2026-02-01 00:00:00,1,482.36,293.44,32,15.56,0.05,0.2,221.28,17326.878947368426,0.789,85.39084018723591,180704.2357894737,163.69379999999995,18895.285116631563,15116.228093305252,0.8,3779.057023326313,0.2,,0,,0,,1
COSERN,Litoral 15,NOVASOL,2026-03-01 00:00:00,1,482.36,293.44,32,15.56,0.05,0.2,257.29,17326.878947368426,0.789,96.350028584988,210111.13894736845,163.69379999999995,24789.898854631563,19831.919083705252,0.8,4957.979770926313,0.2,,0,,0,,1
COSERN,Litoral 15,NOVASOL,2026-04-01 00:00:00,1,482.36,293.44,32,15.56,0.05,0.2,222.89,17326.878947368426,0.789,85.95644548715313,182019.01263157895,163.69379999999995,19158.83213463156,15327.06570770525,0.8,3831.7664269263123,0.2,,0,,0,,1
COSERN,Litoral 15,NOVASOL,2026-05-01 00:00:00,1,482.36,293.44,32,15.56,0.05,0.2,243.08,17326.878947368426,0.789,92.41323826160753,198506.80421052634,163.69379999999995,22463.80995663156,17971.04796530525,0.8,4492.761991326312,0.2,,0,,0,,1
COSERN,Litoral 15,NOVASOL,2026-06-01 00:00:00,1,482.36,293.44,32,15.56,0.05,0.2,219.85,17326.878947368426,0.789,84.88152368720291,179536.45263157896,163.69379999999995,18661.20298263156,14928.962386105248,0.8,3732.240596526312,0.2,,0,,0,,1
COSERN,Litoral 15,NOVASOL,2026-07-01 00:00:00,1,482.36,293.44,32,15.56,0.05,0.2,231.21,17326.878947368426,0.789,88.75379330751942,188813.38736842107,163.69379999999995,20520.764550631564,16416.611640505253,0.8,4104.152910126313,0.2,,0,,0,,1
COSERN,Litoral 15,NOVASOL,2026-08-01 00:00:00,1,482.36,293.44,32,15.56,0.05,0.2,255.45,17326.878947368426,0.789,95.86495307352344,208608.53684210527,163.69379999999995,24488.702262631563,19590.96181010525,0.8,4897.740452526313,0.2,,0,,0,,1
COSERN,Litoral 15,NOVASOL,2026-09-01 00:00:00,1,482.36,293.44,32,15.56,0.05,0.2,272.42,17326.878947368426,0.789,100.09025052724309,222466.7747368421,163.69379999999995,27266.58604863156,21813.26883890525,0.8,5453.317209726312,0.2,,0,,0,,1
COSERN,Litoral 15,NOVASOL,2026-10-01 00:00:00,1,482.36,293.44,32,15.56,0.05,0.2,267.2,17326.878947368426,0.789,98.84769615505823,218203.95789473684,163.69379999999995,26412.104412631557,21129.68353010525,0.8,5282.420882526312,0.2,,0,,0,,1
COSERN,Litoral 15,NOVASOL,2026-11-01 00:00:00,1,482.36,293.44,32,15.56,0.05,0.2,263.3,17326.878947368426,0.789,97.88719556639408,215019.09473684212,163.69379999999995,25773.698592631565,20618.958874105254,0.8,5154.7397185263135,0.2,,0,,0,,1
COSERN,Litoral 15,NOVASOL,2026-12-01 00:00:00,1,482.36,293.44,32,15.56,0.05,0.2,232.9,17326.878947368426,0.789,89.29758296535665,190193.4947368421,163.69379999999995,20797.407072631566,16637.925658105254,0.8,4159.4814145263135,0.2,,0,,0,,1
COPEL,Tamboril,#N/A,2026-01-01 00:00:00,2,457.17,310.85,25.33,25.33,0.05,0.19,0,56189.642690058485,0.253,#DIV/0!,0,#N/A,0,,#DIV/0!,,#DIV/0!,,#DIV/0!,,#DIV/0!,,#DIV/0!
COPEL,Tamboril,#N/A,2026-02-01 00:00:00,2,457.17,310.85,25.33,25.33,0.05,0.19,0,56189.642690058485,0.253,#DIV/0!,0,#N/A,0,,#DIV/0!,,#DIV/0!,,#DIV/0!,,#DIV/0!,,#DIV/0!
COPEL,Tamboril,#N/A,2026-03-01 00:00:00,2,457.17,310.85,25.33,25.33,0.05,0.19,0,56189.642690058485,0.253,#DIV/0!,0,#N/A,0,,#DIV/0!,,#DIV/0!,,#DIV/0!,,#DIV/0!,,#DIV/0!
COPEL,Tamboril,#N/A,2026-04-01 00:00:00,2,457.17,310.85,25.33,25.33,0.05,0.19,0,56189.642690058485,0.253,#DIV/0!,0,#N/A,0,,#DIV/0!,,#DIV/0!,,#DIV/0!,,#DIV/0!,,#DIV/0!
COPEL,Tamboril,#N/A,2026-05-01 00:00:00,2,457.17,310.85,25.33,25.33,0.05,0.19,0,56189.642690058485,0.253,#DIV/0!,0,#N/A,0,,#DIV/0!,,#DIV/0!,,#DIV/0!,,#DIV/0!,,#DIV/0!
COPEL,Tamboril,#N/A,2026-06-01 00:00:00,2,457.17,310.85,25.33,25.33,0.05,0.19,0,56189.642690058485,0.253,#DIV/0!,0,#N/A,0,,#DIV/0!,,#DIV/0!,,#DIV/0!,,#DIV/0!,,#DIV/0!
COPEL,Tamboril,#N/A,2026-07-01 00:00:00,2,457.17,310.85,25.33,25.33,0.05,0.19,0,56189.642690058485,0.253,#DIV/0!,0,#N/A,0,,#DIV/0!,,#DIV/0!,,#DIV/0!,,#DIV/0!,,#DIV/0!
COPEL,Tamboril,#N/A,2026-08-01 00:00:00,2,457.17,310.85,25.33,25.33,0.05,0.19,0,56189.642690058485,0.253,#DIV/0!,0,#N/A,0,,#DIV/0!,,#DIV/0!,,#DIV/0!,,#DIV/0!,,#DIV/0!
COPEL,Tamboril,#N/A,2026-09-01 00:00:00,2,457.17,310.85,25.33,25.33,0.05,0.19,0,56189.642690058485,0.253,#DIV/0!,0,#N/A,0,,#DIV/0!,,#DIV/0!,,#DIV/0!,,#DIV/0!,,#DIV/0!
COPEL,Tamboril,#N/A,2026-10-01 00:00:00,2,457.17,310.85,25.33,25.33,0.05,0.19,0,56189.642690058485,0.253,#DIV/0!,0,#N/A,0,,#DIV/0!,,#DIV/0!,,#DIV/0!,,#DIV/0!,,#DIV/0!
COPEL,Tamboril,#N/A,2026-11-01 00:00:00,2,457.17,310.85,25.33,25.33,0.05,0.19,0,56189.642690058485,0.253,#DIV/0!,0,#N/A,0,,#DIV/0!,,#DIV/0!,,#DIV/0!,,#DIV/0!,,#DIV/0!
COPEL,Tamboril,#N/A,2026-12-01 00:00:00,2,457.17,310.85,25.33,25.33,0.05,0.19,0,56189.642690058485,0.253,#DIV/0!,0,#N/A,0,,#DIV/0!,,#DIV/0!,,#DIV/0!,,#DIV/0!,,#DIV/0!
ESS,Guará I,TELMO,2026-01-01 00:00:00,2.5,423.67,322.09,23.4,23.4,0.05,0.18,623.7,64828.21309370989,0.101,610.0318517144301,489611.065263158,705.7244631578948,380476.8659142901,180794.5298350759,0.47517877177794937,9600,0.025231494632219215,6999.999999999998,0.018397964835993173,183082.33607921418,0.48119176875383823,,1
ESS,Guará I,TELMO,2026-02-01 00:00:00,2.5,423.67,322.09,23.4,23.4,0.05,0.18,589.53,64828.21309370989,0.101,604.0072633959285,462787.25557894737,705.7244631578948,356080.4019898017,180794.5298350759,0.5077351317982783,9600,0.026960203219145287,6999.999999999998,0.0196584815139601,158685.87215472583,0.44564618346861634,,1
ESS,Guará I,TELMO,2026-03-01 00:00:00,2.5,423.67,322.09,23.4,23.4,0.05,0.18,603.54,64828.21309370989,0.101,606.5599071988586,473785.25305263157,705.7244631578948,366083.1663907991,180794.5298350759,0.4938619047073995,9600,0.026223549404486575,6999.999999999998,0.019121338107438123,168688.6365557232,0.4607932077806758,,1
ESS,Guará I,TELMO,2026-04-01 00:00:00,2.5,423.67,322.09,23.4,23.4,0.05,0.18,567.06,64828.21309370989,0.101,599.6498155325907,445148.06905263156,705.7244631578948,340037.4243959108,180794.5298350759,0.5316900931015582,9600,0.02823218655139139,6999.999999999998,0.02058596936038955,142642.89456083492,0.4194917509866608,,1
ESS,Guará I,TELMO,2026-05-01 00:00:00,2.5,423.67,322.09,23.4,23.4,0.05,0.18,492.7,64828.21309370989,0.101,582.3957335888474,386774.6863157895,705.7244631578948,286946.3779392251,180794.5298350759,0.6300638158721347,9600,0.03345572810134327,6999.999999999998,0.024394801740562792,89551.84810414922,0.31208565428595925,,1
ESS,Guará I,TELMO,2026-06-01 00:00:00,2.5,423.67,322.09,23.4,23.4,0.05,0.18,418.84,64828.21309370989,0.101,559.1928136707672,328793.80884210527,705.7244631578948,234212.31807786413,180794.5298350759,0.771925795017197,9600,0.04098845047427638,6999.999999999998,0.029887411804159852,36817.78824278823,0.15719834270436672,,1
ESS,Guará I,TELMO,2026-07-01 00:00:00,2.5,423.67,322.09,23.4,23.4,0.05,0.18,499.28,64828.21309370989,0.101,584.1297899649453,391940.05557894736,705.7244631578948,291644.3215336979,180794.5298350759,0.6199144522489394,9600,0.032916807532941364,6999.999999999998,0.024001838826103072,94249.791698622,0.32316690139201615,,1
ESS,Guará I,TELMO,2026-08-01 00:00:00,2.5,423.67,322.09,23.4,23.4,0.05,0.18,592.11,64828.21309370989,0.101,604.4864177630459,464812.58273684216,705.7244631578948,357922.4528216771,180794.5298350759,0.5051220687883214,9600,0.02682145231269657,6999.999999999998,0.01955730897800791,160527.9229866012,0.4484991699209741,,1
ESS,Guará I,TELMO,2026-09-01 00:00:00,2.5,423.67,322.09,23.4,23.4,0.05,0.18,580.15,64828.21309370989,0.101,602.229308733105,455423.8568421053,705.7244631578948,349383.33346151083,180794.5298350759,0.5174675278407143,9600,0.02747698324613291,6999.999999999998,0.020035300283638573,151988.80362643494,0.4350201886295143,,1
ESS,Guará I,TELMO,2026-10-01 00:00:00,2.5,423.67,322.09,23.4,23.4,0.05,0.18,620.13,64828.21309370989,0.101,609.4334762447744,486808.57768421056,705.7244631578948,377927.98162367195,180794.5298350759,0.4783835509038996,9600,0.02540166504410716,6999.999999999998,0.0185220474279948,180533.45178859605,0.47769273662399847,,1
ESS,Guará I,TELMO,2026-11-01 00:00:00,2.5,423.67,322.09,23.4,23.4,0.05,0.18,575.38,64828.21309370989,0.101,601.3029325699772,451679.356631579,705.7244631578948,345977.6813421135,180794.5298350759,0.5225612505804982,9600,0.027747454583659174,6999.999999999998,0.020232518967251478,148583.15150703758,0.4294587758685912,,1
ESS,Guará I,TELMO,2026-12-01 00:00:00,2.5,423.67,322.09,23.4,23.4,0.05,0.18,665.69,64828.21309370989,0.101,616.588202000415,522573.657263158,705.7244631578948,410456.6001896563,180794.5298350759,0.4404717325815632,9600,0.02338858723568876,6999.999999999998,0.017054178192689715,213062.0703545804,0.5190855019900583,,1
ESS,Guará II,TELMO,2026-01-01 00:00:00,1.25,423.67,322.09,23.4,23.4,0.05,0.18,308.68,32499.26572528883,0.101,608.6885407682801,242317.0492631579,705.7244631578948,187889.9787643527,90397.26491753795,0.4811180751205051,4800,0.0255468654132962,3499.999999999999,0.018627922697195144,89192.71384681476,0.47470713676900356,,1
ESS,Guará II,TELMO,2026-02-01 00:00:00,1.25,423.67,322.09,23.4,23.4,0.05,0.18,273.3,32499.26572528883,0.101,595.0589362575143,214543.3768421053,705.7244631578948,162629.6072791787,90397.26491753795,0.5558475263508271,4800,0.029514920931709952,3499.999999999999,0.021521296512705165,63932.34236164074,0.3931162562047577,,1
ESS,Guará II,TELMO,2026-03-01 00:00:00,1.25,423.67,322.09,23.4,23.4,0.05,0.18,285.9,32499.26572528883,0.101,600.2996484132932,224434.50947368421,705.7244631578948,171625.6694813605,90397.26491753795,0.5267117977789191,4800,0.02796784428870826,3499.999999999999,0.020393219793849768,72928.40456382255,0.4249271381385229,,1
ESS,Guará II,TELMO,2026-04-01 00:00:00,1.25,423.67,322.09,23.4,23.4,0.05,0.18,274.47,32499.26572528883,0.101,595.565839298424,215461.83915789478,705.7244631578948,163464.95591223845,90397.26491753795,0.55300700026537,4800,0.029364091974410943,3499.999999999999,0.02141131706467464,64767.690994700504,0.3962175906955444,,1
ESS,Guará II,TELMO,2026-05-01 00:00:00,1.25,423.67,322.09,23.4,23.4,0.05,0.18,235.64,32499.26572528883,0.101,576.054052450026,184979.88042105263,705.7244631578948,135741.37691932413,90397.26491753795,0.6659521729418159,4800,0.03536136223852222,3499.999999999999,0.02578432663225578,37044.11200178618,0.27290213818740616,,1
ESS,Guará II,TELMO,2026-06-01 00:00:00,1.25,423.67,322.09,23.4,23.4,0.05,0.18,214.02,32499.26572528883,0.101,562.1216546934173,168007.9528421053,705.7244631578948,120305.27653748519,90397.26491753795,0.751399003595421,4800,0.039898499368848525,3499.999999999999,0.029092655789785375,21608.01161994724,0.17960984124594512,,1
ESS,Guará II,TELMO,2026-07-01 00:00:00,1.25,423.67,322.09,23.4,23.4,0.05,0.18,238.45,32499.26572528883,0.101,577.6793524220961,187185.76,705.7244631578948,137747.6415850488,90397.26491753795,0.656252723294173,4800,0.034846331630559065,3499.999999999999,0.025408783480615982,39050.37666751086,0.283492161594652,,1
ESS,Guará II,TELMO,2026-08-01 00:00:00,1.25,423.67,322.09,23.4,23.4,0.05,0.18,284.52,32499.26572528883,0.101,599.7483005703093,223351.19494736844,705.7244631578948,170640.3864782644,90397.26491753795,0.5297530484030664,4800,0.028129331508584033,3499.999999999999,0.020510970891675855,71943.12156072646,0.4216066491966738,,1
ESS,Guará II,TELMO,2026-09-01 00:00:00,1.25,423.67,322.09,23.4,23.4,0.05,0.18,262.95,32499.26572528883,0.101,590.378340962,206418.51789473684,705.7244631578948,155239.9847559579,90397.26491753795,0.5823065820293997,4800,0.030919869050140332,3499.999999999999,0.022545737849060655,56542.71983841996,0.3642278110713994,,1
ESS,Guará II,TELMO,2026-10-01 00:00:00,1.25,423.67,322.09,23.4,23.4,0.05,0.18,286.57,32499.26572528883,0.101,600.5654168932392,224960.4665263158,705.7244631578948,172104.03151909556,90397.26491753795,0.5252478057581589,4800,0.027890107847168142,3499.999999999999,0.02033653697189343,73406.76660155761,0.4265255494227796,,1
ESS,Guará II,TELMO,2026-11-01 00:00:00,1.25,423.67,322.09,23.4,23.4,0.05,0.18,318.07,32499.26572528883,0.101,611.7967335006449,249688.29810526318,705.7244631578948,194594.18702455013,90397.26491753795,0.4645424732349963,4800,0.024666718330051806,3499.999999999999,0.017986148782329438,95896.92210701219,0.49280465965262243,,1
ESS,Guará II,TELMO,2026-12-01 00:00:00,1.25,423.67,322.09,23.4,23.4,0.05,0.18,328.46,32499.26572528883,0.101,615.0288268751046,257844.55747368422,705.7244631578948,202012.36847539686,90397.26491753795,0.44748381299508133,4800,0.023760921354598116,3499.999999999999,0.01732567182106112,103315.1035578589,0.5114295938292595,,1
ESS,Guará III,BANCOR,2026-01-01 00:00:00,1.25,423.67,322.09,23.4,23.4,0.05,0.18,310.27,32499.26572528883,0.32,462.8117948539835,243565.21600000001,567.556906290116,143596.61558934546,114877.29247147636,0.8,28719.32311786909,0.2,,,,,,1
ESS,Guará III,BANCOR,2026-02-01 00:00:00,1.25,423.67,322.09,23.4,23.4,0.05,0.18,291.44,32499.26572528883,0.32,456.044191064722,228783.4677894737,567.556906290116,132909.51904390258,106327.61523512207,0.8,26581.903808780517,0.2,,,,,,1
ESS,Guará III,BANCOR,2026-03-01 00:00:00,1.25,423.67,322.09,23.4,23.4,0.05,0.18,305.51,32499.26572528883,0.32,461.17981314982984,239828.56589473685,567.556906290116,140895.0447154045,112716.03577232361,0.8,28179.008943080902,0.2,,,,,,1
ESS,Guará III,BANCOR,2026-04-01 00:00:00,1.25,423.67,322.09,23.4,23.4,0.05,0.18,254.21,32499.26572528883,0.32,439.712739163375,199557.52589473687,567.556906290116,111779.37542272155,89423.50033817725,0.8,22355.875084544314,0.2,,,,,,1
ESS,Guará III,BANCOR,2026-05-01 00:00:00,1.25,423.67,322.09,23.4,23.4,0.05,0.18,235.28,32499.26572528883,0.32,429.4267391476099,184697.27663157898,567.556906290116,101035.52318664966,80828.41854931973,0.8,20207.104637329932,0.2,,,,,,1
ESS,Guará III,BANCOR,2026-06-01 00:00:00,1.25,423.67,322.09,23.4,23.4,0.05,0.18,202.26,32499.26572528883,0.32,406.876268866558,158776.2290526316,567.556906290116,82294.79414095002,65835.83531276001,0.8,16458.958828190003,0.2,,,,,,1
ESS,Guará III,BANCOR,2026-07-01 00:00:00,1.25,423.67,322.09,23.4,23.4,0.05,0.18,238.33,32499.26572528883,0.32,431.19444363208373,187091.55873684213,567.556906290116,102766.57175083453,82213.25740066763,0.8,20553.314350166907,0.2,,,,,,1
ESS,Guará III,BANCOR,2026-08-01 00:00:00,1.25,423.67,322.09,23.4,23.4,0.05,0.18,284.84,32499.26572528883,0.32,453.46034076108623,223602.39831578947,567.556906290116,129163.64346238779,103330.91476991023,0.8,25832.728692477558,0.2,,,,,,1
ESS,Guará III,BANCOR,2026-09-01 00:00:00,1.25,423.67,322.09,23.4,23.4,0.05,0.18,259.43,32499.26572528883,0.32,442.28509607044657,203655.28084210528,567.556906290116,114742.02247355596,91793.61797884478,0.8,22948.404494711194,0.2,,,,,,1
ESS,Guará III,BANCOR,2026-10-01 00:00:00,1.25,423.67,322.09,23.4,23.4,0.05,0.18,305.03,32499.26572528883,0.32,461.0124164848875,239451.76084210526,567.556906290116,140622.61740038524,112498.0939203082,0.8,28124.52348007705,0.2,,,,,,1
ESS,Guará III,BANCOR,2026-11-01 00:00:00,1.25,423.67,322.09,23.4,23.4,0.05,0.18,319.02,32499.26572528883,0.32,465.68471731986705,250434.05810526316,567.556906290116,148562.73851938397,118850.19081550719,0.8,29712.547703876797,0.2,,,,,,1
ESS,Guará III,BANCOR,2026-12-01 00:00:00,1.25,423.67,322.09,23.4,23.4,0.05,0.18,308.64,32499.26572528883,0.32,462.25861143109313,242285.64884210526,567.556906290116,142671.49783209257,114137.19826567406,0.8,28534.299566418515,0.2,,,,,,1
COPEL,Palmares,BANCOR,2026-01-01 00:00:00,5,457.17,310.85,25.33,25.33,0.05,0.19,1179,140178.59005847955,0.27,381.0136628600686,953153.2421052632,548.4431319,449215.1085120209,187200,0.416726856360822,238615.10851202093,0.5311822865940753,23400,0.05209085704510275,,0,,1
COPEL,Palmares,BANCOR,2026-02-01 00:00:00,5,457.17,310.85,25.33,25.33,0.05,0.19,1037.6,140178.59005847955,0.27,371.0611670456592,838839.5284210526,548.4431319,385013.06692657596,187200,0.4862172639862637,174413.06692657594,0.45300557801545327,23400,0.06077715799828296,,0,,1
COPEL,Palmares,BANCOR,2026-03-01 00:00:00,5,457.17,310.85,25.33,25.33,0.05,0.19,1123.2,140178.59005847955,0.27,382.79424504664127,908042.172631579,548.4431319,429954.4960363875,187200,0.4353949120796194,219354.49603638754,0.5101807239104282,23400,0.054424364009952424,,0,,1
COPEL,Palmares,BANCOR,2026-04-01 00:00:00,5,457.17,310.85,25.33,25.33,0.05,0.19,990.98,140178.59005847955,0.27,388.5174947290318,801149.9574736842,548.4431319,385013.06692657596,187200,0.4862172639862637,174413.06692657594,0.45300557801545327,23400,0.06077715799828296,,0,,1
COPEL,Palmares,BANCOR,2026-05-01 00:00:00,5,457.17,310.85,25.33,25.33,0.05,0.19,826.08,140178.59005847955,0.27,367.42913555454135,667837.8543157895,548.4431319,303525.8602988955,187200,0.6167514023867876,92925.86029889548,0.3061546723148638,23400,0.07709392529834845,,0,,0.9999999999999999
COPEL,Palmares,BANCOR,2026-06-01 00:00:00,5,457.17,310.85,25.33,25.33,0.05,0.19,722.74,140178.59005847955,0.27,345.4837392960007,584293.4471578947,548.4431319,249694.91773879153,187200,0.7497148988664314,39094.917738791526,0.15657073877526467,23400,0.09371436235830392,,0,,1
COPEL,Palmares,BANCOR,2026-07-01 00:00:00,5,457.17,310.85,25.33,25.33,0.05,0.19,802.36,140178.59005847955,0.27,380.75341209967326,648661.6075789474,548.4431319,305501.30773229385,187200,0.6127633344340395,94901.30773229388,0.3106412487617056,23400,0.07659541680425494,,0,,1
COPEL,Palmares,BANCOR,2026-08-01 00:00:00,5,457.17,310.85,25.33,25.33,0.05,0.19,1033,140178.59005847955,0.27,374.1477758970229,835120.6947368422,548.4431319,386494.65250162466,187200,0.4843534025330741,175894.65250162463,0.45510242215029156,23400,0.06054417531663426,,0,,1
COPEL,Palmares,BANCOR,2026-09-01 00:00:00,5,457.17,310.85,25.33,25.33,0.05,0.19,1057.3,140178.59005847955,0.27,377.2261410766708,854765.8378947369,548.4431319,398841.198960364,187200,0.46935973637619005,188241.198960364,0.4719702965767863,23400,0.058669967047023756,,0,,1
COPEL,Palmares,BANCOR,2026-10-01 00:00:00,5,457.17,310.85,25.33,25.33,0.05,0.19,1151.6,140178.59005847955,0.27,385.36178192964184,931001.9284210526,548.4431319,443782.62807017553,187200,0.42182813873101405,233182.62807017556,0.5254433439276093,23400,0.052728517341376756,,0,,1
COPEL,Palmares,BANCOR,2026-11-01 00:00:00,5,457.17,310.85,25.33,25.33,0.05,0.19,1224.2,140178.59005847955,0.27,391.15080870200586,989694.825263158,548.4431319,478846.8200129956,187200,0.3909392151647149,268246.8200129956,0.5601933829396958,23400,0.048867401895589364,,0,,1
COPEL,Palmares,BANCOR,2026-12-01 00:00:00,5,457.17,310.85,25.33,25.33,0.05,0.19,1278.5,140178.59005847955,0.27,395.7835136661888,1033593.2315789474,548.4431319,506009.22222222236,187200,0.3699537316293971,295409.22222222236,0.5838020519169282,23400,0.04624421645367464,,0,,1
ERO,Cerrado I,TELMO,2026-01-01 00:00:00,1.5,622.26,219.13,36.4,22.42,0.05,0.195,293.39,37350.078260869566,0.185,603.8404023239233,259847.8022105263,721.8240526315789,177160.73563781584,81018.37,0.45731561064203563,12454.59,0.07030107407920193,6163.78,0.03479202080420979,77523.99563781585,0.4375912944745527,,1
ERO,Cerrado I,TELMO,2026-02-01 00:00:00,1.5,622.26,219.13,36.4,22.42,0.05,0.195,232.42,37350.078260869566,0.185,570.4448287305208,205848.2776842105,721.8240526315789,132582.78709354764,81018.37,0.6110775899049032,12454.59,0.09393821229004864,6163.78,0.04649004697458174,32946.04709354765,0.24849415083046644,,1
ERO,Cerrado I,TELMO,2026-03-01 00:00:00,1.5,622.26,219.13,36.4,22.42,0.05,0.195,286.77,37350.078260869566,0.185,600.9015992723522,253984.64242105262,721.8240526315789,172320.55162333243,81018.37,0.47016080924052706,12454.59,0.07227570874554717,6163.78,0.0357692680410699,72683.81162333244,0.4217942139728559,,1
ERO,Cerrado I,TELMO,2026-04-01 00:00:00,1.5,622.26,219.13,36.4,22.42,0.05,0.195,280.51,37350.078260869566,0.185,597.9950092067924,248440.32515789472,721.8240526315789,167743.58003259733,81018.37,0.4829893935985856,12454.59,0.07424778937935939,6163.78,0.03674525128653033,68106.84003259733,0.4060175657355247,,1
ERO,Cerrado I,TELMO,2026-05-01 00:00:00,1.5,622.26,219.13,36.4,22.42,0.05,0.195,274.57,37350.078260869566,0.185,595.1144518365068,243179.4234736842,721.8240526315789,163400.57504074965,81018.37,0.4958267128484415,12454.59,0.07622121278884124,6163.78,0.037721899072037206,63763.83504074966,0.3902301752906801,,1
ERO,Cerrado I,TELMO,2026-06-01 00:00:00,1.5,622.26,219.13,36.4,22.42,0.05,0.195,306.41,37350.078260869566,0.185,609.2498666167803,271379.2735789474,721.8240526315789,186680.25163004766,81018.37,0.43399539743795507,12454.59,0.06671616248237013,6163.78,0.03301784707369599,87043.51163004767,0.46627059300597884,,1
ERO,Cerrado I,TELMO,2026-07-01 00:00:00,1.5,622.26,219.13,36.4,22.42,0.05,0.195,338.04,37350.078260869566,0.185,620.6555071554425,299393.1322105263,721.8240526315789,209806.3876388258,81018.37,0.38615778533621303,12454.59,0.059362301311055084,6163.78,0.029378419167154845,110169.64763882582,0.5251014941855771,,1
ERO,Cerrado I,TELMO,2026-08-01 00:00:00,1.5,622.26,219.13,36.4,22.42,0.05,0.195,312.77,37350.078260869566,0.185,611.7285474404039,277012.1582105263,721.8240526315789,191330.3377829351,81018.37,0.4234475877626663,12454.59,0.06509469509289098,6163.78,0.03221538241882387,91693.5977829351,0.4792423347256189,,1
ERO,Cerrado I,TELMO,2026-09-01 00:00:00,1.5,622.26,219.13,36.4,22.42,0.05,0.195,291.85,37350.078260869566,0.185,603.1686530089778,258483.8647368421,721.8240526315789,176034.7713806702,81018.37,0.4602407204244897,12454.59,0.07075073806337558,6163.78,0.035014559633056816,76398.0313806702,0.4339939818790779,,1
ERO,Cerrado I,TELMO,2026-10-01 00:00:00,1.5,622.26,219.13,36.4,22.42,0.05,0.195,312.69,37350.078260869566,0.185,611.6979952451733,276941.3043157895,721.8240526315789,191271.84613321323,81018.37,0.42357707962714974,12454.59,0.06511460129540379,6163.78,0.03222523400389607,91635.10613321324,0.4790830850735504,,1
ERO,Cerrado I,TELMO,2026-11-01 00:00:00,1.5,622.26,219.13,36.4,22.42,0.05,0.195,289.03,37350.078260869566,0.185,601.9200108223189,255986.26494736839,721.8240526315789,173972.9407279748,81018.37,0.46569523778229877,12454.59,0.07158923650933782,6163.78,0.03542953274347259,74336.20072797482,0.4272859929648909,,1
ERO,Cerrado I,TELMO,2026-12-01 00:00:00,1.5,622.26,219.13,36.4,22.42,0.05,0.195,257.43,37350.078260869566,0.185,586.0573324315052,227998.9765263158,721.8240526315789,150868.73908784238,81018.37,0.5370123094409078,12454.59,0.0825524895037957,6163.78,0.040855249651229456,51231.999087842385,0.33957995140406705,,1
ERO,Cerrado II,TELCO,2026-01-01 00:00:00,0.75,622.26,219.13,36.4,22.42,0.05,0.195,142.66,18765.078260869566,0.06,700.9961941766135,126350.20778947367,832.5332631578947,100004.11706123568,63104.98,0.6310238203629039,36899.13706123567,0.36897617963709595,,0,,0,,0.9999999999999999
ERO,Cerrado II,TELCO,2026-02-01 00:00:00,0.75,622.26,219.13,36.4,22.42,0.05,0.195,139.59,18765.078260869566,0.06,698.1033021229382,123631.18957894736,832.5332631578947,97448.23994334094,63104.98,0.6475743434328928,34343.25994334095,0.35242565656710734,,0,,0,,1
ERO,Cerrado II,TELCO,2026-03-01 00:00:00,0.75,622.26,219.13,36.4,22.42,0.05,0.195,149.9,18765.078260869566,0.06,707.3492854336147,132762.4852631579,832.5332631578947,106031.65788649884,63104.98,0.5951522522410285,42926.677886498845,0.40484774775897153,,0,,0,,1
ERO,Cerrado II,TELCO,2026-04-01 00:00:00,0.75,622.26,219.13,36.4,22.42,0.05,0.195,156.65,18765.078260869566,0.06,712.7434242758674,138740.78263157894,832.5332631578947,111651.25741281462,63104.98,0.5651972173199835,48546.27741281462,0.43480278268001654,,0,,0,,1
ERO,Cerrado II,TELCO,2026-05-01 00:00:00,0.75,622.26,219.13,36.4,22.42,0.05,0.195,160.57,18765.078260869566,0.06,715.6678570367663,142212.6234736842,832.5332631578947,114914.78780439356,63104.98,0.5491458602126688,51809.80780439356,0.45085413978733124,,0,,0,,1
ERO,Cerrado II,TELCO,2026-06-01 00:00:00,0.75,622.26,219.13,36.4,22.42,0.05,0.195,157.68,18765.078260869566,0.06,713.5259175156472,139653.02652631578,832.5332631578947,112508.76667386724,63104.98,0.5608894476901025,49403.78667386724,0.43911055230989754,,0,,0,,1
ERO,Cerrado II,TELCO,2026-07-01 00:00:00,0.75,622.26,219.13,36.4,22.42,0.05,0.195,184.69,18765.078260869566,0.06,730.9301538348692,163575.0727368421,832.5332631578947,134995.490111762,63104.98,0.46745991253304653,71890.51011176198,0.5325400874669535,,0,,0,,1
ERO,Cerrado II,TELCO,2026-08-01 00:00:00,0.75,622.26,219.13,36.4,22.42,0.05,0.195,183.04,18765.078260869566,0.06,730.0142604215006,162113.71115789472,832.5332631578947,133621.81022755147,63104.98,0.47226556721941787,70516.83022755146,0.5277344327805821,,0,,0,,1
ERO,Cerrado II,TELCO,2026-09-01 00:00:00,0.75,622.26,219.13,36.4,22.42,0.05,0.195,160.71,18765.078260869566,0.06,715.7696625053554,142336.61778947368,832.5332631578947,115031.34246123568,63104.98,0.5485894422319352,51926.36246123567,0.4514105577680648,,0,,0,,1
ERO,Cerrado II,TELCO,2026-10-01 00:00:00,0.75,622.26,219.13,36.4,22.42,0.05,0.195,173.58,18765.078260869566,0.06,724.4270397400494,153735.23810526315,832.5332631578947,125746.04555807778,63104.98,0.5018446482347151,62641.065558077775,0.4981553517652849,,0,,0,,1
ERO,Cerrado II,TELCO,2026-11-01 00:00:00,0.75,622.26,219.13,36.4,22.42,0.05,0.195,161.63,18765.078260869566,0.06,716.4342823939921,143151.43757894737,832.5332631578947,115797.27306334095,63104.98,0.5449608469232403,52692.29306334095,0.45503915307675974,,0,,0,,1
ERO,Cerrado II,TELCO,2026-12-01 00:00:00,0.75,622.26,219.13,36.4,22.42,0.05,0.195,142.1,18765.078260869566,0.06,700.477821490973,125854.23052631578,832.5332631578947,99537.89843386726,63104.98,0.6339794288697667,36432.91843386725,0.3660205711302333,,0,,0,,1
CEEE,Bandeirante 1,TELMO,2026-01-01 00:00:00,5,478.63,343.37,31.36,31.36,0.05,0.17,1227.2,173518.2407102093,0.102,644.0800802556964,1061850.9473684211,777.0063157894738,790415.0744897907,301312.99,0.38120855702871825,20000,0.025303161143415576,7666.666666666666,0.00969954510497597,461435.41782312404,0.5837887367228901,,0.9999999999999999
CEEE,Bandeirante 1,TELMO,2026-02-01 00:00:00,5,478.63,343.37,31.36,31.36,0.05,0.17,1180.1,173518.2407102093,0.102,638.4367965274964,1021097.0526315789,777.0063157894738,753419.2635820985,301312.99,0.3999273771783067,20000,0.026545644592243216,7666.666666666666,0.010175830427026565,424439.60691543185,0.5633511478024235,,0.9999999999999998
CEEE,Bandeirante 1,TELMO,2026-03-01 00:00:00,5,478.63,343.37,31.36,31.36,0.05,0.17,1187.1,173518.2407102093,0.102,639.3038323883854,1027153.894736842,777.0063157894738,758917.5794282523,301312.99,0.39702992547227717,20000,0.026353322866848664,7666.666666666666,0.010102107098958655,429937.9227615856,0.5665146445619155,,1
CEEE,Bandeirante 1,TELMO,2026-04-01 00:00:00,5,478.63,343.37,31.36,31.36,0.05,0.17,914.56,173518.2407102093,0.102,595.745035128055,791335.0736842105,777.0063157894738,544844.5793267139,301312.99,0.553025580932354,20000,0.036707715849380006,7666.666666666666,0.014071291075595668,215864.92266004728,0.39619541214267034,,1
CEEE,Bandeirante 1,TELMO,2026-05-01 00:00:00,5,478.63,343.37,31.36,31.36,0.05,0.17,681.49,173518.2407102093,0.102,530.8577174434841,589668.1894736843,777.0063157894738,361774.22586056,301312.99,0.8328757784865972,20000,0.05528309804941349,7666.666666666666,0.02119185425227517,32794.56919389337,0.0906492692117141,,1
CEEE,Bandeirante 1,TELMO,2026-06-01 00:00:00,5,478.63,343.37,31.36,31.36,0.05,0.17,609.33,173518.2407102093,0.102,500.70478102774683,527230.8,777.0063157894738,305094.444223637,301312.99,0.9876056273877437,20000,0.06555347165004362,7666.666666666666,0.025128830799183384,-23885.21244302966,-0.0782879298369707,,1
CEEE,Bandeirante 1,TELMO,2026-07-01 00:00:00,5,478.63,343.37,31.36,31.36,0.05,0.17,671.31,173518.2407102093,0.102,526.9966240229813,580859.8105263158,777.0063157894738,353778.1036728676,301312.99,0.8517005062546743,20000,0.05653261123954028,7666.666666666666,0.021670834308490438,24798.447006200928,0.07009604819729492,,1
CEEE,Bandeirante 1,TELMO,2026-08-01 00:00:00,5,478.63,343.37,31.36,31.36,0.05,0.17,880.9,173518.2407102093,0.102,588.4953284636587,762210.3157894737,777.0063157894738,518405.5348436369,301312.99,0.5812302719547217,20000,0.038579835005103605,7666.666666666666,0.014788936751956382,189425.8781769702,0.3654009562882183,,0.9999999999999999
CEEE,Bandeirante 1,TELMO,2026-09-01 00:00:00,5,478.63,343.37,31.36,31.36,0.05,0.17,878.63,173518.2407102093,0.102,587.9864215450173,760246.1684210526,777.0063157894738,516622.50956209854,301312.99,0.5832362787587402,20000,0.03871298603878579,7666.666666666666,0.014839977981534552,187642.85289543183,0.36321075722093943,,1
CEEE,Bandeirante 1,TELMO,2026-10-01 00:00:00,5,478.63,343.37,31.36,31.36,0.05,0.17,1142.4,173518.2407102093,0.102,633.5844759997361,988476.6315789475,777.0063157894738,723806.9053820986,301312.99,0.4162891895055028,20000,0.02763167890674098,7666.666666666666,0.010592143580917375,394827.24871543195,0.5454869880068388,,1
CEEE,Bandeirante 1,TELMO,2026-11-01 00:00:00,5,478.63,343.37,31.36,31.36,0.05,0.17,1341.3,173518.2407102093,0.102,656.1079719541477,1160577.4736842106,777.0063157894738,880037.6227820984,301312.99,0.34238648689523876,20000,0.0227263011060518,7666.666666666666,0.008711748757319856,551057.9661154317,0.6261754632413896,,1
CEEE,Bandeirante 1,TELMO,2026-12-01 00:00:00,5,478.63,343.37,31.36,31.36,0.05,0.17,1401.3,173518.2407102093,0.102,661.6470736605722,1212493.2631578948,777.0063157894738,927166.0443205598,301312.99,0.32498277071913945,20000,0.021571109212326987,7666.666666666666,0.008268925198058679,598186.3876538932,0.6451771948704749,,1
EDP SP,Serra Azul 03,TELMO,2026-01-01 00:00:00,2.5,456.67,330.03,12.02,4.11,0.05,0.18,586.5,11386.493838254175,0.268,593.8438804631135,485683.7368421053,606.173052631579,348289.43589161604,115121.27,0.33053333847261596,17697.08,0.05081141767821848,8758.2847348251,0.025146570157673645,206712.8011567909,0.5935086736914919,,1
EDP SP,Serra Azul 03,TELMO,2026-02-01 00:00:00,2.5,456.67,330.03,12.02,4.11,0.05,0.18,509.93,11386.493838254175,0.268,590.9286688648742,422275.7168421053,606.173052631579,301332.2561142653,115121.27,0.38204097856800956,17697.08,0.05872945773614512,8758.2847348251,0.029065208112018234,159755.6213794402,0.5301643555838271,,1
EDP SP,Serra Azul 03,TELMO,2026-03-01 00:00:00,2.5,456.67,330.03,12.02,4.11,0.05,0.18,545.1,11386.493838254175,0.268,592.369375773644,451400.17894736846,606.173052631579,322900.54673421336,115121.27,0.35652237558692923,17697.08,0.054806596578998244,8758.2847348251,0.027123784160186758,181323.91199938828,0.5615472436738859,,1
EDP SP,Serra Azul 03,TELMO,2026-04-01 00:00:00,2.5,456.67,330.03,12.02,4.11,0.05,0.18,527.26,11386.493838254175,0.268,591.6625964139635,436626.7810526316,606.173052631579,311960.02058522636,115121.27,0.3690257161287412,17697.08,0.05672867942116712,8758.2847348251,0.02807502294170534,170383.38585040122,0.5461705815083863,,1
EDP SP,Serra Azul 03,TELMO,2026-05-01 00:00:00,2.5,456.67,330.03,12.02,4.11,0.05,0.18,471.15,11386.493838254175,0.268,589.0907426943587,390161.7947368421,606.173052631579,277550.1034204471,115121.27,0.41477653433120293,17697.08,0.0637617488947268,8758.2847348251,0.0315556889617065,135973.468685622,0.4899060278123638,,1
EDP SP,Serra Azul 03,TELMO,2026-06-01 00:00:00,2.5,456.67,330.03,12.02,4.11,0.05,0.18,405.68,11386.493838254175,0.268,585.1905185777042,335945.74315789476,606.173052631579,237400.08957660303,115121.27,0.4849251329488369,17697.08,0.07454538046536667,8758.2847348251,0.03689250813024239,95823.4548417779,0.40363697845555396,,0.9999999999999999
EDP SP,Serra Azul 03,TELMO,2026-07-01 00:00:00,2.5,456.67,330.03,12.02,4.11,0.05,0.18,466.93,11386.493838254175,0.268,588.8723231519291,386667.1905263158,606.173052631579,274962.15384933027,115121.27,0.4186804197899994,17697.08,0.06436187581545273,8758.2847348251,0.03185269176944379,133385.51911450512,0.4851050126251039,,0.9999999999999998
EDP SP,Serra Azul 03,TELMO,2026-08-01 00:00:00,2.5,456.67,330.03,12.02,4.11,0.05,0.18,559.55,11386.493838254175,0.268,592.9088153187668,463366.3,606.173052631579,331762.1276116159,115121.27,0.34699943248124165,17697.08,0.053342676957743196,8758.2847348251,0.02639929035262929,190185.49287679084,0.5732586002083859,,1
EDP SP,Serra Azul 03,TELMO,2026-09-01 00:00:00,2.5,456.67,330.03,12.02,4.11,0.05,0.18,535.95,11386.493838254175,0.268,592.0127517035395,443823.0157894738,606.173052631579,317289.23427551205,115121.27,0.3628275326229211,17697.08,0.055775860282208885,8758.2847348251,0.02760347275829728,175712.59954068696,0.5537931343365728,,1.0000000000000002
EDP SP,Serra Azul 03,TELMO,2026-10-01 00:00:00,2.5,456.67,330.03,12.02,4.11,0.05,0.18,562.94,11386.493838254175,0.268,593.0313583742501,466173.57684210537,606.173052631579,333841.07288320037,115121.27,0.3448385454963986,17697.08,0.05301049342778624,8758.2847348251,0.026234892726603853,192264.43814837528,0.5759160683492114,,1
EDP SP,Serra Azul 03,TELMO,2026-11-01 00:00:00,2.5,456.67,330.03,12.02,4.11,0.05,0.18,547.64,11386.493838254175,0.268,592.4662598466533,453503.5663157895,606.173052631579,324458.2225424212,115121.27,0.35481076453517374,17697.08,0.054543478236820465,8758.2847348251,0.026993566894979833,182881.58780759605,0.5636521903330258,,0.9999999999999998
EDP SP,Serra Azul 03,TELMO,2026-12-01 00:00:00,2.5,456.67,330.03,12.02,4.11,0.05,0.18,523.8,11386.493838254175,0.268,591.519945093905,433761.53684210527,606.173052631579,309838.1472401874,115121.27,0.37155292537544665,17697.08,0.05711717604056409,8758.2847348251,0.028267289915194508,168261.51250536225,0.5430626086687946,,1
EDP SP,Serra Azul 04,TELMO,2026-01-01 00:00:00,2.5,456.67,330.03,12.02,4.11,0.05,0.18,510.82000000000005,11386.493838254175,0.268,590.9675735196943,423012.73052631586,606.173052631579,301878.0559053302,115121.27,0.38135024307994864,17697.08,0.05862327404662316,8758.2847348251,0.029012657805016877,160301.42117050514,0.5310138250684114,,1
EDP SP,Serra Azul 04,TELMO,2026-02-01 00:00:00,2.5,456.67,330.03,12.02,4.11,0.05,0.18,490.26,11386.493838254175,0.268,590.0327733723698,405986.8863157895,606.173052631579,289269.467473538,115121.27,0.3979724199911667,17697.08,0.061178527255452246,8758.2847348251,0.030277252595372155,147692.83273871292,0.510571800158009,,1
EDP SP,Serra Azul 04,TELMO,2026-03-01 00:00:00,2.5,456.67,330.03,12.02,4.11,0.05,0.18,526.25,11386.493838254175,0.268,591.6211492847439,435790.39473684214,606.173052631579,311340.62981109647,115121.27,0.3697598674154701,17697.08,0.056841537228011545,8758.2847348251,0.02813087626931031,169763.99507627133,0.5452677190872078,,0.9999999999999998
EDP SP,Serra Azul 04,TELMO,2026-04-01 00:00:00,2.5,456.67,330.03,12.02,4.11,0.05,0.18,469.8,11386.493838254175,0.268,589.0212960003547,389043.852631579,606.173052631579,276722.20486096665,115121.27,0.4160174643658983,17697.08,0.06395251154092073,8758.2847348251,0.03165009739361364,135145.5701261415,0.4883799266995672,,1
EDP SP,Serra Azul 04,TELMO,2026-05-01 00:00:00,2.5,456.67,330.03,12.02,4.11,0.05,0.18,434.77,11386.493838254175,0.268,587.0684968786431,360035.3252631579,606.173052631579,255239.77038792765,115121.27,0.4510318663311453,17697.08,0.06933511957444168,8758.2847348251,0.03431395006159804,113663.13565310254,0.44531906403281496,,1
EDP SP,Serra Azul 04,TELMO,2026-06-01 00:00:00,2.5,456.67,330.03,12.02,4.11,0.05,0.18,433.16,11386.493838254175,0.268,586.9711531500443,358702.0757894737,606.173052631579,254252.4246984732,115121.27,0.4527833712363858,17697.08,0.06960437062099835,8758.2847348251,0.03444720240214761,112675.78996364807,0.4431650557404682,,1
EDP SP,Serra Azul 04,TELMO,2026-07-01 00:00:00,2.5,456.67,330.03,12.02,4.11,0.05,0.18,436.41,11386.493838254175,0.268,587.166916026554,361393.41789473686,606.173052631579,256245.51382314845,115121.27,0.44926160182243274,17697.08,0.06906298469761268,8758.2847348251,0.03417927051347231,114668.87908832333,0.4474961429664822,,1
EDP SP,Serra Azul 04,TELMO,2026-08-01 00:00:00,2.5,456.67,330.03,12.02,4.11,0.05,0.18,535.25,11386.493838254175,0.268,591.9849669144636,443243.3421052632,606.173052631579,316859.9535409666,115121.27,0.3633190900696009,17697.08,0.055851425218718775,8758.2847348251,0.0276408698447049,175283.31880614147,0.5531886148669753,,1
EDP SP,Serra Azul 04,TELMO,2026-09-01 00:00:00,2.5,456.67,330.03,12.02,4.11,0.05,0.18,492.68,11386.493838254175,0.268,590.1468545479437,407990.9010526316,606.173052631579,290753.5522986809,115121.27,0.3959410610458853,17697.08,0.060866255494001376,8758.2847348251,0.030122709303403532,149176.9175638558,0.5130699741567099,,1
EDP SP,Serra Azul 04,TELMO,2026-10-01 00:00:00,2.5,456.67,330.03,12.02,4.11,0.05,0.18,489.35,11386.493838254175,0.268,589.9895831585347,405233.3105263158,606.173052631579,288711.402518629,115121.27,0.3987416811241872,17697.08,0.061296782342561286,8758.2847348251,0.03033577703693215,147134.76778380384,0.5096257594963193,,0.9999999999999999
EDP SP,Serra Azul 04,TELMO,2026-11-01 00:00:00,2.5,456.67,330.03,12.02,4.11,0.05,0.18,456.11,11386.493838254175,0.268,588.2938330877244,377707.0915789474,606.173052631579,268326.70020964195,115121.27,0.42903397205740795,17697.08,0.0659534812829785,8758.2847348251,0.0326403773011866,126750.06547481682,0.47237216935842685,,1
EDP SP,Serra Azul 04,TELMO,2026-12-01 00:00:00,2.5,456.67,330.03,12.02,4.11,0.05,0.18,505.96,11386.493838254175,0.268,590.7534609281374,418988.1389473684,606.173052631579,298897.6210912004,115121.27,0.3851528479207063,17697.08,0.059207831549118364,8758.2847348251,0.029301955307810063,157320.98635637524,0.5263373652223651,,0.9999999999999998
EDP SP,Serra Azul 06,TELCO,2026-01-01 00:00:00,1.375,456.67,330.03,12.02,4.11,0.05,0.18,287.51,6276.033311938384,0.18,657.2173939713166,238088.54421052634,679.0463157894737,188956.57294069324,109513.95,0.5795720587839648,79442.62294069323,0.4204279412160351,,0,,0,,0.9999999999999999
EDP SP,Serra Azul 06,TELCO,2026-02-01 00:00:00,1.375,456.67,330.03,12.02,4.11,0.05,0.18,273.79,6276.033311938384,0.18,656.1235161549423,226726.94000000003,679.0463157894737,179640.05748806166,109513.95,0.6096298984277377,70126.10748806165,0.3903701015722622,,0,,0,,1
EDP SP,Serra Azul 06,TELCO,2026-03-01 00:00:00,1.375,456.67,330.03,12.02,4.11,0.05,0.18,299.26,6276.033311938384,0.18,658.0744742071092,247818.7810526316,679.0463157894737,196935.3671512195,109513.95,0.5560908209844716,87421.41715121953,0.4439091790155285,,0,,0,,1
EDP SP,Serra Azul 06,TELCO,2026-04-01 00:00:00,1.375,456.67,330.03,12.02,4.11,0.05,0.18,275.03,6276.033311938384,0.18,656.2268658678711,227753.79052631577,679.0463157894737,180482.07491964055,109513.95,0.6067857433972929,70968.12491964057,0.3932142566027072,,0,,0,,1
EDP SP,Serra Azul 06,TELCO,2026-05-01 00:00:00,1.375,456.67,330.03,12.02,4.11,0.05,0.18,243.46,6276.033311938384,0.18,653.2678170137473,201610.50736842107,679.0463157894737,159044.5827301669,109513.95,0.6885739087750007,49530.63273016689,0.3114260912249992,,0,,0,,0.9999999999999999
EDP SP,Serra Azul 06,TELCO,2026-06-01 00:00:00,1.375,456.67,330.03,12.02,4.11,0.05,0.18,220.7,6276.033311938384,0.18,650.6093728264543,182762.83157894737,679.0463157894737,143589.48858279845,109513.95,0.7626877919886916,34075.53858279847,0.23731220801130848,,0,,0,,1
EDP SP,Serra Azul 06,TELCO,2026-07-01 00:00:00,1.375,456.67,330.03,12.02,4.11,0.05,0.18,227.43,6276.033311938384,0.18,651.4508652687053,188335.98,679.0463157894737,148159.47028806165,109513.95,0.7391626724034284,38645.52028806164,0.2608373275965715,,0,,0,,0.9999999999999999
EDP SP,Serra Azul 06,TELCO,2026-08-01 00:00:00,1.375,456.67,330.03,12.02,4.11,0.05,0.18,295.25,6276.033311938384,0.18,657.7896407278705,244498.07894736843,679.0463157894737,194212.39142490376,109513.95,0.5638875521613966,84698.44142490375,0.4361124478386033,,0,,0,,1
EDP SP,Serra Azul 06,TELCO,2026-09-01 00:00:00,1.375,456.67,330.03,12.02,4.11,0.05,0.18,291.83,6276.033311938384,0.18,657.540530531144,241665.95894736843,679.0463157894737,191890.05302490375,109513.95,0.5707119690346176,82376.10302490374,0.4292880309653823,,0,,0,,1
EDP SP,Serra Azul 06,TELCO,2026-10-01 00:00:00,1.375,456.67,330.03,12.02,4.11,0.05,0.18,296.73,6276.033311938384,0.18,657.8956626302436,245723.67473684213,679.0463157894737,195217.3799722722,109513.95,0.5609846316734446,85703.42997227219,0.43901536832655536,,0,,0,,1
EDP SP,Serra Azul 06,TELCO,2026-11-01 00:00:00,1.375,456.67,330.03,12.02,4.11,0.05,0.18,293.1,6276.033311938384,0.18,657.6337149299093,242717.652631579,679.0463157894737,192752.44184595643,109513.95,0.5681585610600003,83238.49184595642,0.4318414389399996,,0,,0,,0.9999999999999999
EDP SP,Serra Azul 06,TELCO,2026-12-01 00:00:00,1.375,456.67,330.03,12.02,4.11,0.05,0.18,289.79,6276.033311938384,0.18,657.3891388270583,239976.62421052635,679.0463157894737,190504.79854069324,109513.95,0.5748618976471976,80990.84854069323,0.4251381023528023,,0,,0,,1
EDP SP,Serra Azul 07,TELMO,2026-01-01 00:00:00,1.5,456.67,330.03,12.02,4.11,0.05,0.18,301.32,6843.862259306805,0.268,590.5452549341072,249524.67789473684,606.173052631579,177943.09621674518,69072.76382523023,0.3881733278435008,10618.247809446471,0.059672153824460936,5254.970840895059,0.02953174892772572,92997.11374117342,0.5226227694043126,,1
EDP SP,Serra Azul 07,TELMO,2026-02-01 00:00:00,1.5,456.67,330.03,12.02,4.11,0.05,0.18,326.74,6843.862259306805,0.268,592.3122955948683,270575.1136842106,606.173052631579,193532.11946266727,69072.76382523023,0.3569059441761268,10618.247809446471,0.054865558435093525,5254.970840895059,0.027152964869527788,108586.13698709551,0.5610755325192519,,1
EDP SP,Serra Azul 07,TELMO,2026-03-01 00:00:00,1.5,456.67,330.03,12.02,4.11,0.05,0.18,328.43,6843.862259306805,0.268,592.42007675151,271974.6115789474,606.173052631579,194568.52580749843,69072.76382523023,0.35500481662470534,10618.247809446471,0.05457330657863913,5254.970840895059,0.02700832942576851,109622.54333192667,0.563413547370887,,1
EDP SP,Serra Azul 07,TELMO,2026-04-01 00:00:00,1.5,456.67,330.03,12.02,4.11,0.05,0.18,274.42,6843.862259306805,0.268,588.318820954579,227248.6463157895,606.173052631579,161446.45084635558,69072.76382523023,0.42783699154195093,10618.247809446471,0.06576947188236168,5254.970840895059,0.0325493116345808,76500.46837078383,0.4738442249411066,,1
EDP SP,Serra Azul 07,TELMO,2026-05-01 00:00:00,1.5,456.67,330.03,12.02,4.11,0.05,0.18,263.84,6843.862259306805,0.268,587.3187506549315,218487.29263157895,606.173052631579,154958.1791727971,69072.76382523023,0.4457510032316897,10618.247809446471,0.0685233129746952,5254.970840895059,0.03391218759117666,70012.19669722534,0.4518134962024385,,1
EDP SP,Serra Azul 07,TELMO,2026-06-01 00:00:00,1.5,456.67,330.03,12.02,4.11,0.05,0.18,239.85,6843.862259306805,0.268,584.7242657566487,198621.04736842107,606.173052631579,140246.11514173218,69072.76382523023,0.49251106710104275,10618.247809446471,0.07571152896973803,5254.970840895059,0.03746963568712335,55300.13266616042,0.3943077682420958,,0.9999999999999999
EDP SP,Serra Azul 07,TELMO,2026-07-01 00:00:00,1.5,456.67,330.03,12.02,4.11,0.05,0.18,244.68,6843.862259306805,0.268,585.2875274239652,202620.7957894737,606.173052631579,143208.1522100958,69072.76382523023,0.48232424452971034,10618.247809446471,0.07414555418513327,5254.970840895059,0.03669463476622246,58262.169734524046,0.40683556651893393,,1
EDP SP,Serra Azul 07,TELMO,2026-08-01 00:00:00,1.5,456.67,330.03,12.02,4.11,0.05,0.18,310.7,6843.862259306805,0.268,591.2309560980182,257292.3052631579,606.173052631579,183695.45805965425,69072.76382523023,0.3760178098840047,10618.247809446471,0.05780354028131847,5254.970840895059,0.028606972085224513,98749.4755840825,0.5375716777494524,,1
EDP SP,Serra Azul 07,TELMO,2026-09-01 00:00:00,1.5,456.67,330.03,12.02,4.11,0.05,0.18,302.26,6843.862259306805,0.268,590.6158900199182,250303.09684210527,606.173052631579,178519.55891742048,69072.76382523023,0.38691986605894474,10618.247809446471,0.059479464736736536,5254.970840895059,0.029436387098210913,93573.57644184872,0.5241642821061078,,1
EDP SP,Serra Azul 07,TELMO,2026-10-01 00:00:00,1.5,456.67,330.03,12.02,4.11,0.05,0.18,315.39,6843.862259306805,0.268,591.5585116240491,261176.11894736844,606.173052631579,186571.63898110882,69072.76382523023,0.37022113437200466,10618.247809446471,0.0569124432171688,5254.970840895059,0.02816596814817684,101625.65650553706,0.5447004542626497,,1
EDP SP,Serra Azul 07,TELMO,2026-11-01 00:00:00,1.5,456.67,330.03,12.02,4.11,0.05,0.18,312.7,6843.862259306805,0.268,591.3718402432678,258948.5157894737,606.173052631579,184921.97444406984,69072.76382523023,0.3735238282680216,10618.247809446471,0.057420151614582665,5254.970840895059,0.028417233034056962,99975.99196849809,0.5406387870833388,,1
EDP SP,Serra Azul 07,TELMO,2026-12-01 00:00:00,1.5,456.67,330.03,12.02,4.11,0.05,0.18,343.77,6843.862259306805,0.268,593.3499330248887,284677.74631578947,606.173052631579,203975.90647596598,69072.76382523023,0.33863197383740473,10618.247809446471,0.05205638250563478,5254.970840895059,0.025762703702038654,119029.92400039421,0.5835489399549217,,1
EDP SP,Serra Azul 12,BANCOR,2026-01-01 00:00:00,1.75,456.67,330.03,12.02,4.11,0.05,0.18,333.371,7979.520154043647,0.32,592.8374819018873,276066.27968421055,616.773337612323,197634.82417911405,158107.85934329126,0.8,39526.964835822815,0.2,,0,,0,,1
EDP SP,Serra Azul 12,BANCOR,2026-02-01 00:00:00,1.75,456.67,330.03,12.02,4.11,0.05,0.18,341.69,7979.520154043647,0.32,593.4202393242734,282955.2873684211,616.773337612323,202765.76157471098,162212.6092597688,0.8,40553.1523149422,0.2,,0,,0,,1
EDP SP,Serra Azul 12,BANCOR,2026-03-01 00:00:00,1.75,456.67,330.03,12.02,4.11,0.05,0.18,352.8,7979.520154043647,0.32,594.1556501008613,292155.53684210527,616.773337612323,209618.1133555839,167694.49068446713,0.8,41923.622671116784,0.2,,0,,0,,1
EDP SP,Serra Azul 12,BANCOR,2026-04-01 00:00:00,1.75,456.67,330.03,12.02,4.11,0.05,0.18,316.29,7979.520154043647,0.32,591.5448442864396,261921.41368421057,616.773337612323,187099.718799358,149679.7750394864,0.8,37419.9437598716,0.2,,0,,0,,1
EDP SP,Serra Azul 12,BANCOR,2026-05-01 00:00:00,1.75,456.67,330.03,12.02,4.11,0.05,0.18,302.87,7979.520154043647,0.32,590.426983882856,250808.2410526316,616.773337612323,178822.6206086006,143058.0964868805,0.8,35764.524121720126,0.2,,0,,0,,1
EDP SP,Serra Azul 12,BANCOR,2026-06-01 00:00:00,1.75,456.67,330.03,12.02,4.11,0.05,0.18,284.14,7979.520154043647,0.32,588.6902794225446,235297.82947368422,616.773337612323,167270.4559951218,133816.36479609745,0.8,33454.09119902436,0.2,,0,,0,,1
EDP SP,Serra Azul 12,BANCOR,2026-07-01 00:00:00,1.75,456.67,330.03,12.02,4.11,0.05,0.18,283.7,7979.520154043647,0.32,588.6467244503784,234933.46315789473,616.773337612323,166999.07572657237,133599.2605812579,0.8,33399.815145314475,0.2,,0,,0,,1
EDP SP,Serra Azul 12,BANCOR,2026-08-01 00:00:00,1.75,456.67,330.03,12.02,4.11,0.05,0.18,341.62,7979.520154043647,0.32,593.4154541334761,282897.32,616.773337612323,202722.58744107813,162178.0699528625,0.8,40544.51748821563,0.2,,0,,0,,1
EDP SP,Serra Azul 12,BANCOR,2026-09-01 00:00:00,1.75,456.67,330.03,12.02,4.11,0.05,0.18,335.03,7979.520154043647,0.32,592.9560073611704,277440.10631578945,616.773337612323,198658.05114621288,158926.4409169703,0.8,39731.61022924258,0.2,,0,,0,,1
EDP SP,Serra Azul 12,BANCOR,2026-10-01 00:00:00,1.75,456.67,330.03,12.02,4.11,0.05,0.18,334.07,7979.520154043647,0.32,592.8875647083098,276645.1252631579,616.773337612323,198065.94874210507,158452.75899368408,0.8,39613.18974842102,0.2,,0,,0,,1
EDP SP,Serra Azul 12,BANCOR,2026-11-01 00:00:00,1.75,456.67,330.03,12.02,4.11,0.05,0.18,331.18,7979.520154043647,0.32,592.6791285597121,274251.9010526316,616.773337612323,196283.47379640548,157026.7790371244,0.8,39256.6947592811,0.2,,0,,0,,1
EDP SP,Serra Azul 12,BANCOR,2026-12-01 00:00:00,1.75,456.67,330.03,12.02,4.11,0.05,0.18,343.18,7979.520154043647,0.32,593.5216325186589,284189.16421052633,616.773337612323,203684.75384775334,162947.80307820268,0.8,40736.95076955067,0.2,,0,,0,,1
EDP SP,Serra Azul 13,TELMO,2026-01-01 00:00:00,2.5,456.67,330.03,12.02,4.11,0.05,0.18,448.78,11386.493838254175,0.268,587.8860859680888,371637.08,606.173052631579,263831.51766075887,115121.2730420504,0.4363438987986121,17697.079682410786,0.06707720078071237,8758.2847348251,0.03319650666637456,122254.8802014726,0.46338239375430107,,1
EDP SP,Serra Azul 13,TELMO,2026-02-01 00:00:00,2.5,456.67,330.03,12.02,4.11,0.05,0.18,446.5,11386.493838254175,0.268,587.7565262766519,369749,606.173052631579,262433.28898252506,115121.2730420504,0.4386687126788862,17697.079682410786,0.0674345840461924,8758.2847348251,0.03337337564446063,120856.65152323879,0.46052332763046083,,1
EDP SP,Serra Azul 13,TELMO,2026-03-01 00:00:00,2.5,456.67,330.03,12.02,4.11,0.05,0.18,476.68,11386.493838254175,0.268,589.3711110668713,394741.2168421053,606.173052631579,280941.4212233562,115121.2730420504,0.4097696684979955,17697.079682410786,0.06299206291955474,8758.2847348251,0.03117477193888765,139364.78376406993,0.4960634966435621,,1
EDP SP,Serra Azul 13,TELMO,2026-04-01 00:00:00,2.5,456.67,330.03,12.02,4.11,0.05,0.18,369.29,11386.493838254175,0.268,582.4247175990723,305810.992631579,606.173052631579,215083.62396216142,115121.2730420504,0.535239600864746,17697.079682410786,0.08227999582861847,8758.2847348251,0.04072036993558329,73506.98650287515,0.3417600333710523,,1
EDP SP,Serra Azul 13,TELMO,2026-05-01 00:00:00,2.5,456.67,330.03,12.02,4.11,0.05,0.18,434.78,11386.493838254175,0.268,587.06909924525,360043.60631578945,606.173052631579,255245.90296984976,115121.2730420504,0.4510210416801432,17697.079682410786,0.0693334524726973,8758.2847348251,0.0343131256287379,113669.26551056349,0.44533238021842164,,1
EDP SP,Serra Azul 13,TELMO,2026-06-01 00:00:00,2.5,456.67,330.03,12.02,4.11,0.05,0.18,410.95,11386.493838254175,0.268,585.5504568671081,340309.85789473687,606.173052631579,240631.96024953807,115121.2730420504,0.4784122313705475,17697.079682410786,0.07354417785592036,8758.2847348251,0.036397013620894994,99055.3227902518,0.4116465771526372,,1
EDP SP,Serra Azul 13,TELMO,2026-07-01 00:00:00,2.5,456.67,330.03,12.02,4.11,0.05,0.18,451.55,11386.493838254175,0.268,588.0417292728921,373930.9315789474,606.173052631579,265530.24285317445,115121.2730420504,0.43355239616041386,17697.079682410786,0.06664807553464419,8758.2847348251,0.03298413258209541,123953.60539388818,0.4668153957228466,,1
EDP SP,Serra Azul 13,TELMO,2026-08-01 00:00:00,2.5,456.67,330.03,12.02,4.11,0.05,0.18,500.54,11386.493838254175,0.268,590.5097728242182,414499.8084210527,606.173052631579,295573.7616894342,115121.2730420504,0.38948407458105444,17697.079682410786,0.059873649072428474,8758.2847348251,0.02963146892594486,153997.1242301479,0.5210108074205722,,0.9999999999999998
EDP SP,Serra Azul 13,TELMO,2026-09-01 00:00:00,2.5,456.67,330.03,12.02,4.11,0.05,0.18,466.78,11386.493838254175,0.268,588.864486740004,386542.9747368421,606.173052631579,274870.1651204991,115121.2730420504,0.41882054748132774,17697.079682410786,0.06438341416447523,8758.2847348251,0.0318633516699988,133293.5276612128,0.4849326866841982,,1
EDP SP,Serra Azul 13,TELMO,2026-10-01 00:00:00,2.5,456.67,330.03,12.02,4.11,0.05,0.18,447.24,11386.493838254175,0.268,587.7987211447072,370361.79789473687,606.173052631579,262887.1000447589,115121.2730420504,0.43791145713292884,17697.079682410786,0.06731817452966578,8758.2847348251,0.0333157645747316,121310.4625854726,0.46145460376267383,,1
EDP SP,Serra Azul 13,TELMO,2026-11-01 00:00:00,2.5,456.67,330.03,12.02,4.11,0.05,0.18,421.15,11386.493838254175,0.268,586.2215215720231,348756.5315789474,606.173052631579,246887.19381005754,115121.2730420504,0.4662909860388257,17697.079682410786,0.07168083289093569,8758.2847348251,0.03547484419772408,105310.55635077126,0.42655333687251457,,1
EDP SP,Serra Azul 13,TELMO,2026-12-01 00:00:00,2.5,456.67,330.03,12.02,4.11,0.05,0.18,460.9,11386.493838254175,0.268,588.5532804302826,381673.7157894737,606.173052631579,271264.20695031725,115121.2730420504,0.4243879955129324,17697.079682410786,0.06523927311077961,8758.2847348251,0.032286916262524834,129687.56949103098,0.47808581511376325,,1
EDP SP,Serra Azul 26,BANCOR,2026-01-01 00:00:00,2,456.67,330.03,12.02,4.11,0.05,0.18,437.7,9115.17804878049,0.29,391.318254512223,362461.6736842105,611.4973042362002,171280,80600,0.4705744978981784,80600,0.4705744978981784,10080,0.058851004203643156,,0,,1
EDP SP,Serra Azul 26,BANCOR,2026-02-01 00:00:00,2,456.67,330.03,12.02,4.11,0.05,0.18,434.39,9115.17804878049,0.29,394.3000529478119,359720.6452631579,611.4973042362002,171280,80600,0.4705744978981784,80600,0.4705744978981784,10080,0.058851004203643156,,0,,1
EDP SP,Serra Azul 26,BANCOR,2026-03-01 00:00:00,2,456.67,330.03,12.02,4.11,0.05,0.18,438.2,9115.17804878049,0.29,390.8717480602465,362875.7263157895,611.4973042362002,171280,80600,0.4705744978981784,80600,0.4705744978981784,10080,0.058851004203643156,,0,,1
EDP SP,Serra Azul 26,BANCOR,2026-04-01 00:00:00,2,456.67,330.03,12.02,4.11,0.05,0.18,392.15,9115.17804878049,0.29,436.77164350376137,324741.47894736845,611.4973042362002,171280,80600,0.4705744978981784,80600,0.4705744978981784,10080,0.058851004203643156,,0,,1
EDP SP,Serra Azul 26,BANCOR,2026-05-01 00:00:00,2,456.67,330.03,12.02,4.11,0.05,0.18,328.57,9115.17804878049,0.29,521.2892229966218,272090.5463157895,611.4973042362002,171280,80600,0.4705744978981784,80600,0.4705744978981784,10080,0.058851004203643156,,0,,1
EDP SP,Serra Azul 26,BANCOR,2026-06-01 00:00:00,2,456.67,330.03,12.02,4.11,0.05,0.18,295.86,9115.17804878049,0.29,578.9224633272494,245003.22315789477,611.4973042362002,171280,80600,0.4705744978981784,80600,0.4705744978981784,10080,0.058851004203643156,,0,,1
EDP SP,Serra Azul 26,BANCOR,2026-07-01 00:00:00,2,456.67,330.03,12.02,4.11,0.05,0.18,342.53,9115.17804878049,0.29,500.0437917846612,283650.89578947367,611.4973042362002,171280,80600,0.4705744978981784,80600,0.4705744978981784,10080,0.058851004203643156,,0,,1
EDP SP,Serra Azul 26,BANCOR,2026-08-01 00:00:00,2,456.67,330.03,12.02,4.11,0.05,0.18,409.03,9115.17804878049,0.29,418.7467911889104,338719.89578947367,611.4973042362002,171280,80600,0.4705744978981784,80600,0.4705744978981784,10080,0.058851004203643156,,0,,1
EDP SP,Serra Azul 26,BANCOR,2026-09-01 00:00:00,2,456.67,330.03,12.02,4.11,0.05,0.18,399.77,9115.17804878049,0.29,428.44635665507667,331051.6410526316,611.4973042362002,171280,80600,0.4705744978981784,80600,0.4705744978981784,10080,0.058851004203643156,,0,,1
EDP SP,Serra Azul 26,BANCOR,2026-10-01 00:00:00,2,456.67,330.03,12.02,4.11,0.05,0.18,365.65,9115.17804878049,0.29,468.4260905237249,302796.68947368424,611.4973042362002,171280,80600,0.4705744978981784,80600,0.4705744978981784,10080,0.058851004203643156,,0,,1
EDP SP,Serra Azul 26,BANCOR,2026-11-01 00:00:00,2,456.67,330.03,12.02,4.11,0.05,0.18,418.83,9115.17804878049,0.29,408.9487381515173,346835.3273684211,611.4973042362002,171280,80600,0.4705744978981784,80600,0.4705744978981784,10080,0.058851004203643156,,0,,1
EDP SP,Serra Azul 26,BANCOR,2026-12-01 00:00:00,2,456.67,330.03,12.02,4.11,0.05,0.18,458.46,9115.17804878049,0.29,373.5985691227152,379653.1389473684,611.4973042362002,171280,80600,0.4705744978981784,80600,0.4705744978981784,10080,0.058851004203643156,,0,,1
CPFL Jaguari /Sta Cruz,Aroeira 1,TELMO,2026-01-01 00:00:00,2.75,560.39,252.19,21.4,9.06,0.05,0.18,624.73,27603.57535301669,0.123,714.7226996498916,534361.1614736842,750.1396421052631,446508.7121522768,194441.6,0.4354710103252988,10499.999999999998,0.02351577855981249,7500.000000000001,0.016796984685580354,234067.11215227682,0.5242162264293083,,0.9999999999999999
CPFL Jaguari /Sta Cruz,Aroeira 1,TELMO,2026-02-01 00:00:00,2.75,560.39,252.19,21.4,9.06,0.05,0.18,573.62,27603.57535301669,0.123,710.7857979424388,490644.3574736842,750.1396421052631,407720.9494157417,194441.6,0.4768987227137385,10499.999999999998,0.025752907754792456,7500.000000000001,0.018394934110566048,195279.34941574172,0.478953435420903,,1
CPFL Jaguari /Sta Cruz,Aroeira 1,TELMO,2026-03-01 00:00:00,2.75,560.39,252.19,21.4,9.06,0.05,0.18,621.42,27603.57535301669,0.123,714.4873488150123,531529.9616842105,750.1396421052631,443996.72830062493,194441.6,0.4379347585380086,10499.999999999998,0.023648822909547597,7500.000000000001,0.016892016363962575,231555.12830062493,0.5215244021884812,,1
CPFL Jaguari /Sta Cruz,Aroeira 1,TELMO,2026-04-01 00:00:00,2.75,560.39,252.19,21.4,9.06,0.05,0.18,577.28,27603.57535301669,0.123,711.0908933190339,493774.9288421052,750.1396421052631,410498.55089521187,194441.6,0.4736718304509562,10499.999999999998,0.02557865302350443,7500.000000000001,0.018270466445360314,198056.95089521186,0.48247905008017905,,1
CPFL Jaguari /Sta Cruz,Aroeira 1,TELMO,2026-05-01 00:00:00,2.75,560.39,252.19,21.4,9.06,0.05,0.18,495.45,27603.57535301669,0.123,703.1933585857726,423781.8536842105,750.1396421052631,348397.149511321,194441.6,0.558103303292617,10499.999999999998,0.030138019253968685,7500.000000000001,0.021527156609977637,135955.54951132098,0.39023152084343665,,1
CPFL Jaguari /Sta Cruz,Aroeira 1,TELMO,2026-06-01 00:00:00,2.75,560.39,252.19,21.4,9.06,0.05,0.18,405.03,27603.57535301669,0.123,690.7555801626148,346441.3446315789,750.1396421052631,279776.73263326386,194441.6,0.6949884580104715,10499.999999999998,0.03752992574176488,7500.000000000001,0.02680708981554635,67335.13263326386,0.2406745264322173,,1
CPFL Jaguari /Sta Cruz,Aroeira 1,TELMO,2026-07-01 00:00:00,2.75,560.39,252.19,21.4,9.06,0.05,0.18,472.04,27603.57535301669,0.123,700.4303125748346,403758.1717894737,750.1396421052631,330631.1247478249,194441.6,0.5880922437302363,10499.999999999998,0.03175744572749597,7500.000000000001,0.022683889805354268,118189.52474782491,0.3574664207369135,,1
CPFL Jaguari /Sta Cruz,Aroeira 1,TELMO,2026-08-01 00:00:00,2.75,560.39,252.19,21.4,9.06,0.05,0.18,599.89,27603.57535301669,0.123,712.8931131578564,513114.33284210524,750.1396421052631,427657.44965226646,194441.6,0.4546666968109707,10499.999999999998,0.024552360793756025,7500.000000000001,0.017537400566968595,215215.84965226645,0.5032435418283047,,1
CPFL Jaguari /Sta Cruz,Aroeira 1,TELMO,2026-09-01 00:00:00,2.75,560.39,252.19,21.4,9.06,0.05,0.18,588.31,27603.57535301669,0.123,711.9873888069638,503209.4103157894,750.1396421052631,418869.3007090249,194441.6,0.46420589828585307,10499.999999999998,0.025067485208933975,7500.000000000001,0.017905346577809986,206427.70070902488,0.492821269927403,,1
CPFL Jaguari /Sta Cruz,Aroeira 1,TELMO,2026-10-01 00:00:00,2.75,560.39,252.19,21.4,9.06,0.05,0.18,610.63,27603.57535301669,0.123,713.7024323874431,522300.76357894734,750.1396421052631,435808.1162887444,194441.6,0.4461633290720379,10499.999999999998,0.02409317221858078,7500.000000000001,0.017209408727557704,223366.51628874437,0.5125340899818236,,1
CPFL Jaguari /Sta Cruz,Aroeira 1,TELMO,2026-11-01 00:00:00,2.75,560.39,252.19,21.4,9.06,0.05,0.18,643.48,27603.57535301669,0.123,716.0101758069416,550398.924631579,750.1396421052631,460738.2279282508,194441.6,0.42202185148456955,10499.999999999998,0.02278951335819073,7500.000000000001,0.0162782238272791,248296.62792825082,0.5389104113299606,,1
CPFL Jaguari /Sta Cruz,Aroeira 1,TELMO,2026-12-01 00:00:00,2.75,560.39,252.19,21.4,9.06,0.05,0.18,643.07,27603.57535301669,0.123,715.9828258975687,550048.2322105264,750.1396421052631,460427.0758499495,194441.6,0.4223070496908991,10499.999999999998,0.022804914286626114,7500.000000000001,0.01628922449044723,247985.47584994952,0.5385988115320276,,1
CPFL Jaguari /Sta Cruz,Aroeira 2,LOGIX,2026-01-01 00:00:00,0.5,560.39,252.19,21.4,9.06,0.05,0.18,107.839,5072.785879332478,0.175,486.56015381461606,92239.80486315789,860.5629011553272,52470.16042721438,36404.31,0.6938097711841261,16065.850427214384,0.30619022881587393,0,0,,0,,1
CPFL Jaguari /Sta Cruz,Aroeira 2,LOGIX,2026-02-01 00:00:00,0.5,560.39,252.19,21.4,9.06,0.05,0.18,102.17,5072.785879332478,0.175,486.05303736140144,87390.84063157895,860.5629011553272,49660.03882721438,36404.31,0.7330705102076951,13255.728827214385,0.26692948979230485,0,0,,0,,1
CPFL Jaguari /Sta Cruz,Aroeira 2,LOGIX,2026-03-01 00:00:00,0.5,560.39,252.19,21.4,9.06,0.05,0.18,107.03,5072.785879332478,0.175,490.23788122222163,91547.82884210526,860.5629011553272,52470.16042721438,36404.31,0.6938097711841261,16065.850427214384,0.30619022881587393,0,0,,0,,1
CPFL Jaguari /Sta Cruz,Aroeira 2,LOGIX,2026-04-01 00:00:00,0.5,560.39,252.19,21.4,9.06,0.05,0.18,98.12,5072.785879332478,0.175,486.287913037244,83926.68378947368,860.5629011553272,47714.57002721438,36404.31,0.7629600346233134,11310.260027214383,0.23703996537668656,0,0,,0,,1
CPFL Jaguari /Sta Cruz,Aroeira 2,LOGIX,2026-05-01 00:00:00,0.5,560.39,252.19,21.4,9.06,0.05,0.18,82.18,5072.785879332478,0.175,479.99911933821335,70292.4467368421,860.5629011553272,39446.32762721438,36404.31,0.922882108165738,3042.01762721438,0.07711789183426201,0,0,,0,,1
CPFL Jaguari /Sta Cruz,Aroeira 2,LOGIX,2026-06-01 00:00:00,0.5,560.39,252.19,21.4,9.06,0.05,0.18,72.02,5072.785879332478,0.175,470.4266207610994,61602.1174736842,860.5629011553272,33880.125227214376,36404.31,1.0745034074064772,-2524.184772785622,-0.0745034074064773,0,0,,0,,0.9999999999999999
CPFL Jaguari /Sta Cruz,Aroeira 2,LOGIX,2026-07-01 00:00:00,0.5,560.39,252.19,21.4,9.06,0.05,0.18,78.28,5072.785879332478,0.175,511.50710816574326,66956.59199999999,860.5629011553272,40040.77642721438,36404.31,0.9091809212584899,3636.4664272143855,0.09081907874151013,0,0,,0,,1
CPFL Jaguari /Sta Cruz,Aroeira 2,LOGIX,2026-08-01 00:00:00,0.5,560.39,252.19,21.4,9.06,0.05,0.18,100.65,5072.785879332478,0.175,490.7087414527012,86090.71263157895,860.5629011553272,49389.83482721438,36404.31,0.7370810233999973,12985.52482721438,0.2629189766000028,0,0,,0,,1
CPFL Jaguari /Sta Cruz,Aroeira 2,LOGIX,2026-09-01 00:00:00,0.5,560.39,252.19,21.4,9.06,0.05,0.18,84.7,5072.785879332478,0.175,576.0966473106774,72447.92210526316,860.5629011553272,48795.38602721438,36404.31,0.7460604980088983,12391.076027214382,0.2539395019911017,0,0,,0,,1
CPFL Jaguari /Sta Cruz,Aroeira 2,LOGIX,2026-10-01 00:00:00,0.5,560.39,252.19,21.4,9.06,0.05,0.18,112.99,5072.785879332478,0.175,493.07556799021495,96645.69915789472,860.5629011553272,55712.608427214385,36404.31,0.6534303639284872,19308.298427214388,0.3465696360715128,0,0,,0,,1
CPFL Jaguari /Sta Cruz,Aroeira 2,LOGIX,2026-11-01 00:00:00,0.5,560.39,252.19,21.4,9.06,0.05,0.18,111.61,5072.785879332478,0.175,493.3618746278504,95465.31978947368,860.5629011553272,55064.118827214385,36404.31,0.6611258070656325,18659.808827214387,0.33887419293436755,0,0,,0,,1
CPFL Jaguari /Sta Cruz,Aroeira 2,LOGIX,2026-12-01 00:00:00,0.5,560.39,252.19,21.4,9.06,0.05,0.18,103.58,5072.785879332478,0.175,534.2182161345278,88596.88042105263,860.5629011553272,55334.32282721438,36404.31,0.6578974520692196,18930.012827214385,0.34210254793078043,0,0,,0,,1
ENEL SP,Jacarandá 01,TELMO,2026-01-01 00:00:00,1.25,432.44,292.74,17.04,7.07,0.05,0.18,196.3,9819.222593068036,0.085,656.6051825891832,149845.08842105264,698.4628421052632,128891.59734225666,47691.700068813356,0.37001403545472084,7331.432271419865,0.05688060682460237,3628.325831125692,0.028150212317495718,70240.13917089775,0.5449551454031811,,1
ENEL SP,Jacarandá 01,TELMO,2026-02-01 00:00:00,1.25,432.44,292.74,17.04,7.07,0.05,0.18,177.92,9819.222593068036,0.085,651.4377176012101,135814.76378947368,698.4628421052632,115903.79871560729,47691.700068813356,0.41147659177102813,7331.432271419865,0.06325446061874963,3628.325831125692,0.031304632560219196,57252.34054424838,0.49396431505000304,,1
ENEL SP,Jacarandá 01,TELMO,2026-03-01 00:00:00,1.25,432.44,292.74,17.04,7.07,0.05,0.18,184.43,9819.222593068036,0.085,653.3857750384134,140784.15515789474,698.4628421052632,120503.93849033458,47691.700068813356,0.39576880777750373,7331.432271419865,0.060839773066901935,3628.325831125692,0.030109603690809773,61852.480318975664,0.5132818154647846,,1
ENEL SP,Jacarandá 01,TELMO,2026-04-01 00:00:00,1.25,432.44,292.74,17.04,7.07,0.05,0.18,187.87,9819.222593068036,0.085,654.3606446798154,143410.07010526318,698.4628421052632,122934.73431599693,47691.700068813356,0.3879432475627635,7331.432271419865,0.059636784609423926,3628.325831125692,0.029514244703203907,64283.27614463802,0.5229057231246087,,1
ENEL SP,Jacarandá 01,TELMO,2026-05-01 00:00:00,1.25,432.44,292.74,17.04,7.07,0.05,0.18,165.14,9819.222593068036,0.085,647.1667044483125,126059.18442105263,698.4628421052632,106873.10957259432,47691.700068813356,0.44624602259203877,7331.432271419865,0.06859941009239502,3628.325831125692,0.0339498480547263,48221.6514012354,0.45120471926083994,,1
ENEL SP,Jacarandá 01,TELMO,2026-06-01 00:00:00,1.25,432.44,292.74,17.04,7.07,0.05,0.18,159.56,9819.222593068036,0.085,645.0873190199806,121799.70610526318,698.4628421052632,102930.1326228281,47691.700068813356,0.4633405092712003,7331.432271419865,0.07122726926122587,3628.325831125692,0.035250375557380684,44278.67445146918,0.43018184591019315,,1
ENEL SP,Jacarandá 01,TELMO,2026-07-01 00:00:00,1.25,432.44,292.74,17.04,7.07,0.05,0.18,177.12,9819.222593068036,0.085,651.1884449006442,135204.08589473687,698.4628421052632,115338.49736080211,47691.700068813356,0.4134933362242798,7331.432271419865,0.06356448574568875,3628.325831125692,0.031458063995541366,56687.039189443196,0.49148411403449005,,1
ENEL SP,Jacarandá 01,TELMO,2026-08-01 00:00:00,1.25,432.44,292.74,17.04,7.07,0.05,0.18,201.99,9819.222593068036,0.085,658.0142741141077,154188.53494736843,698.4628421052632,132912.30322830862,47691.700068813356,0.3588208082354233,7331.432271419865,0.05515992194361706,3628.325831125692,0.027298645369896086,74260.8450569497,0.5587206244510636,,1
ENEL SP,Jacarandá 01,TELMO,2026-09-01 00:00:00,1.25,432.44,292.74,17.04,7.07,0.05,0.18,190.73,9819.222593068036,0.085,655.1443750821867,145593.24357894738,698.4628421052632,124955.68665942547,47691.700068813356,0.3816689047438078,7331.432271419865,0.058672257881325095,3628.325831125692,0.029036900425467794,66304.22848806655,0.5306219369493993,,1
ENEL SP,Jacarandá 01,TELMO,2026-10-01 00:00:00,1.25,432.44,292.74,17.04,7.07,0.05,0.18,193.8,9819.222593068036,0.085,655.9599102605287,147936.72000000003,698.4628421052632,127125.03060849046,47691.700068813356,0.3751558590824686,7331.432271419865,0.057671036430257595,3628.325831125692,0.02854139592933449,68473.57243713154,0.5386317085579393,,1
ENEL SP,Jacarandá 01,TELMO,2026-11-01 00:00:00,1.25,432.44,292.74,17.04,7.07,0.05,0.18,184.04,9819.222593068036,0.085,653.2729519662412,140486.44968421053,698.4628421052632,120228.35407986701,47691.700068813356,0.3966759790883607,7331.432271419865,0.060979228465105964,3628.325831125692,0.030178620167380946,61576.8959085081,0.5121661722791524,,1
ENEL SP,Jacarandá 01,TELMO,2026-12-01 00:00:00,1.25,432.44,292.74,17.04,7.07,0.05,0.18,201.7,9819.222593068036,0.085,657.9443802042227,153967.16421052633,698.4628421052632,132707.3814871917,47691.700068813356,0.35937488581534804,7331.432271419865,0.055245097817919496,3628.325831125692,0.027340798910088362,74055.9233158328,0.5580392174566441,,1
ENEL SP,Jacarandá 02,TELMO,2026-01-01 00:00:00,2.5,432.44,292.74,17.04,7.07,0.05,0.18,438.9,19586.985750962773,0.085,661.99924818646,335033.16000000003,698.4628421052632,290551.4700290373,95383.40013762671,0.32828400464845087,14662.86454283973,0.05046563537047101,7256.651662251384,0.024975442944846105,173248.55368631944,0.596274917036232,,1
ENEL SP,Jacarandá 02,TELMO,2026-02-01 00:00:00,2.5,432.44,292.74,17.04,7.07,0.05,0.18,444.43,19586.985750962773,0.085,662.5545432219433,339254.4709473685,698.4628421052632,294459.11564412824,95383.40013762671,0.3239274828662576,14662.86454283973,0.049795926713848776,7256.651662251384,0.024644004130683763,177156.1993014104,0.6016325862892099,,1
ENEL SP,Jacarandá 02,TELMO,2026-03-01 00:00:00,2.5,432.44,292.74,17.04,7.07,0.05,0.18,469.92,19586.985750962773,0.085,664.9451610095521,358712.1953684211,698.4628421052632,312471.0300616087,95383.40013762671,0.3052551787563165,14662.86454283973,0.046925516710937046,7256.651662251384,0.023223438220242747,195168.11371889088,0.6245958663125037,,1
ENEL SP,Jacarandá 02,TELMO,2026-04-01 00:00:00,2.5,432.44,292.74,17.04,7.07,0.05,0.18,455.84,19586.985750962773,0.085,663.6577005463262,347964.26442105265,698.4628421052632,302521.7262170373,95383.40013762671,0.31529438011072325,14662.86454283973,0.04846879834448714,7256.651662251384,0.02398720830068669,185218.80987431947,0.6122496132441029,,1
ENEL SP,Jacarandá 02,TELMO,2026-05-01 00:00:00,2.5,432.44,292.74,17.04,7.07,0.05,0.18,374.85,19586.985750962773,0.085,654.3738303586671,286140.7610526316,698.4628421052632,245292.03030994636,95383.40013762671,0.3888564989946965,14662.86454283973,0.05977717467751403,7256.651662251384,0.029583723747901698,127989.11396722854,0.5217826025798878,,1.0000000000000002
ENEL SP,Jacarandá 02,TELMO,2026-06-01 00:00:00,2.5,432.44,292.74,17.04,7.07,0.05,0.18,378.35,19586.985750962773,0.085,654.8572055959272,288812.47684210533,698.4628421052632,247765.2237372191,95383.40013762671,0.3849749319088896,14662.86454283973,0.05918047868732067,7256.651662251384,0.029288418902355003,130462.30739450126,0.5265561705014348,,1
ENEL SP,Jacarandá 02,TELMO,2026-07-01 00:00:00,2.5,432.44,292.74,17.04,7.07,0.05,0.18,380.28,19586.985750962773,0.085,655.1199465017529,290285.7372631579,698.4628421052632,249129.0132556866,95383.40013762671,0.3828674905870262,14662.86454283973,0.05885651113542087,7256.651662251384,0.02912808736091979,131826.09691296876,0.5291479109166332,,1
ENEL SP,Jacarandá 02,TELMO,2026-08-01 00:00:00,2.5,432.44,292.74,17.04,7.07,0.05,0.18,481.69,19586.985750962773,0.085,665.9636410226083,367696.79389473685,698.4628421052632,320788.02624418016,95383.40013762671,0.29734089908026046,14662.86454283973,0.04570888980649959,7256.651662251384,0.02262132956523665,203485.10990146233,0.6343288815480033,,1
ENEL SP,Jacarandá 02,TELMO,2026-09-01 00:00:00,2.5,432.44,292.74,17.04,7.07,0.05,0.18,457.12,19586.985750962773,0.085,663.7780197425744,348941.3490526316,698.4628421052632,303426.2083847256,95383.40013762671,0.31435452014971127,14662.86454283973,0.048324317865937695,7256.651662251384,0.02391570491185257,186123.2920420078,0.6134054570724985,,1
ENEL SP,Jacarandá 02,TELMO,2026-10-01 00:00:00,2.5,432.44,292.74,17.04,7.07,0.05,0.18,456.78,19586.985750962773,0.085,663.7461257255865,348681.81094736845,698.4628421052632,303185.9553089334,95383.40013762671,0.31460362351031446,14662.86454283973,0.04836261141416958,7256.651662251384,0.02393465638887253,185883.03896621556,0.6130991086866434,,0.9999999999999999
ENEL SP,Jacarandá 02,TELMO,2026-11-01 00:00:00,2.5,432.44,292.74,17.04,7.07,0.05,0.18,444.46,19586.985750962773,0.085,662.5575179879705,339277.37136842107,698.4628421052632,294480.3144449334,95383.40013762671,0.3239041642474985,14662.86454283973,0.049792342046624735,7256.651662251384,0.024642230078874585,177177.39810221555,0.6016612636270021,,1
ENEL SP,Jacarandá 02,TELMO,2026-12-01 00:00:00,2.5,432.44,292.74,17.04,7.07,0.05,0.18,471.24,19586.985750962773,0.085,665.0619160025407,359719.8138947369,698.4628421052632,313403.77729703725,95383.40013762671,0.3043466832476126,14662.86454283973,0.04678585774970602,7256.651662251384,0.023154321000329513,196100.86095431942,0.6257131380023518,,1
ENEL SP,Jacarandá 03,#N/A,2026-01-01 00:00:00,2.5,432.44,292.74,17.04,7.07,0.05,0.18,0,19586.985750962773,0.181,#DIV/0!,0,#N/A,-19586.985750962776,95383.40013762671,-4.869733472539962,14662.86454283973,-0.7486024000461119,7256.651662251384,-0.37048332778282084,-136889.9020936806,6.988819200368894,,1
ENEL SP,Jacarandá 03,#N/A,2026-02-01 00:00:00,2.5,432.44,292.74,17.04,7.07,0.05,0.18,0,19586.985750962773,0.181,#DIV/0!,0,#N/A,-19586.985750962776,95383.40013762671,-4.869733472539962,14662.86454283973,-0.7486024000461119,7256.651662251384,-0.37048332778282084,-136889.9020936806,6.988819200368894,,1
ENEL SP,Jacarandá 03,#N/A,2026-03-01 00:00:00,2.5,432.44,292.74,17.04,7.07,0.05,0.18,0,19586.985750962773,0.181,#DIV/0!,0,#N/A,-19586.985750962776,95383.40013762671,-4.869733472539962,14662.86454283973,-0.7486024000461119,7256.651662251384,-0.37048332778282084,-136889.9020936806,6.988819200368894,,1
ENEL SP,Jacarandá 03,#N/A,2026-04-01 00:00:00,2.5,432.44,292.74,17.04,7.07,0.05,0.18,0,19586.985750962773,0.181,#DIV/0!,0,#N/A,-19586.985750962776,95383.40013762671,-4.869733472539962,14662.86454283973,-0.7486024000461119,7256.651662251384,-0.37048332778282084,-136889.9020936806,6.988819200368894,,1
ENEL SP,Jacarandá 03,#N/A,2026-05-01 00:00:00,2.5,432.44,292.74,17.04,7.07,0.05,0.18,0,19586.985750962773,0.181,#DIV/0!,0,#N/A,-19586.985750962776,95383.40013762671,-4.869733472539962,14662.86454283973,-0.7486024000461119,7256.651662251384,-0.37048332778282084,-136889.9020936806,6.988819200368894,,1
ENEL SP,Jacarandá 03,#N/A,2026-06-01 00:00:00,2.5,432.44,292.74,17.04,7.07,0.05,0.18,0,19586.985750962773,0.181,#DIV/0!,0,#N/A,-19586.985750962776,95383.40013762671,-4.869733472539962,14662.86454283973,-0.7486024000461119,7256.651662251384,-0.37048332778282084,-136889.9020936806,6.988819200368894,,1
ENEL SP,Jacarandá 03,#N/A,2026-07-01 00:00:00,2.5,432.44,292.74,17.04,7.07,0.05,0.18,0,19586.985750962773,0.181,#DIV/0!,0,#N/A,-19586.985750962776,95383.40013762671,-4.869733472539962,14662.86454283973,-0.7486024000461119,7256.651662251384,-0.37048332778282084,-136889.9020936806,6.988819200368894,,1
ENEL SP,Jacarandá 03,#N/A,2026-08-01 00:00:00,2.5,432.44,292.74,17.04,7.07,0.05,0.18,0,19586.985750962773,0.181,#DIV/0!,0,#N/A,-19586.985750962776,95383.40013762671,-4.869733472539962,14662.86454283973,-0.7486024000461119,7256.651662251384,-0.37048332778282084,-136889.9020936806,6.988819200368894,,1
ENEL SP,Jacarandá 03,#N/A,2026-09-01 00:00:00,2.5,432.44,292.74,17.04,7.07,0.05,0.18,0,19586.985750962773,0.181,#DIV/0!,0,#N/A,-19586.985750962776,95383.40013762671,-4.869733472539962,14662.86454283973,-0.7486024000461119,7256.651662251384,-0.37048332778282084,-136889.9020936806,6.988819200368894,,1
ENEL SP,Jacarandá 03,#N/A,2026-10-01 00:00:00,2.5,432.44,292.74,17.04,7.07,0.05,0.18,0,19586.985750962773,0.181,#DIV/0!,0,#N/A,-19586.985750962776,95383.40013762671,-4.869733472539962,14662.86454283973,-0.7486024000461119,7256.651662251384,-0.37048332778282084,-136889.9020936806,6.988819200368894,,1
ENEL SP,Jacarandá 03,#N/A,2026-11-01 00:00:00,2.5,432.44,292.74,17.04,7.07,0.05,0.18,0,19586.985750962773,0.181,#DIV/0!,0,#N/A,-19586.985750962776,95383.40013762671,-4.869733472539962,14662.86454283973,-0.7486024000461119,7256.651662251384,-0.37048332778282084,-136889.9020936806,6.988819200368894,,1
ENEL SP,Jacarandá 03,#N/A,2026-12-01 00:00:00,2.5,432.44,292.74,17.04,7.07,0.05,0.18,0,19586.985750962773,0.181,#DIV/0!,0,#N/A,-19586.985750962776,95383.40013762671,-4.869733472539962,14662.86454283973,-0.7486024000461119,7256.651662251384,-0.37048332778282084,-136889.9020936806,6.988819200368894,,1
ENEL SP,Jacarandá 18,TELMO,2026-01-01 00:00:00,1.5,432.44,292.74,17.04,7.07,0.05,0.18,222.7,11772.775224646984,0.085,653.7628622328205,169997.45894736843,698.4628421052632,145592.98941924912,57230.04008257603,0.393082388862671,8797.718725703839,0.06042680187278767,4353.99099735083,0.029905224246842624,75211.23961361841,0.5165855850176986,,0.9999999999999999
ENEL SP,Jacarandá 18,TELMO,2026-02-01 00:00:00,1.5,432.44,292.74,17.04,7.07,0.05,0.18,191.09,11772.775224646984,0.085,645.0181570857128,145868.04863157897,698.4628421052632,123256.51963750887,57230.04008257603,0.46431653474304363,8797.718725703839,0.07137730930240023,4353.99099735083,0.035324630373757875,52874.76983187817,0.4289815255807982,,1
ENEL SP,Jacarandá 18,TELMO,2026-03-01 00:00:00,1.5,432.44,292.74,17.04,7.07,0.05,0.18,233.5,11772.775224646984,0.085,656.2079559277057,178241.6105263158,698.4628421052632,153224.55770911928,57230.04008257603,0.3735043581670586,8797.718725703839,0.05741715856282896,4353.99099735083,0.028415751772744056,82842.80790348857,0.5406627314973683,,0.9999999999999999
ENEL SP,Jacarandá 18,TELMO,2026-04-01 00:00:00,1.5,432.44,292.74,17.04,7.07,0.05,0.18,217.36,11772.775224646984,0.085,652.4641280636937,165921.18400000004,698.4628421052632,141819.60287592447,57230.04008257603,0.4035411108339205,8797.718725703839,0.06203457453904177,4353.99099735083,0.030700910939371773,71437.85307029376,0.5037234036876659,,1
ENEL SP,Jacarandá 18,TELMO,2026-05-01 00:00:00,1.5,432.44,292.74,17.04,7.07,0.05,0.18,200.44,11772.775224646984,0.085,647.892033634976,153005.3465263158,698.4628421052632,129863.47922179458,57230.04008257603,0.4406938765658089,8797.718725703839,0.06774590345510584,4353.99099735083,0.033527447619931885,59481.72941616388,0.45803277235915335,,1
ENEL SP,Jacarandá 18,TELMO,2026-06-01 00:00:00,1.5,432.44,292.74,17.04,7.07,0.05,0.18,188.69,11772.775224646984,0.085,644.2345411685478,144036.01494736844,698.4628421052632,121560.6155730933,57230.04008257603,0.4707942602360723,8797.718725703839,0.07237310114157698,4353.99099735083,0.03581744775496645,51178.865767462594,0.42101519086738426,,1
ENEL SP,Jacarandá 18,TELMO,2026-07-01 00:00:00,1.5,432.44,292.74,17.04,7.07,0.05,0.18,208.75,11772.775224646984,0.085,650.2301654842325,159348.76315789475,698.4628421052632,135735.54704483354,57230.04008257603,0.42162897876466293,8797.718725703839,0.0648151417756319,4353.99099735083,0.03207701366476023,65353.79723920283,0.48147886579494487,,0.9999999999999998
ENEL SP,Jacarandá 18,TELMO,2026-08-01 00:00:00,1.5,432.44,292.74,17.04,7.07,0.05,0.18,224.32,11772.775224646984,0.085,654.1446356220117,171234.08168421054,698.4628421052632,146737.72466272966,57230.04008257603,0.3900158613888611,8797.718725703839,0.05995539828578517,4353.99099735083,0.029671926611635088,76355.97485709895,0.5203568137137186,,1
ENEL SP,Jacarandá 18,TELMO,2026-09-01 00:00:00,1.5,432.44,292.74,17.04,7.07,0.05,0.18,195.01,11772.775224646984,0.085,646.2565831293488,148860.37031578948,698.4628421052632,126026.4962760543,57230.04008257603,0.4541111732346878,8797.718725703839,0.06980848460971974,4353.99099735083,0.0345482190333503,55644.7464704236,0.44153212312224216,,1
ENEL SP,Jacarandá 18,TELMO,2026-10-01 00:00:00,1.5,432.44,292.74,17.04,7.07,0.05,0.18,212,11772.775224646984,0.085,651.0947348996681,161829.64210526316,698.4628421052632,138032.08379872964,57230.04008257603,0.414614041225557,8797.718725703839,0.06373676672542422,4353.99099735083,0.03154332585241245,67650.33399309893,0.49010586619660623,,1
ENEL SP,Jacarandá 18,TELMO,2026-11-01 00:00:00,1.5,432.44,292.74,17.04,7.07,0.05,0.18,213.33,11772.775224646984,0.085,651.4409473636773,162844.89410526317,698.4628421052632,138971.8973010933,57230.04008257603,0.4118101658969421,8797.718725703839,0.06330573948085996,4353.99099735083,0.0313300104690776,68590.14749546259,0.49355408415312024,,0.9999999999999999
ENEL SP,Jacarandá 18,TELMO,2026-12-01 00:00:00,1.5,432.44,292.74,17.04,7.07,0.05,0.18,227.81,11772.775224646984,0.085,654.9486494142808,173898.16400000002,698.4628421052632,149203.85182306732,57230.04008257603,0.38356945469773795,8797.718725703839,0.058964420946294144,4353.99099735083,0.029181491926320975,78822.10201743661,0.5282846324296468,,1
COELBA,Tapir 14,PETRAX,2026-01-01 00:00:00,4,620.08,257.65,39.87,24.5,0.05,0.205,975.4,108525.26812313806,0.29,511.92597877472014,901197.7284210527,623.1883,499332.599696862,399466.0797574896,0.8,99866.5199393724,0.2,,,,,,1
COELBA,Tapir 14,PETRAX,2026-02-01 00:00:00,4,620.08,257.65,39.87,24.5,0.05,0.205,870.17,108525.26812313806,0.29,498.4709825526759,803972.9622105263,623.1883,433754.49488786195,347003.59591028956,0.8,86750.89897757239,0.2,,,,,,1
COELBA,Tapir 14,PETRAX,2026-03-01 00:00:00,4,620.08,257.65,39.87,24.5,0.05,0.205,977.5799999999999,108525.26812313806,0.29,512.1740933640848,903211.8877894736,623.1883,500691.15019086195,400552.92015268956,0.8,100138.23003817239,0.2,,,,,,1
COELBA,Tapir 14,PETRAX,2026-04-01 00:00:00,4,620.08,257.65,39.87,24.5,0.05,0.205,833.4100000000001,108525.26812313806,0.29,492.96995833966713,770009.4308421054,623.1883,410846.092979862,328676.8743838896,0.8,82169.2185959724,0.2,,,,,,1
COELBA,Tapir 14,PETRAX,2026-05-01 00:00:00,4,620.08,257.65,39.87,24.5,0.05,0.205,645.86,108525.26812313806,0.29,455.1561132673675,596727.0503157895,623.1883,293967.127314862,235173.7018518896,0.8,58793.4254629724,0.2,,,,,,1
COELBA,Tapir 14,PETRAX,2026-06-01 00:00:00,4,620.08,257.65,39.87,24.5,0.05,0.205,677.11,108525.26812313806,0.29,462.9111395339929,625599.7476842105,623.1883,313441.76168986195,250753.40935188957,0.8,62688.35233797239,0.2,,,,,,1
COELBA,Tapir 14,PETRAX,2026-07-01 00:00:00,4,620.08,257.65,39.87,24.5,0.05,0.205,734.71,108525.26812313806,0.29,475.4765931726286,678817.9034736843,623.1883,349337.407769862,279469.9262158896,0.8,69867.4815539724,0.2,,,,,,1
COELBA,Tapir 14,PETRAX,2026-08-01 00:00:00,4,620.08,257.65,39.87,24.5,0.05,0.205,830.64,108525.26812313806,0.29,492.53570907837565,767450.1549473684,623.1883,409119.86138886196,327295.8891110896,0.8,81823.9722777724,0.2,,,,,,1
COELBA,Tapir 14,PETRAX,2026-09-01 00:00:00,4,620.08,257.65,39.87,24.5,0.05,0.205,914.4399999999999,108525.26812313806,0.29,504.50881515338557,844875.1802105263,623.1883,461343.0409288619,369074.4327430895,0.8,92268.60818577238,0.2,,,,,,1
COELBA,Tapir 14,PETRAX,2026-10-01 00:00:00,4,620.08,257.65,39.87,24.5,0.05,0.205,935.81,108525.26812313806,0.29,507.21895993830145,864619.4855789474,623.1883,474660.5748998619,379728.4599198895,0.8,94932.11497997238,0.2,,,,,,1
COELBA,Tapir 14,PETRAX,2026-11-01 00:00:00,4,620.08,257.65,39.87,24.5,0.05,0.205,980.48,108525.26812313806,0.29,512.5024439670997,905891.2741052632,623.1883,502498.39626086195,401998.7170086896,0.8,100499.6792521724,0.2,,,,,,1
COELBA,Tapir 14,PETRAX,2026-12-01 00:00:00,4,620.08,257.65,39.87,24.5,0.05,0.205,992.21,108525.26812313806,0.29,513.8109825741144,916728.9297894738,623.1883,509808.39501986204,407846.71601588966,0.8,101961.67900397241,0.2,,,,,,1
