projeto,mes,status,perfComp,perfOper,P50,energiaFinal,receitaForecast,budget,inversores,modulos,estrutura,transformadores,cabine,rede,manutencao,sujidade,clima
Ipê 04,2026-01,COD,0.95,0.9176857498713407,381.5,332.59225789712065,238574.08750387747,246283.84625131503,0.007,0.0021,0.007,0.007,0.0007,0.007114250128659275,0.0014,0.01,0.04
Ipê 04,2026-02,COD,0.95,0.9376857498713407,357.87,318.7911193411338,227467.24185764813,237409.07292066538,0.007,0.0021,0.007,0.007,0.0007,0.007114250128659275,0.0014,0.01,0.02
Ipê 04,2026-03,COD,0.2,0.8076857498713408,354.6,57.28107338087548,17009.843459966796,262369.8416391422,0.007,0.0021,0.007,0.007,0.0007,0.007114250128659275,0.0014,0.01,0.15
Ipê 04,2026-04,COD,0.3,0.9476857498713407,369.52,105.05665148773735,55458.55329210605,252575.21866431984,0.007,0.0021,0.007,0.007,0.0007,0.007114250128659275,0.0014,0.01,0.01
Ipê 04,2026-05,COD,0.85,0.9887857498713407,391.45,329.00115451906584,235684.04834095598,263687.41887354857,0.003,0.001,0.004,0.004,0.0007,0.007114250128659275,0.0014,0.01,-0.02
Ipê 04,2026-06,COD,0.75,0.9,423.95,286.16625,201211.4813977125,287696.60403384303,0.003,0.001,0.01,0.004,0.0007,0.007114250128659275,0.0014,0.01,-0.02
Ipê 04,2026-07,COD,0.85,0.6793253921453002,465.45,268.76320320792547,187205.90108203422,322170.88407286373,0.003,0.001,0.004,0.004,0.0007,0.007114250128659275,0.0014,0.01,0.02
Ipê 04,2026-08,COD,0.85,0.7,487.07,289.80664999999993,204141.19337230845,332713.82620939496,0.003,0.001,0.004,0.004,0.0007,0.00711425012865928,0.0014,0.01,0.01
Ipê 04,2026-09,COD,0.85,0.72,435.02,266.23223999999993,185169.03886427754,294577.2851468541,0.003,0.001,0.004,0.004,0.0007,0.00711425012865928,0.0014,0.01,0.02
Ipê 04,2026-10,COD,0.85,0.75,418.91,267.055125,185831.27818913624,306874.67266798054,0.003,0.001,0.004,0.004,0.0007,0.00711425012865928,0.0014,0.01,0.01
Ipê 04,2026-11,COD,0.85,0.77,387.23,253.442035,174875.76978779217,276317.91952132457,0.003,0.001,0.004,0.004,0.0007,0.00711425012865928,0.0014,0.01,0.005
Ipê 04,2026-12,COD,0.85,0.85,338.28,244.40729999999996,167604.818431677,244564.26478591986,0.003,0.001,0.004,0.004,0.0007,0.00711425012865928,0.0014,0.01,-0.01
Ipê 06,2026-01,COD,0.95,0.9222364349185149,295.19,258.62322456241657,184252.164023214,186536.69787224522,0.007,0.0021,0.007,0.007,0.0007,0.0025635650814850365,0.0014,0.01,0.04
Ipê 06,2026-02,COD,0.95,0.9422364349185149,269.75,241.45986440330591,170574.74924952333,175583.764982146,0.007,0.0021,0.007,0.007,0.0007,0.0025635650814850365,0.0014,0.01,0.02
Ipê 06,2026-03,COD,0.95,0.8183241313247565,291.43,226.55999151237506,158701.09865224478,202684.7404645268,0.007,0.0021,0.01,0.007,0.0007,0.0025635650814850365,0.0014,0.01,0.14091230359375853
Ipê 06,2026-04,COD,0.95,0.952236434918515,255.33,230.9778024813572,162221.63498396386,169134.29525464523,0.007,0.0021,0.007,0.007,0.0007,0.0025635650814850365,0.0014,0.01,0.01
Ipê 06,2026-05,COD,0.9,0.993336434918515,282.8,252.82398941546043,179630.7761516217,185550.02368454603,0.003,0.001,0.004,0.004,0.0007,0.0025635650814850365,0.0014,0.01,-0.02
Ipê 06,2026-06,COD,0.9,0.9,310,251.1,178256.93571000002,204793.96321536196,0.003,0.001,0.01,0.004,0.0007,0.0025635650814850365,0.0014,0.01,-0.02
Ipê 06,2026-07,COD,0.9,0.7709677419354839,354.81,246.19235806451616,174346.0549914165,212682.89180850764,0.003,0.001,0.004,0.004,0.0007,0.0025635650814850365,0.0014,0.01,0.02
Ipê 06,2026-08,COD,0.9,0.7,369.9,233.03699999999995,163862.60145569997,248130.88014747086,0.003,0.001,0.004,0.004,0.0007,0.0025635650814850365,0.0014,0.01,0.01
Ipê 06,2026-09,COD,0.9,0.72,340.41,220.58568000000002,153940.19310784806,208693.48843855562,0.003,0.001,0.004,0.004,0.0007,0.0025635650814850365,0.0014,0.01,0.02
Ipê 06,2026-10,COD,0.9,0.75,339.31,229.03425000000001,160672.825591425,240382.56701811403,0.003,0.001,0.004,0.004,0.0007,0.0025635650814850365,0.0014,0.01,0.01
Ipê 06,2026-11,COD,0.9,0.77,289.48,200.60964,138021.364738404,208725.71556468686,0.003,0.001,0.004,0.004,0.0007,0.0025635650814850365,0.0014,0.01,0.005
Ipê 06,2026-12,COD,0.9,0.85,280.79,214.80435,149333.073778035,179640.59614132688,0.003,0.001,0.004,0.004,0.0007,0.0025635650814850365,0.0014,0.01,-0.01
Ipê 07-I,2026-01,COD,0.95,0.924,459.15,403.04186999999996,288025.3495035063,0,0.007,0.0021,0.007,0.007,0.0007,0.0008,0.0014,0.01,0.04
Ipê 07-I,2026-02,COD,0.95,-0.0009999999999998899,394.42,-0.3746989999999698,-36635.22432072548,265413.1776302535,0.007,0.0021,0.007,0.952,0.0007,0.0008,0.0014,0.01,0.02
Ipê 07-I,2026-03,COD,0.2,0.824,405.55,66.83463999999998,17453.338824253588,271657.02974663494,0.007,0.0021,0.007,0.007,0.0007,0.0008,0.0014,0.01,0.14
Ipê 07-I,2026-04,COD,0.3,0.954,431.31,123.440922,63008.800370445766,300801.5865316833,0.007,0.0021,0.007,0.007,0.0007,0.0008,0.0014,0.01,0.01
Ipê 07-I,2026-05,COD,0.85,0.9951,440.81,372.85252635,263729.6452961119,302444.4177905978,0.003,0.001,0.004,0.004,0.0007,0.0008,0.0014,0.01,-0.02
Ipê 07-I,2026-06,COD,0.75,0.9,468.35,316.13625,218085.6627730125,324177.1222847789,0.003,0.001,0.01,0.004,0.0007,0.0008,0.0014,0.01,-0.02
Ipê 07-I,2026-07,COD,0.85,0.6934680666168462,495.53,292.0890963930489,198733.05485156598,346200.4431123662,0.003,0.001,0.004,0.004,0.0007,0.0008,0.0014,0.01,0.02
Ipê 07-I,2026-08,COD,0.85,0.35,586.11,174.367725,103993.54506251024,407162.52843180875,0.003,0.001,0.004,0.004,0.0007,0.0008,0.0014,0.01,0.01
Ipê 07-I,2026-09,COD,0.85,0.7,547.17,325.56614999999994,225674.63402596346,377824.4753456929,0.003,0.001,0.004,0.004,0.0007,0.0008,0.0014,0.01,0.02
Ipê 07-I,2026-10,COD,0.85,0.75,521.52,332.469,231229.89232281,358807.44392909383,0.003,0.001,0.004,0.004,0.0007,0.0008,0.0014,0.01,0.01
Ipê 07-I,2026-11,COD,0.85,0.77,473.99,310.226455,213329.59278649793,337922.6640390221,0.003,0.001,0.004,0.004,0.0007,0.0008,0.0014,0.01,0.005
Ipê 07-I,2026-12,COD,0.85,0.85,403.38,291.44205,198212.3264794545,268393.8102957254,0.003,0.001,0.004,0.004,0.0007,0.0008,0.0014,0.01,-0.01
Ipê 07-II,2026-01,COD,0.1,0.924,446.64,41.269536000000016,-3120.8814044553437,0,0.007,0.0021,0.007,0.007,0.0007,0.0008,0.0014,0.01,0.04
Ipê 07-II,2026-02,COD,0.95,0.944,388.9,348.7655199999999,244344.96478414474,250531.87475498562,0.007,0.0021,0.007,0.007,0.0007,0.0008,0.0014,0.01,0.02
Ipê 07-II,2026-03,COD,0.2,0.16939571889687965,449.22,15.219188968571252,-24085.614302037517,294253.47931670473,0.007,0.0021,0.007,0.67,0.0007,0.0008,0.0014,0.01,0.13160428110312028
Ipê 07-II,2026-04,COD,0.3,0.954,439.46,125.77345200000002,64885.968009195465,294522.73413944006,0.007,0.0021,0.007,0.007,0.0007,0.0008,0.0014,0.01,0.01
Ipê 07-II,2026-05,COD,0.85,0.9951,431.23,364.74942705,257208.45338023713,281795.05457803974,0.003,0.001,0.004,0.004,0.0007,0.0008,0.0014,0.01,-0.02
Ipê 07-II,2026-06,COD,0.75,0.9,528.99,357.06825000000003,251026.81499369253,353390.7375209786,0.003,0.001,0.01,0.004,0.0007,0.0008,0.0014,0.01,-0.02
Ipê 07-II,2026-07,COD,0.85,0.8053082288890149,549.98,376.46790676572334,266639.22207247285,372808.70710739255,0.003,0.001,0.004,0.004,0.0007,0.0008,0.0014,0.01,0.02
Ipê 07-II,2026-08,COD,0.85,0.7,619.01,368.31094999999993,260074.68688051545,419006.0837944174,0.003,0.001,0.004,0.004,0.0007,0.0008,0.0014,0.01,0.01
Ipê 07-II,2026-09,COD,0.85,0.72,564.59,345.52907999999996,241740.3507244092,379017.6147301831,0.003,0.001,0.004,0.004,0.0007,0.0008,0.0014,0.01,0.02
Ipê 07-II,2026-10,COD,0.85,0.75,569.23,362.884125,255707.30027834626,382494.5546543111,0.003,0.001,0.004,0.004,0.0007,0.0008,0.0014,0.01,0.01
Ipê 07-II,2026-11,COD,0.85,0.77,479.8,314.0291,216389.875884959,328588.0216685568,0.003,0.001,0.004,0.004,0.0007,0.0008,0.0014,0.01,0.005
Ipê 07-II,2026-12,COD,0.85,0.85,438.31,316.678975,218522.43563627274,280330.5716346772,0.003,0.001,0.004,0.004,0.0007,0.0008,0.0014,0.01,-0.01
Ipê 09,2026-01,COD,0.95,0.9101209574750913,193.58,167.37215420062677,118779.54193107809,122040.05156136288,0.007,0.0021,0.007,0.007,0.0007,0.014679042524908707,0.0014,0.01,0.04
Ipê 09,2026-02,COD,0.95,0.9301209574750913,179.05,158.21124956411936,111479.25275377341,115544.07927535966,0.007,0.0021,0.007,0.007,0.0007,0.014679042524908707,0.0014,0.01,0.02
Ipê 09,2026-03,COD,0.95,0.8101209574750913,183.41,141.15507056998115,97887.25023244276,119494.34181558366,0.007,0.0021,0.007,0.007,0.0007,0.014679042524908707,0.0014,0.01,0.14
Ipê 09,2026-04,COD,0.95,0.9401209574750913,169.74,151.5973247557309,106208.64186827542,112177.91268277085,0.007,0.0021,0.007,0.007,0.0007,0.014679042524908707,0.0014,0.01,0.01
Ipê 09,2026-05,COD,0.95,0.9812209574750913,154.36,143.88820364606235,100065.27332155287,98605.06357535327,0.003,0.001,0.004,0.004,0.0007,0.014679042524908707,0.0014,0.01,-0.02
Ipê 09,2026-06,COD,0.95,0.9,186.13,159.14114999999998,112220.28678451499,122451.60257964126,0.003,0.001,0.01,0.004,0.0007,0.014679042524908707,0.0014,0.01,-0.02
Ipê 09,2026-07,COD,0.95,0.6823188094342664,203.41,131.8509455756729,90472.829310566,138537.4371828797,0.003,0.001,0.004,0.004,0.0007,0.014679042524908707,0.0014,0.01,0.02
Ipê 09,2026-08,COD,0.95,0.7,235.47,156.58754999999996,110185.33290355498,158359.12666087007,0.003,0.001,0.004,0.004,0.0007,0.014679042524908707,0.0014,0.01,0.01
Ipê 09,2026-09,COD,0.95,0.7,228.4,151.886,106438.6860446,151400.86603955808,0.003,0.001,0.004,0.004,0.0007,0.014679042524908707,0.0014,0.01,0.02
Ipê 09,2026-10,COD,0.95,0.72,228.86,156.54023999999998,110147.63174906399,151756.02725877086,0.003,0.001,0.004,0.004,0.0007,0.014679042524908707,0.0014,0.01,0.01
Ipê 09,2026-11,COD,0.95,0.75,199.16,141.9015,98482.07693415,134999.42531669087,0.003,0.001,0.004,0.004,0.0007,0.014679042524908707,0.0014,0.01,0.005
Ipê 09,2026-12,COD,0.95,0.8,188.97,143.6172,99849.31157292,120181.22578615647,0.003,0.001,0.004,0.004,0.0007,0.014679042524908707,0.0014,0.01,-0.01
Vale Verde I,2026-01,COD,0.8,1.005926643138296,231.1,185.9757177834082,85321.37671296252,87368.56343001907,0.007,0.0021,0.007,0.007,0.0007,0.008873356861703858,0.0014,0.01,-0.05
Vale Verde I,2026-02,COD,0.8,0.9259266431382962,218.98,162.2075330515393,70813.89972926113,74225.71650385796,0.007,0.0021,0.007,0.007,0.0007,0.008873356861703858,0.0014,0.01,0.03
Vale Verde I,2026-03,COD,0.8,0.8673727268270179,240.62,166.96578042329367,73718.20920881204,84233.1787514115,0.007,0.0021,0.0238,0.007,0.0007,0.008873356861703858,0.0014,0.03,0.05175391631127823
Vale Verde I,2026-04,COD,0.95,0.9051266431382962,210.52,181.01989786780038,82296.47413112383,69771.47676822093,0.007,0.0021,0.0178,0.007,0.0007,0.008873356861703858,0.0014,0.02,0.03
Vale Verde I,2026-05,COD,0.8,0.9480266431382961,182.9,138.7152584239955,56474.83104149073,55587.31055920133,0.003,0.001,0.013,0.004,0.0007,0.008873356861703858,0.0014,0.02,0
Vale Verde I,2026-06,COD,0.8,0.9,160.91,115.8552,42521.650553646796,51682.42068590177,0.003,0.001,0.013,0.004,0.0007,0.008873356861703858,0.0014,0.03,0.01
Vale Verde I,2026-07,COD,0.8,0.8499782487104593,182.59,124.15802274563424,47589.47593622786,58482.648178251126,0.003,0.001,0.013,0.004,0.0007,0.008873356861703858,0.0014,0.03,0.02
Vale Verde I,2026-08,COD,0.8,0.78,220.96,137.87904000000003,55964.42523320891,88403.56692283414,0.003,0.001,0.004,0.004,0.0007,0.008873356861703858,0.0014,0.03,0.01
Vale Verde I,2026-09,COD,0.8,0.78,218.11,136.10064000000003,54878.93648600891,82534.0452709147,0.003,0.001,0.004,0.004,0.0007,0.008873356861703858,0.0014,0.03,0.01
Vale Verde I,2026-10,COD,0.8,0.8,235.94,151.00160000000002,63974.0919080047,90733.31934190044,0.003,0.001,0.004,0.004,0.0007,0.008873356861703858,0.0014,0.03,-0.005
Vale Verde I,2026-11,COD,0.8,0.82,219.75,144.156,59795.71709478364,91295.05056760283,0.003,0.001,0.004,0.004,0.0007,0.008873356861703858,0.0014,0.03,-0.01
Vale Verde I,2026-12,COD,0.8,0.89,251.79,179.27448,81231.11681293944,95503.36685956042,0.003,0.001,0.004,0.004,0.0007,0.008873356861703858,0.0014,0.03,-0.01
Vale Verde II,2026-01,COD,0.8,1.0084874311337035,229.3,184.9969343671666,84723.95297011716,86529.22352291422,0.007,0.0021,0.007,0.007,0.0007,0.0063125688662964965,0.0014,0.01,-0.05
Vale Verde II,2026-02,COD,0.8,0.9284874311337035,217.6,161.6310920117551,70462.0552273999,67752.54870747478,0.007,0.0021,0.007,0.007,0.0007,0.0063125688662964965,0.0014,0.01,0.03
Vale Verde II,2026-03,COD,0.8,0.8961261807650805,248.77,178.3434479911433,80662.83927757226,82240.49913198574,0.007,0.0021,0,0.007,0.0007,0.0063125688662964965,0.0014,0.03,0.04936125036862296
Vale Verde II,2026-04,COD,0.95,0.9184874311337035,195.98,171.00490841590403,76183.58706783087,70485.38437860509,0.007,0.0021,0.007,0.007,0.0007,0.0063125688662964965,0.0014,0.02,0.03
Vale Verde II,2026-05,COD,0.8,0.9595874311337035,185.4,142.3260077857509,58678.73781226507,63461.743703453714,0.003,0.001,0.004,0.004,0.0007,0.0063125688662964965,0.0014,0.02,0
Vale Verde II,2026-06,COD,0.8,0.9,163.85,117.97200000000001,43813.68979120469,49323.931789658556,0.003,0.001,0.01,0.004,0.0007,0.0063125688662964965,0.0014,0.03,0.01
Vale Verde II,2026-07,COD,0.8,0.834726884345438,182.84,122.09717082697591,46331.58594109226,59935.48099472649,0.003,0.001,0.004,0.004,0.0007,0.0063125688662964965,0.0014,0.03,0.02
Vale Verde II,2026-08,COD,0.8,0.78,220.48,137.57952,55781.606075785734,89346.74081884121,0.003,0.001,0.004,0.004,0.0007,0.0063125688662964965,0.0014,0.03,0.01
Vale Verde II,2026-09,COD,0.8,0.78,218.71,136.47504000000004,55107.46043278786,75987.17724929811,0.003,0.001,0.004,0.004,0.0007,0.0063125688662964965,0.0014,0.03,0.01
Vale Verde II,2026-10,COD,0.8,0.8,235.24,150.55360000000002,63700.644450320484,90434.89962824603,0.003,0.001,0.004,0.004,0.0007,0.0063125688662964965,0.0014,0.03,-0.005
Vale Verde II,2026-11,COD,0.8,0.82,250.7,164.4592,72188.25821722574,97166.89728627322,0.003,0.001,0.004,0.004,0.0007,0.0063125688662964965,0.0014,0.03,-0.01
Vale Verde II,2026-12,COD,0.8,0.89,220.95,157.31640000000002,67828.48031377312,99307.09682599883,0.003,0.001,0.004,0.004,0.0007,0.0063125688662964965,0.0014,0.03,-0.01
Vale Verde III,2026-01,COD,0.8,1.0083540504566626,226.33,182.57661779188518,83246.65517033666,85144.31267619124,0.007,0.0021,0.007,0.007,0.0007,0.006445949543337329,0.0014,0.01,-0.05
Vale Verde III,2026-02,COD,0.8,0.9283540504566626,214.26,159.12731108067564,68933.81297248499,72198.28770499074,0.007,0.0021,0.007,0.007,0.0007,0.006445949543337329,0.0014,0.01,0.03
Vale Verde III,2026-03,COD,0.8,0.8838274860472403,225.86,159.69702079890376,69281.54885209986,79475.05922441662,0.007,0.0021,0.0119,0.007,0.0007,0.006445949543337329,0.0014,0.03,0.04962656440942242
Vale Verde III,2026-04,COD,0.95,0.9075540504566627,206.71,178.2204728814019,80587.77849382846,68122.69014423844,0.007,0.0021,0.0178,0.007,0.0007,0.006445949543337329,0.0014,0.02,0.03
Vale Verde III,2026-05,COD,0.8,0.9504540504566626,178.59,135.79327109684434,54691.3265638234,60353.17908336774,0.003,0.001,0.013,0.004,0.0007,0.006445949543337329,0.0014,0.02,0
Vale Verde III,2026-06,COD,0.8,0.9,157.66,113.51520000000001,41093.37588627838,50166.24925260256,0.003,0.001,0.013,0.004,0.0007,0.006445949543337329,0.0014,0.03,0.01
Vale Verde III,2026-07,COD,0.8,0.8121273626791831,167.93,109.1044384117722,38401.1626212068,50945.00968336126,0.003,0.001,0.013,0.004,0.0007,0.006445949543337329,0.0014,0.03,0.02
Vale Verde III,2026-08,COD,0.8,0.78,198.86,124.08864000000001,47547.126526851,78302.03780472986,0.003,0.001,0.004,0.004,0.0007,0.006445949543337329,0.0014,0.03,0.01
Vale Verde III,2026-09,COD,0.8,0.78,213.03,132.93072,52944.10040328048,80319.72766787294,0.003,0.001,0.004,0.004,0.0007,0.006445949543337329,0.0014,0.03,0.01
Vale Verde III,2026-10,COD,0.8,0.8,218.49,139.83360000000005,57157.4374271626,88534.66821629964,0.003,0.001,0.004,0.004,0.0007,0.006445949543337329,0.0014,0.03,-0.005
Vale Verde III,2026-11,COD,0.8,0.82,247.03,162.05168,70718.77111159205,91312.60466840601,0.003,0.001,0.004,0.004,0.0007,0.006445949543337329,0.0014,0.03,-0.01
Vale Verde III,2026-12,COD,0.8,0.89,246.62,175.59344000000002,78984.30647893524,97782.01641492682,0.003,0.001,0.004,0.004,0.0007,0.006445949543337329,0.0014,0.03,-0.01
Vale Verde IV,2026-01,COD,0.8,1.0081725748728507,218.43,176.17210842358145,79337.51051748538,81460.54308389776,0.007,0.0021,0.007,0.007,0.0007,0.006627425127149285,0.0014,0.01,-0.05
Vale Verde IV,2026-02,COD,0.8,0.9281725748728507,214.15,159.0145255272168,68864.97162682241,72112.37970503877,0.007,0.0021,0.007,0.007,0.0007,0.006627425127149285,0.0014,0.01,0.03
Vale Verde IV,2026-03,COD,0.8,0.8956786842518006,243.8,174.6931705764712,78434.80561934866,86173.7621716366,0.007,0.0021,0,0.007,0.0007,0.006627425127149285,0.0014,0.03,0.049493890621050106
Vale Verde IV,2026-04,COD,0.95,0.9181725748728508,207.17,180.70692171958805,82105.4416935246,68275.67034646361,0.007,0.0021,0.007,0.007,0.0007,0.006627425127149285,0.0014,0.02,0.03
Vale Verde IV,2026-05,COD,0.8,0.9592725748728507,154.46,118.53539353188842,44157.57043622838,56286.065718759564,0.003,0.001,0.004,0.004,0.0007,0.006627425127149285,0.0014,0.02,0
Vale Verde IV,2026-06,COD,0.8,0.9,157.78,113.60160000000002,41146.11218168891,50179.54900201746,0.003,0.001,0.01,0.004,0.0007,0.006627425127149285,0.0014,0.03,0.01
Vale Verde IV,2026-07,COD,0.8,0.8238052985169222,179.19,118.09413715299785,43888.239108115515,56893.07815551925,0.003,0.001,0.004,0.004,0.0007,0.006627425127149285,0.0014,0.03,0.02
Vale Verde IV,2026-08,COD,0.8,0.78,215.28,134.33472000000003,53801.06520370154,78484.29363004523,0.003,0.001,0.004,0.004,0.0007,0.006627425127149285,0.0014,0.03,0.01
Vale Verde IV,2026-09,COD,0.8,0.78,213.57,133.26768,53149.77195538154,80511.89724289038,0.003,0.001,0.004,0.004,0.0007,0.006627425127149285,0.0014,0.03,0.01
Vale Verde IV,2026-10,COD,0.8,0.8,213.76,136.80640000000002,55309.71389166785,82017.70829311162,0.003,0.001,0.004,0.004,0.0007,0.006627425127149285,0.0014,0.03,-0.005
Vale Verde IV,2026-11,COD,0.8,0.82,246.79,161.89424,70622.67386217731,95420.26425635483,0.003,0.001,0.004,0.004,0.0007,0.006627425127149285,0.0014,0.03,-0.01
Vale Verde IV,2026-12,COD,0.8,0.89,225.42,160.49904,69771.08035110364,97642.96496568204,0.003,0.001,0.004,0.004,0.0007,0.006627425127149285,0.0014,0.03,-0.01
Vale Verde V,2026-01,COD,0.8,1.008004151971551,225.47,181.8197569160205,82784.68712943076,84743.29472057449,0.007,0.0021,0.007,0.007,0.0007,0.006795848028448899,0.0014,0.01,-0.05
Vale Verde V,2026-02,COD,0.8,0.9280041519715511,213.36,158.39917269172014,68489.37638475695,71781.63390522354,0.007,0.0021,0.007,0.007,0.0007,0.006795848028448899,0.0014,0.01,0.03
Vale Verde V,2026-03,COD,0.8,0.8954218158852539,241.88,173.2677030610602,77564.73761019559,85322.85758469225,0.007,0.0021,0,0.007,0.0007,0.006795848028448899,0.0014,0.03,0.04958233608629717
Vale Verde V,2026-04,COD,0.95,0.9180041519715512,205.55,179.26096576586474,81222.86807863845,60885.87668897511,0.007,0.0021,0.007,0.007,0.0007,0.006795848028448899,0.0014,0.02,0.03
Vale Verde V,2026-05,COD,0.8,0.9591041519715511,162.88,124.975107418501,48088.20300432641,59770.8831170692,0.003,0.001,0.004,0.004,0.0007,0.006795848028448899,0.0014,0.02,0
Vale Verde V,2026-06,COD,0.8,0.9,156.95,113.004,40781.35280509943,44828.61648742057,0.003,0.001,0.01,0.004,0.0007,0.006795848028448899,0.0014,0.03,0.01
Vale Verde V,2026-07,COD,0.8,0.7972602739726028,165.57,105.60190684931509,36263.30915867867,52880.69575942992,0.003,0.001,0.004,0.004,0.0007,0.006795848028448899,0.0014,0.03,0.02
Vale Verde V,2026-08,COD,0.8,0.78,213.84,133.43616000000003,53252.60773143207,84858.69112045024,0.003,0.001,0.004,0.004,0.0007,0.006795848028448899,0.0014,0.03,0.01
Vale Verde V,2026-09,COD,0.8,0.78,211.85,132.1944,52494.669974615215,79730.11647179673,0.003,0.001,0.004,0.004,0.0007,0.006795848028448899,0.0014,0.03,0.01
Vale Verde V,2026-10,COD,0.8,0.8,229.93,147.15520000000004,61626.35016417313,80503.6670988356,0.003,0.001,0.004,0.004,0.0007,0.006795848028448899,0.0014,0.03,-0.005
Vale Verde V,2026-11,COD,0.8,0.82,245.52,161.06112000000002,70114.15925069101,94867.31008105405,0.003,0.001,0.004,0.004,0.0007,0.006795848028448899,0.0014,0.03,-0.01
Vale Verde V,2026-12,COD,0.8,0.89,221.01,157.35912000000002,67854.55548205943,97239.26720981003,0.003,0.001,0.004,0.004,0.0007,0.006795848028448899,0.0014,0.03,-0.01
Aurora,2026-01,COD,0,1.0108,603,0,-70187.80058479533,0,0.007,0.0021,0.007,0.007,0.0007,0.004,0.0014,0.01,-0.05
Aurora,2026-02,COD,0,0.9308,548.26,0,-70187.80058479533,0,0.007,0.0021,0.007,0.007,0.0007,0.004,0.0014,0.01,0.03
Aurora,2026-03,COD,0,0.8637572939793652,592.73,0,-70187.80058479533,0,0.007,0.0021,0.007,0.007,0.0007,0.004,0.0014,0.01,0.09704270602063489
Aurora,2026-04,COD,0.2,0.9208000000000001,512.42,94.36726719999996,-23078.43402408174,0,0.007,0.0021,0.007,0.007,0.0007,0.004,0.0014,0.01,0.04
Aurora,2026-05,COD,0,0.5729,406,0,-70187.80058479533,0,0.003,0.001,0.004,0.4,0.0007,0.007,0.0014,0.01,0
Aurora,2026-06,COD,0,0.65,367.84,0,-70187.80058479535,0,0.003,0.001,0.01,0.4,0.0007,0.007,0.0014,0.01,0.01
Aurora,2026-07,COD,0,0.7334514326881253,424.17,0,-70187.80058479535,0,0.003,0.001,0.004,0.4,0.0007,0.007,0.0014,0.01,0.02
Aurora,2026-08,COD,0,0.73,519.41,0,-70187.80058479533,20902.97485854845,0.003,0.001,0.004,0.004,0.0007,0.007,0.0014,0.01,0.01
Aurora,2026-09,COD,0,0.73,531.47,0,-70187.80058479533,42263.22713881511,0.003,0.001,0.004,0.004,0.0007,0.007,0.0014,0.01,0.01
Aurora,2026-10,COD,0,0.75,581.72,0,-70187.80058479533,74641.5208855175,0.003,0.001,0.004,0.004,0.0007,0.007,0.0014,0.01,-0.005
Aurora,2026-11,COD,0.3,0.8,522.86,125.4864,-7543.358381595317,106452.56186423247,0.003,0.001,0.004,0.004,0.0007,0.007,0.0014,0.01,-0.01
Aurora,2026-12,COD,0.3,0.85,648.79,165.44145000000003,12402.721994054707,142698.47842115653,0.003,0.001,0.004,0.004,0.0007,0.007,0.0014,0.01,-0.01
Falcão 05,2026-01,COD,0.75,0.9408,207.6,146.48256,70084.87947679328,0,0.007,0.0021,0.007,0.007,0.0007,0.004,0.0014,0.01,0.02
Falcão 05,2026-02,COD,0.75,0.9608,181.84,131.033904,56500.834625930795,0,0.007,0.0021,0.007,0.007,0.0007,0.004,0.0014,0.01,0
Falcão 05,2026-03,COD,0,0.9608,198.92,0,-58717.6302631579,0,0.007,0.0021,0.007,0.007,0.0007,0.004,0.0014,0.01,0
Falcão 05,2026-04,COD,0,0.9408,185.76,0,-58717.6302631579,85360.79959993178,0.007,0.0021,0.007,0.007,0.0007,0.004,0.0014,0.01,0.02
Falcão 05,2026-05,COD,0,0.9959,239.71,0,-58717.6302631579,102246.10200512508,0.003,0.001,0.004,0.004,0.0007,0,0.0014,0.01,-0.02
Falcão 05,2026-06,COD,0,0.9,254.1,0,-58717.6302631579,112844.97927575541,0.003,0.001,0.01,0.004,0.0007,0.003,0.0014,0.01,-0.02
Falcão 05,2026-07,COD,0,0.8736717827626919,268.66,0,-58717.6302631579,120190.63002245224,0.003,0.001,0.004,0.004,0.0007,0.003,0.0014,0.01,0.02
Falcão 05,2026-08,COD,0,0.88,282.87,0,-58717.6302631579,128664.4349195234,0.003,0.001,0.004,0.004,0.0007,0,0.0014,0.01,0.01
Falcão 05,2026-09,COD,0,0.9,251.1,0,-58717.6302631579,107679.34852801179,0.003,0.001,0.004,0.004,0.0007,0,0.0014,0.01,0.02
Falcão 05,2026-10,COD,0.75,0.9,233.17,157.38975,79675.6010358,95458.55347180468,0.003,0.001,0.004,0.004,0.0007,0,0.0014,0.01,0.01
Falcão 05,2026-11,COD,0.75,0.91,209.63,143.072475,67086.3825470116,82711.9441971718,0.003,0.001,0.004,0.004,0.0007,0,0.0014,0.01,0.005
Falcão 05,2026-12,COD,0.75,0.93,208.16,145.19160000000002,68949.73486999582,83304.65576461307,0.003,0.001,0.004,0.004,0.0007,0,0.0014,0.01,-0.01
Buriti,2026-01,COD,0,0.9874339607362483,1133.1,0,-75028.9331642359,-51540.46076384478,0.007,0.0021,0.007,0.007,0.0007,0.007366039263751631,0.0014,0.01,-0.030000000000000002
Buriti,2026-02,COD,0,0.9374339607362484,1078.6,0,-75028.9331642359,-53776.71244948008,0.007,0.0021,0.007,0.007,0.0007,0.007366039263751631,0.0014,0.01,0.02
Buriti,2026-03,COD,0,0.9175274202887438,1172.9,0,-75028.9331642359,-51892.338211407536,0.007,0.0021,0.045200000000000004,0.007,0.0007,0.007366039263751631,0.0014,0.03,-0.01829345955249541
Buriti,2026-04,COD,0.3,0.9104339607362484,1094.1,298.83173893245885,122505.42056837585,-38658.77728564199,0.007,0.0021,0.024,0.007,0.0007,0.007366039263751631,0.0014,0.01,0.03
Buriti,2026-05,COD,0.2,0.9985339607362483,998.95,199.497100015495,56843.0388822066,-26955.766823401325,0.003,0.001,0.004,0.004,0.0007,0.007366039263751631,0.0014,0.02,-0.04
Buriti,2026-06,COD,0.25,0.9,924.48,208.00800000000004,62468.9310117641,-16502.868037239532,0.003,0.001,0.004,0.004,0.0007,0.007366039263751631,0.0014,0.01,-0.02
Buriti,2026-07,COD,0.3,0.7596486673589476,938.65,213.91326648494288,66372.44207417395,11693.615735048894,0.003,0.001,0.004,0.004,0.0007,0.007366039263751631,0.0014,0.01,0.02
Buriti,2026-08,COD,0.45,0.85,1120.3,428.51474999999994,208228.743910264,45115.65733486018,0.003,0.001,0.004,0.004,0.0007,0.007366039263751631,0.0014,0.01,0.02
Buriti,2026-09,COD,0.45,0.85,1125.9,430.65675,209644.653034264,38298.690694963676,0.003,0.001,0.004,0.004,0.0007,0.007366039263751631,0.0014,0.01,0.02
Buriti,2026-10,COD,0.45,0.87,1202,470.58299999999997,236036.782661764,87475.83521066327,0.003,0.001,0.004,0.004,0.0007,0.007366039263751631,0.0014,0.01,0.005
Buriti,2026-11,COD,0.5,0.88,1159.4,510.136,262182.18582776404,99456.98434554075,0.003,0.001,0.004,0.004,0.0007,0.007366039263751631,0.0014,0.01,-0.01
Buriti,2026-12,COD,0.55,0.89,1191.4,583.1903,310472.685322364,113451.14307286497,0.003,0.001,0.004,0.004,0.0007,0.007366039263751631,0.0014,0.01,-0.02
Quartzo,2026-01,COD,0,0.9910005143029841,1137.3,0,-75028.93316423584,-51452.371860317886,0.007,0.0021,0.007,0.007,0.0007,0.003799485697015919,0.0014,0.01,-0.030000000000000002
Quartzo,2026-02,COD,0,0.941000514302984,1122.8,0,-75028.9331642359,-54292.624635168,0.007,0.0021,0.007,0.007,0.0007,0.003799485697015919,0.0014,0.01,0.02
Quartzo,2026-03,COD,1e-07,0.9587761782931014,1170.8,0.00011225351499888347,-75028.86139867792,-52143.32251795847,0.007,0.0021,0.0378,0.007,0.0007,0.003799485697015919,0.0014,0.03,-0.04857566399011729
Quartzo,2026-04,COD,1e-07,0.931000514302984,1010.9,9.411484188603936e-05,-75028.87299503642,-40694.3398579926,0.007,0.0021,0.007,0.007,0.0007,0.003799485697015919,0.0014,0.01,0.03
Quartzo,2026-05,COD,1e-07,1.0021005143029842,1017.9,0.00010200381132108305,-75028.86795148562,-23828.195036055055,0.003,0.001,0.004,0.004,0.0007,0.003799485697015919,0.0014,0.02,-0.04
Quartzo,2026-06,COD,1e-07,0.9,928.88,8.359919991107745e-05,-75028.87971786293,-12676.296419267775,0.003,0.001,0.004,0.004,0.0007,0.003799485697015919,0.0014,0.01,-0.02
Quartzo,2026-07,COD,1e-07,0.7654379467746103,958.91,7.339861008404114e-05,-75028.88623927138,9455.286693470902,0.003,0.001,0.004,0.004,0.0007,0.003799485697015919,0.0014,0.01,0.02
Quartzo,2026-08,COD,1e-07,0.8,1183.2,9.465599998748075e-05,-75028.87264906487,37893.45586064097,0.003,0.001,0.004,0.004,0.0007,0.003799485697015919,0.0014,0.01,0.02
Quartzo,2026-09,COD,1e-07,0.8,1080.5,8.643999990454176e-05,-75028.87790169171,56982.581409339095,0.003,0.001,0.004,0.004,0.0007,0.003799485697015919,0.0014,0.01,0.02
Quartzo,2026-10,COD,1e-07,0.85,1181.7,0.0001004444999352927,-75028.86894837965,83205.27232982614,0.003,0.001,0.004,0.004,0.0007,0.003799485697015919,0.0014,0.01,0.005
Quartzo,2026-11,COD,0.25,0.87,1194.1,259.71675000000005,91012.34835216415,93651.1186835157,0.003,0.001,0.004,0.004,0.0007,0.003799485697015919,0.0014,0.01,-0.01
Quartzo,2026-12,COD,0.5,0.89,1208.6,537.827,268812.9034293641,114526.13953421207,0.003,0.001,0.004,0.004,0.0007,0.003799485697015919,0.0014,0.01,-0.02
Campo Belo,2026-01,CONST,0,0.9908,1022.48,0,0,0,0.007,0.0021,0.007,0.007,0.0007,0.004,0.0014,0.01,-0.030000000000000002
Campo Belo,2026-02,CONST,0,0.9408,977.62,0,0,0,0.007,0.0021,0.007,0.007,0.0007,0.004,0.0014,0.01,0.02
Campo Belo,2026-03,CONST,0,0.9608,1049.0900000000001,0,0,0,0.007,0.0021,0.007,0.007,0.0007,0.004,0.0014,0.01,0
Campo Belo,2026-04,CONST,0,0.9477,1058.87,0,0,0,0.007,0.0021,0.007,0.007,0.0007,0.0071,0.0014,0.01,0.01
Campo Belo,2026-05,CONST,0,0.9989,1058.0900000000001,0,0,0,0.003,0.001,0.004,0.004,0.0007,0.007,0.0014,0.02,-0.04
Campo Belo,2026-06,CONST,0,0,985.63,0,0,0,0.003,0.001,0.01,0.004,0.0007,0.003,0.0014,0.01,-0.02
Campo Belo,2026-07,CONST,0,0,1098.96,0,0,0,0.003,0.001,0.004,0.004,0.0007,0.003,0.0014,0.01,0.02
Campo Belo,2026-08,CONST,0,0,1241.15,0,0,0,0.003,0.001,0.004,0.004,0.0007,0.007,0.0014,0.01,0.02
Campo Belo,2026-09,CONST,0,0,1122.6,0,0,0,0.003,0.001,0.004,0.004,0.0007,0.007,0.0014,0.01,0.02
Campo Belo,2026-10,CONST,0,0,1139.2,0,0,0,0.003,0.001,0.004,0.004,0.0007,0.007,0.0014,0.01,0.005
Campo Belo,2026-11,CONST,0,0,987.5600000000001,0,0,0,0.003,0.001,0.004,0.004,0.0007,0.007,0.0014,0.01,-0.01
Campo Belo,2026-12,CONST,0,0,1072.01,0,0,0,0.003,0.001,0.004,0.004,0.0007,0.007,0.0014,0.01,-0.02
Sertão 01,2026-01,COD,0.95,0.894939976436691,608.9,517.682504069686,276753.6777784592,270839.5290738833,0.007,0.0021,0.007,0.007,0.0007,0.009860023563308985,0.0014,0.01,0.06
Sertão 01,2026-02,COD,0.95,0.934939976436691,535.52,475.6451033723079,250875.427359216,249850.17219107208,0.007,0.0021,0.007,0.007,0.0007,0.009860023563308985,0.0014,0.01,0.02
Sertão 01,2026-03,COD,0.98,0.9035248281694522,567.8,502.76096948592266,267567.97166456736,251656.36293506093,0.007,0.0021,0.007,0.007,0.0007,0.009860023563308985,0.0014,0.01,0.05141514826723879
Sertão 01,2026-04,COD,0.98,0.944939976436691,525.32,486.4679510532881,257537.97922711013,243947.55319288973,0.007,0.0021,0.007,0.007,0.0007,0.009860023563308985,0.0014,0.01,0.01
Sertão 01,2026-05,COD,1,0.945039976436691,586.82,554.5683589725791,299460.6333530096,277578.8761550513,0.05,0.005,0.004,0.004,0.0007,0.009860023563308985,0.0014,0.02,-0.04
Sertão 01,2026-06,COD,0.95,0.654039976436691,562.37,349.42183847126677,173172.30576617824,243994.64855723694,0.05,0.01,0.28,0.004,0.0007,0.009860023563308985,0.0014,0.01,-0.02
Sertão 01,2026-07,COD,1,0.7268681206323238,624.17,453.6892748550775,237359.40545716984,301149.53443287767,0.05,0.001,0.004,0.004,0.0007,0.009860023563308985,0.0014,0.01,-0.01
Sertão 01,2026-08,COD,1,0.8,697.94,558.3520000000001,301789.845159158,337185.90896382404,0.003,0.001,0.004,0.004,0.0007,0.009860023563308985,0.0014,0.01,-0.01
Sertão 01,2026-09,COD,1,0.83,697.4,578.842,314403.5021002105,335663.1588499313,0.003,0.001,0.004,0.004,0.0007,0.009860023563308985,0.0014,0.01,-0.01
Sertão 01,2026-10,COD,1,0.85,634.31,539.1634999999999,289977.3924401052,310289.2231033121,0.003,0.001,0.004,0.004,0.0007,0.009860023563308985,0.0014,0.01,-0.02
Sertão 01,2026-11,COD,1,0.88,684.07,601.9816000000001,328648.2544746948,321311.2885410929,0.003,0.001,0.004,0.004,0.0007,0.009860023563308985,0.0014,0.01,-0.02
Sertão 01,2026-12,COD,1,0.9,655.76,590.184,321385.64446357894,310198.93151100166,0.003,0.001,0.004,0.004,0.0007,0.009860023563308985,0.0014,0.01,-0.03
Sertão 02,2026-01,COD,0.95,0.9021195378079243,594.3,509.32315925328686,271607.6598298977,260755.19019140932,0.007,0.0021,0.007,0.007,0.0007,0.0026804621920757435,0.0014,0.01,0.06
Sertão 02,2026-02,COD,0.95,0.9421195378079242,546.2,488.8564069731538,259008.3141998779,249091.69909511338,0.007,0.0021,0.007,0.007,0.0007,0.0026804621920757435,0.0014,0.01,0.02
Sertão 02,2026-03,COD,0.98,0.8728714898689374,539.94,461.8722675950374,242396.8609560951,233694.29751908936,0.007,0.0021,0.037,0.007,0.0007,0.0026804621920757435,0.0014,0.01,0.059248047938986914
Sertão 02,2026-04,COD,0.98,0.9215195378079243,478.47,432.1010641898584,224069.6893370016,213503.3021034125,0.007,0.0021,0.0376,0.007,0.0007,0.0026804621920757435,0.0014,0.01,0.01
Sertão 02,2026-05,COD,0.98,0.9286195378079243,580.59,528.3642731067847,283329.3815440776,267715.29928530054,0.04,0.005,0.0376,0.004,0.0007,0.0026804621920757435,0.0014,0.02,-0.04
Sertão 02,2026-06,COD,0.95,0.9,527.66,451.1493,235795.79533218947,240054.62195871177,0.04,0.01,0.0376,0.004,0.0007,0.0026804621920757435,0.0014,0.01,-0.02
Sertão 02,2026-07,COD,0.98,0.9020960466967366,611.3,540.4222870788007,290752.3025608384,287012.0211250518,0.04,0.001,0.0376,0.004,0.0007,0.0026804621920757435,0.0014,0.01,-0.01
Sertão 02,2026-08,COD,0.98,0.85,666.43,555.1361899999999,299810.19049212,311822.72440558375,0.003,0.001,0.004,0.004,0.0007,0.0026804621920757435,0.0014,0.01,-0.01
Sertão 02,2026-09,COD,0.98,0.87,698.07,595.174482,324457.7883346623,327761.88882798055,0.003,0.001,0.004,0.004,0.0007,0.0026804621920757435,0.0014,0.01,-0.01
Sertão 02,2026-10,COD,0.98,0.87,730.68,622.977768,341573.50875623245,344815.6435399277,0.003,0.001,0.004,0.004,0.0007,0.0026804621920757435,0.0014,0.01,-0.02
Sertão 02,2026-11,COD,0.98,0.88,681.42,587.656608,319829.7803521314,311864.26350058377,0.003,0.001,0.004,0.004,0.0007,0.0026804621920757435,0.0014,0.01,-0.02
Sertão 02,2026-12,COD,0.98,0.93,658.46,600.1204440000001,327502.5256656279,304127.8540759854,0.003,0.001,0.004,0.004,0.0007,0.0026804621920757435,0.0014,0.01,-0.03
Sertão 06,2026-01,COD,0,0.9038,533.3,0,-41931.99868421053,0,0.007,0.0021,0.007,0.007,0.0007,0.001,0.0014,0.01,0.06
Sertão 06,2026-02,COD,0,0.9438,500.78,0,-41931.99868421053,0,0.007,0.0021,0.007,0.007,0.0007,0.001,0.0014,0.01,0.02
Sertão 06,2026-03,COD,0.1,0.944,556.26,52.510943999999995,-14569.062998608919,0,0.007,0.0021,0.007,0.007,0.0007,0.0008,0.0014,0.01,0.02
Sertão 06,2026-04,COD,0.15000000000000002,0.9538,512.44,73.31479080000003,-3728.3833490198886,-8573.880873556831,0.007,0.0021,0.007,0.007,0.0007,0.001,0.0014,0.01,0.01
Sertão 06,2026-05,COD,0.1,1.0049,568.93,57.17177570000001,-12140.349508931162,9192.86209827775,0.003,0.001,0.004,0.004,0.0007,0.001,0.0014,0.02,-0.04
Sertão 06,2026-06,COD,0.15,0.9,537.17,72.51794999999998,-4143.609241018043,19126.478658176347,0.003,0.001,0.01,0.004,0.0007,0.001,0.0014,0.01,-0.02
Sertão 06,2026-07,COD,0.15,0.8451700578960106,590.59,74.87234767392073,-2916.7558039550204,40576.92058899536,0.003,0.001,0.004,0.004,0.0007,0.001,0.0014,0.01,-0.01
Sertão 06,2026-08,COD,0.15,0.9,633.55,85.52924999999999,2636.451027676958,65927.07768187136,0.003,0.001,0.004,0.004,0.0007,0.001,0.0014,0.01,-0.01
Sertão 06,2026-09,COD,0.15,0.9,620.49,83.76615000000004,1717.716984211991,80670.14060719372,0.003,0.001,0.004,0.004,0.0007,0.001,0.0014,0.01,-0.01
Sertão 06,2026-10,COD,0.15,0.9,689.91,93.13784999999996,6601.217542966944,101922.15857481534,0.003,0.001,0.004,0.004,0.0007,0.001,0.0014,0.01,-0.02
Sertão 06,2026-11,COD,0.15,0.9,619.78,83.6703,1667.7704933344794,99420.35729866737,0.003,0.001,0.004,0.004,0.0007,0.001,0.0014,0.01,-0.02
Sertão 06,2026-12,COD,0.15,0.92,483.83,66.76854000000003,-7139.5701603295165,94663.55638222824,0.003,0.001,0.004,0.004,0.0007,0.001,0.0014,0.01,-0.03
Sertão 07,2026-01,CONST,0,0.9008,528.2,0,0,0,0.007,0.0021,0.007,0.007,0.0007,0.004,0.0014,0.01,0.06
Sertão 07,2026-02,CONST,0,0.9408,502.37,0,0,0,0.007,0.0021,0.007,0.007,0.0007,0.004,0.0014,0.01,0.02
Sertão 07,2026-03,CONST,0,0.9408,482,0,0,0,0.007,0.0021,0.007,0.007,0.0007,0.004,0.0014,0.01,0.02
Sertão 07,2026-04,CONST,0,0.9408,513.38,0,0,0,0.007,0.0021,0.007,0.007,0.0007,0.004,0.0014,0.01,0.02
Sertão 07,2026-05,CONST,0,0.9989,570.6,0,0,0,0.003,0.001,0.004,0.004,0.0007,0.007,0.0014,0.02,-0.04
Sertão 07,2026-06,CONST,0,0,539.82,0,0,0,0.003,0.001,0.01,0.004,0.0007,0.003,0.0014,0.01,-0.02
Sertão 07,2026-07,CONST,0,0,593.9,0,0,0,0.003,0.001,0.004,0.004,0.0007,0.003,0.0014,0.01,-0.01
Sertão 07,2026-08,CONST,0,0,634.88,0,0,0,0.003,0.001,0.004,0.004,0.0007,0.007,0.0014,0.01,-0.01
Sertão 07,2026-09,COD,0,0.3,666.29,0,-41931.99868421053,0,0.003,0.001,0.004,0.004,0.0007,0.007,0.0014,0.01,-0.01
Sertão 07,2026-10,COD,0,0.5,691.92,0,-41931.99868421053,0,0.003,0.001,0.004,0.004,0.0007,0.007,0.0014,0.01,-0.02
Sertão 07,2026-11,COD,0.1,0.7,580.98,40.66859999999997,-20106.07717793685,0,0.003,0.001,0.004,0.004,0.0007,0.007,0.0014,0.01,-0.02
Sertão 07,2026-12,COD,0.2,0.8,537.03,85.9248,4181.90590661054,0,0.003,0.001,0.004,0.004,0.0007,0.007,0.0014,0.01,-0.03
Sertão 09,2026-01,CONST,0.5,0.9008,490.5,220.9212,0,0,0.007,0.0021,0.007,0.007,0.0007,0.004,0.0014,0.01,0.06
Sertão 09,2026-02,CONST,0.5,0.9408,449.97,211.665888,0,0,0.007,0.0021,0.007,0.007,0.0007,0.004,0.0014,0.01,0.02
Sertão 09,2026-03,CONST,0,0.9408,505.96,0,0,0,0.007,0.0021,0.007,0.007,0.0007,0.004,0.0014,0.01,0.02
Sertão 09,2026-04,CONST,0,0.9408,474.67,0,0,0,0.007,0.0021,0.007,0.007,0.0007,0.004,0.0014,0.01,0.02
Sertão 09,2026-05,CONST,0,0.9989,479.76,0,0,0,0.003,0.001,0.004,0.004,0.0007,0.007,0.0014,0.02,-0.04
Sertão 09,2026-06,CONST,0,0,494.81,0,0,0,0.003,0.001,0.01,0.004,0.0007,0.003,0.0014,0.01,-0.02
Sertão 09,2026-07,CONST,0,0,566.56,0,0,0,0.003,0.001,0.004,0.004,0.0007,0.003,0.0014,0.01,-0.01
Sertão 09,2026-08,CONST,0,0,646.37,0,0,0,0.003,0.001,0.004,0.004,0.0007,0.007,0.0014,0.01,-0.01
Sertão 09,2026-09,COD,0,0.3,606.41,0,-41931.99868421053,0,0.003,0.001,0.004,0.004,0.0007,0.007,0.0014,0.01,-0.01
Sertão 09,2026-10,COD,0,0.5,629.86,0,-41931.99868421053,0,0.003,0.001,0.004,0.004,0.0007,0.007,0.0014,0.01,-0.02
Sertão 09,2026-11,COD,0,0.7,564.17,0,-41931.99868421053,0,0.003,0.001,0.004,0.004,0.0007,0.007,0.0014,0.01,-0.02
Sertão 09,2026-12,COD,0,0.8,522.12,0,-41931.99868421053,0,0.003,0.001,0.004,0.004,0.0007,0.007,0.0014,0.01,-0.03
Sertão 15,2026-01,COD,0.1,0.8969801669297989,220.67,19.793661343639855,-7201.600563135929,31037.660447056827,0.007,0.0021,0.007,0.007,0.0007,0.00781983307020117,0.0014,0.01,0.06
Sertão 15,2026-02,COD,0.15,0.9369801669297988,201.57,28.330063837205927,-3041.380539695245,28753.582879310423,0.007,0.0021,0.007,0.007,0.0007,0.00781983307020117,0.0014,0.01,0.02
Sertão 15,2026-03,COD,0.05,0.9320034457807151,225.08,10.48876677881617,-11736.345581750022,32024.464295586033,0.007,0.0021,0.007,0.007,0.0007,0.00781983307020117,0.0014,0.01,0.024976721149083676
Sertão 15,2026-04,COD,0.1,0.9469801669297988,181,17.14034102142935,-8494.697548825374,30292.232710226424,0.007,0.0021,0.007,0.007,0.0007,0.00781983307020117,0.0014,0.01,0.01
Sertão 15,2026-05,COD,0.15,0.9980801669297988,221.98,33.23307531826151,-651.895442897061,33488.42804081102,0.003,0.001,0.004,0.004,0.0007,0.00781983307020117,0.0014,0.02,-0.04
Sertão 15,2026-06,COD,0.2,0.9,192.23,34.601399999999984,14.958274910517503,25935.056143587026,0.003,0.001,0.01,0.004,0.0007,0.00781983307020117,0.0014,0.01,-0.02
Sertão 15,2026-07,COD,0.15,0.9403097981584562,203.97,28.769248429557052,-2827.343709020628,29922.306122186426,0.003,0.001,0.004,0.004,0.0007,0.00781983307020117,0.0014,0.01,-0.01
Sertão 15,2026-08,COD,0.15,0.9,254.48,34.35480000000001,-105.22235838946654,41051.12508852543,0.003,0.001,0.004,0.004,0.0007,0.00781983307020117,0.0014,0.01,-0.01
Sertão 15,2026-09,COD,0,0.9,257.69,0,-16848.051315789475,41829.77515447383,0.003,0.001,0.004,0.004,0.0007,0.00781983307020117,0.0014,0.01,-0.01
Sertão 15,2026-10,COD,0,0.9,269.41,0,-16848.051315789475,40736.40125947443,0.003,0.001,0.004,0.004,0.0007,0.00781983307020117,0.0014,0.01,-0.02
Sertão 15,2026-11,COD,0.25,0.9,255.44,57.47399999999999,11161.931321210519,37094.44241630703,0.003,0.001,0.004,0.004,0.0007,0.00781983307020117,0.0014,0.01,-0.02
Sertão 15,2026-12,COD,0.5,0.92,242.59,111.59140000000001,37536.07326991053,37711.114381357824,0.003,0.001,0.004,0.004,0.0007,0.00781983307020117,0.0014,0.01,-0.03
Sertão 17,2026-01,CONST,0,0.9008,518.9,0,0,0,0.007,0.0021,0.007,0.007,0.0007,0.004,0.0014,0.01,0.06
Sertão 17,2026-02,CONST,0,0.9408,500.7,0,0,0,0.007,0.0021,0.007,0.007,0.0007,0.004,0.0014,0.01,0.02
Sertão 17,2026-03,CONST,0,0.9608,529.53,0,0,0,0.007,0.0021,0.007,0.007,0.0007,0.004,0.0014,0.01,0
Sertão 17,2026-04,CONST,0,0.9408,484.51,0,0,0,0.007,0.0021,0.007,0.007,0.0007,0.004,0.0014,0.01,0.02
Sertão 17,2026-05,CONST,0,0.9989,543,0,0,0,0.003,0.001,0.004,0.004,0.0007,0.007,0.0014,0.02,-0.04
Sertão 17,2026-06,CONST,0,0,524.26,0,0,0,0.003,0.001,0.01,0.004,0.0007,0.003,0.0014,0.01,-0.02
Sertão 17,2026-07,CONST,0,0,531.4,0,0,0,0.003,0.001,0.004,0.004,0.0007,0.003,0.0014,0.01,-0.01
Sertão 17,2026-08,CONST,0,0,655.95,0,0,0,0.003,0.001,0.004,0.004,0.0007,0.007,0.0014,0.01,-0.01
Sertão 17,2026-09,CONST,0,0,661.74,0,0,0,0.003,0.001,0.004,0.004,0.0007,0.007,0.0014,0.01,-0.01
Sertão 17,2026-10,COD,0.4,0.3,672.7,80.724,4066.5707605894713,161921.8540153889,0.003,0.001,0.004,0.004,0.0007,0.007,0.0014,0.01,-0.02
Sertão 17,2026-11,COD,0.4,0.5,534.62,106.924,18995.991000589478,141513.63784809294,0.003,0.001,0.004,0.004,0.0007,0.007,0.0014,0.01,-0.02
Sertão 17,2026-12,COD,0.7,0.7,553.22,271.0778,112534.9629163495,208656.1729892753,0.003,0.001,0.004,0.004,0.0007,0.007,0.0014,0.01,-0.03
Sertão 18,2026-01,CONST,0.5,0.9008,545.6,245.73824000000002,0,0,0.007,0.0021,0.007,0.007,0.0007,0.004,0.0014,0.01,0.06
Sertão 18,2026-02,CONST,0.5,0.9408,464.95,218.71248,0,0,0.007,0.0021,0.007,0.007,0.0007,0.004,0.0014,0.01,0.02
Sertão 18,2026-03,CONST,0,0.9608,496.14,0,0,0,0.007,0.0021,0.007,0.007,0.0007,0.004,0.0014,0.01,0
Sertão 18,2026-04,CONST,0,0.9408,471.25,0,0,0,0.007,0.0021,0.007,0.007,0.0007,0.004,0.0014,0.01,0.02
Sertão 18,2026-05,CONST,0,0.9989,535.62,0,0,0,0.003,0.001,0.004,0.004,0.0007,0.007,0.0014,0.02,-0.04
Sertão 18,2026-06,CONST,0,0,533.61,0,0,0,0.003,0.001,0.01,0.004,0.0007,0.003,0.0014,0.01,-0.02
Sertão 18,2026-07,CONST,0,0,581.31,0,0,0,0.003,0.001,0.004,0.004,0.0007,0.003,0.0014,0.01,-0.01
Sertão 18,2026-08,CONST,0,0,681.36,0,0,0,0.003,0.001,0.004,0.004,0.0007,0.007,0.0014,0.01,-0.01
Sertão 18,2026-09,CONST,0,0,619.01,0,0,0,0.003,0.001,0.004,0.004,0.0007,0.007,0.0014,0.01,-0.01
Sertão 18,2026-10,CONST,0,0,663.61,0,0,0,0.003,0.001,0.004,0.004,0.0007,0.007,0.0014,0.01,-0.02
Sertão 18,2026-11,CONST,0,0,591.2,0,0,0,0.003,0.001,0.004,0.004,0.0007,0.007,0.0014,0.01,-0.02
Sertão 18,2026-12,CONST,0,0,572.71,0,0,0,0.003,0.001,0.004,0.004,0.0007,0.007,0.0014,0.01,-0.03
Sertão 19,2026-01,CONST,0.5,0.9008,556.2,250.51248000000004,0,0,0.007,0.0021,0.007,0.007,0.0007,0.004,0.0014,0.01,0.06
Sertão 19,2026-02,CONST,0.5,0.9408,482.92,227.165568,0,0,0.007,0.0021,0.007,0.007,0.0007,0.004,0.0014,0.01,0.02
Sertão 19,2026-03,CONST,0,0.9608,514.54,0,0,0,0.007,0.0021,0.007,0.007,0.0007,0.004,0.0014,0.01,0
Sertão 19,2026-04,CONST,0,0.9408,495.93,0,0,0,0.007,0.0021,0.007,0.007,0.0007,0.004,0.0014,0.01,0.02
Sertão 19,2026-05,CONST,0,0.9989,565.55,0,0,0,0.003,0.001,0.004,0.004,0.0007,0.007,0.0014,0.02,-0.04
Sertão 19,2026-06,CONST,0,0,570.66,0,0,0,0.003,0.001,0.01,0.004,0.0007,0.003,0.0014,0.01,-0.02
Sertão 19,2026-07,CONST,0,0,619.35,0,0,0,0.003,0.001,0.004,0.004,0.0007,0.003,0.0014,0.01,-0.01
Sertão 19,2026-08,CONST,0,0,662.65,0,0,0,0.003,0.001,0.004,0.004,0.0007,0.007,0.0014,0.01,-0.01
Sertão 19,2026-09,CONST,0,0,685.18,0,0,0,0.003,0.001,0.004,0.004,0.0007,0.007,0.0014,0.01,-0.01
Sertão 19,2026-10,CONST,0,0,681.53,0,0,0,0.003,0.001,0.004,0.004,0.0007,0.007,0.0014,0.01,-0.02
Sertão 19,2026-11,CONST,0,0,660.59,0,0,0,0.003,0.001,0.004,0.004,0.0007,0.007,0.0014,0.01,-0.02
Sertão 19,2026-12,CONST,0,0,567.39,0,0,0,0.003,0.001,0.004,0.004,0.0007,0.007,0.0014,0.01,-0.03
Sertão 22,2026-01,COD,0.1,0.9026423595712323,539.42,48.69033415999138,-16559.94515323048,-21282.542200526805,0.007,0.0021,0.007,0.007,0.0007,0.0021576404287676947,0.0014,0.01,0.06
Sertão 22,2026-02,COD,0.15000000000000002,0.9426423595712323,506.08,71.55786679977138,-4643.899139837653,-9771.230196524208,0.007,0.0021,0.007,0.007,0.0007,0.0021576404287676947,0.0014,0.01,0.02
Sertão 22,2026-03,COD,0.05,0.9443309123696387,551.81,26.054562037734513,-28355.22304378316,4162.7085290139075,0.007,0.0021,0.0105,0.007,0.0007,0.0021576404287676947,0.0014,0.01,0.014811447201593539
Sertão 22,2026-04,COD,0.1,0.9409423595712323,472.4,44.450117066145026,-18769.48051469546,13867.093781590753,0.007,0.0021,0.0187,0.007,0.0007,0.0021576404287676947,0.0014,0.01,0.01
Sertão 22,2026-05,COD,0.15000000000000002,1.0037423595712323,508.83,76.61013372309452,-2011.2126109231322,30794.573209289345,0.003,0.001,0.004,0.004,0.0007,0.0021576404287676947,0.0014,0.02,-0.04
Sertão 22,2026-06,COD,0.2,0.9,491.48,88.46639999999996,4166.970961749466,28083.28570420557,0.003,0.001,0.01,0.004,0.0007,0.0021576404287676947,0.0014,0.01,-0.02
Sertão 22,2026-07,COD,0.15,1.011231382762269,584.28,88.6263408480508,4250.314562251384,65497.35011182111,0.003,0.001,0.004,0.004,0.0007,0.0021576404287676947,0.0014,0.01,-0.01
Sertão 22,2026-08,COD,0.15,0.9,668,90.18,10807.123023789492,95434.65137864405,0.003,0.001,0.004,0.004,0.0007,0.0021576404287676947,0.0014,0.01,-0.01
Sertão 22,2026-09,COD,0.15,0.9,662.74,89.4699,10391.841915729456,109745.95983626094,0.003,0.001,0.004,0.004,0.0007,0.0021576404287676947,0.0014,0.01,-0.01
Sertão 22,2026-10,COD,0.15,0.9,679.13,91.68254999999999,11685.845216319489,136102.33205356525,0.003,0.001,0.004,0.004,0.0007,0.0021576404287676947,0.0014,0.01,-0.02
Sertão 22,2026-11,COD,0.15,0.9,642.81,86.77935000000002,8818.352850399504,106367.48860790479,0.003,0.001,0.004,0.004,0.0007,0.0021576404287676947,0.0014,0.01,-0.02
Sertão 22,2026-12,COD,0.15,0.92,592.05,81.7029,5849.540315529477,133170.8406145647,0.003,0.001,0.004,0.004,0.0007,0.0021576404287676947,0.0014,0.01,-0.03
Sertão 23,2026-01,COD,1,0.9017107599942099,519.37,468.3215174181928,214603.17864291466,182868.75761931823,0.007,0.0021,0.007,0.007,0.0007,0.0030892400057901037,0.0014,0.01,0.06
Sertão 23,2026-02,COD,1,0.94171075999421,516.29,486.1958482774106,224788.4227996346,208211.92788469998,0.007,0.0021,0.007,0.007,0.0007,0.0030892400057901037,0.0014,0.01,0.02
Sertão 23,2026-03,COD,1,0.9390357556696991,605.4,568.4922464824358,271682.9843660927,224203.4616624037,0.007,0.0021,0.0052,0.007,0.0007,0.0030892400057901037,0.0014,0.01,0.024475004324510767
Sertão 23,2026-04,COD,1,0.9517107599942098,481.98,458.7055521020093,209123.75928342732,200874.47011940624,0.007,0.0021,0.007,0.007,0.0007,0.0030892400057901037,0.0014,0.01,0.01
Sertão 23,2026-05,COD,1,1.00141075999421,561.9,562.6927060407465,268378.26007399906,217361.9533906385,0.003,0.001,0.0054,0.004,0.0007,0.0030892400057901037,0.0014,0.02,-0.04
Sertão 23,2026-06,COD,1,0.9,550.26,495.234,229938.58941258947,194950.3563139064,0.003,0.001,0.01,0.004,0.0007,0.0030892400057901037,0.0014,0.01,-0.02
Sertão 23,2026-07,COD,1,0.9940755279322502,603.5,599.924581107113,289593.92073006637,239948.87213554155,0.003,0.001,0.0054,0.004,0.0007,0.0030892400057901037,0.0014,0.01,-0.01
Sertão 23,2026-08,COD,1,0.9,695.73,626.157,304541.8140721895,279003.0229098325,0.003,0.001,0.004,0.004,0.0007,0.0030892400057901037,0.0014,0.01,-0.01
Sertão 23,2026-09,COD,1,0.9,687.92,619.1279999999999,300536.51274138945,275423.77521944535,0.003,0.001,0.004,0.004,0.0007,0.0030892400057901037,0.0014,0.01,-0.01
Sertão 23,2026-10,COD,1,0.9,731.19,658.071,322727.2155049895,295609.814437411,0.003,0.001,0.004,0.004,0.0007,0.0030892400057901037,0.0014,0.01,-0.02
Sertão 23,2026-11,COD,1,0.9,674.88,607.392,293849.0441941895,243111.5744725256,0.003,0.001,0.004,0.004,0.0007,0.0030892400057901037,0.0014,0.01,-0.02
Sertão 23,2026-12,COD,1,0.92,659.32,606.5744000000001,293383.15511066956,257345.38827049712,0.003,0.001,0.004,0.004,0.0007,0.0030892400057901037,0.0014,0.01,-0.03
Ventania I,2026-01,COD,0,0.983720687969835,112.71,0,-7585.775269499049,-5249.81777045659,0.007,0.0021,0.007,0.007,0.0007,0.011079312030164944,0.0014,0.01,-0.030000000000000002
Ventania I,2026-02,COD,0,0.9337206879698351,109.34,0,-7585.775269499049,-5428.788592996658,0.007,0.0021,0.007,0.007,0.0007,0.011079312030164944,0.0014,0.01,0.02
Ventania I,2026-03,COD,1e-07,0.992506850418083,120.94,1.2003377847236152e-05,-7585.767216576889,-5195.731736913702,0.007,0.0021,0.01,0.007,0.0007,0.011079312030164944,0.0014,0.01,-0.04178616244824785
Ventania I,2026-04,COD,1e-07,0.9237206879698351,113.72,1.0504551653411909e-05,-7585.768222121398,-3950.7365272000607,0.007,0.0021,0.007,0.007,0.0007,0.011079312030164944,0.0014,0.02,0.02
Ventania I,2026-05,COD,1e-07,0.994820687969835,105.37,1.0482425579994015e-05,-7585.768236965516,-2184.2899898207324,0.003,0.001,0.004,0.004,0.0007,0.011079312030164944,0.0014,0.02,-0.04
Ventania I,2026-06,COD,1e-07,0.9,89.61,8.064900001159003e-06,-7585.769858854415,-1049.9092192601602,0.003,0.001,0.01,0.004,0.0007,0.011079312030164944,0.0014,0.03,-0.02
Ventania I,2026-07,COD,1e-07,0.8704385671242049,99.21,8.635621014718708e-06,-7585.769475964538,885.9913734688234,0.003,0.001,0.004,0.004,0.0007,0.011079312030164944,0.0014,0.03,0.02
Ventania I,2026-08,COD,1e-07,0.8,121.11,9.688799991636188e-06,-7585.7687693994085,4012.4613176334387,0.003,0.001,0.004,0.004,0.0007,0.011079312030164944,0.0014,0.03,0.02
Ventania I,2026-09,COD,0.1,0.8,114.6,9.167999999999992,-1435.0740854990581,5858.402193781301,0.003,0.001,0.004,0.004,0.0007,0.011079312030164944,0.0014,0.03,0.02
Ventania I,2026-10,COD,0.2,0.83,118.18,19.61788,5575.625007940951,8422.487489085368,0.003,0.001,0.004,0.004,0.0007,0.011079312030164944,0.0014,0.03,0.005
Ventania I,2026-11,COD,0.3,0.85,107.05,27.29775,10727.957632500955,9682.01763654092,0.003,0.001,0.004,0.004,0.0007,0.011079312030164944,0.0014,0.03,-0.01
Ventania I,2026-12,COD,0.4,0.88,116.84,41.127680000000005,20006.29171034095,9669.983453206383,0.003,0.001,0.004,0.004,0.0007,0.011079312030164944,0.0014,0.03,-0.02
Ventania II,2026-01,COD,0,0.985941422318236,199.97,0,-13206.038427393782,-9060.652774046961,0.007,0.0021,0.007,0.007,0.0007,0.00885857768176404,0.0014,0.01,-0.030000000000000002
Ventania II,2026-02,COD,0,0.935941422318236,194.28,0,-13206.038427393796,-9376.826529248021,0.007,0.0021,0.007,0.007,0.0007,0.00885857768176404,0.0014,0.01,0.02
Ventania II,2026-03,COD,1e-07,0.9647275847664838,214.77,2.0719454340678567e-05,-13206.024526960508,-8966.68630132082,0.007,0.0021,0.04,0.007,0.0007,0.00885857768176404,0.0014,0.01,-0.04178616244824785
Ventania II,2026-04,COD,1e-07,0.925941422318236,202.63,1.8762351032819424e-05,-13206.025839957627,-6951.174219622131,0.007,0.0021,0.007,0.007,0.0007,0.00885857768176404,0.0014,0.02,0.02
Ventania II,2026-05,COD,1e-07,0.997041422318236,189.07,1.8851062151270526e-05,-13206.025780442418,-3530.3719126828655,0.003,0.001,0.004,0.004,0.0007,0.00885857768176404,0.0014,0.02,-0.04
Ventania II,2026-06,COD,1e-07,0.9,171.58,1.5442199980952864e-05,-13206.028067407125,-3217.4098488000454,0.003,0.001,0.01,0.004,0.0007,0.00885857768176404,0.0014,0.03,-0.02
Ventania II,2026-07,COD,1e-07,0.7693204336169717,181,1.3924699828748999e-05,-13206.029085479764,2085.8448739070445,0.003,0.001,0.004,0.004,0.0007,0.00885857768176404,0.0014,0.03,0.02
Ventania II,2026-08,COD,1e-07,0.8,217.01,1.7360800001142707e-05,-13206.026780241402,9063.405934595678,0.003,0.001,0.004,0.004,0.0007,0.00885857768176404,0.0014,0.03,0.02
Ventania II,2026-09,COD,1e-07,0.8,204.19,1.633520000154931e-05,-13206.027468304135,10706.411917018879,0.003,0.001,0.004,0.004,0.0007,0.00885857768176404,0.0014,0.03,0.02
Ventania II,2026-10,COD,1e-07,0.83,181,1.502300000311152e-05,-13206.028348643362,15232.35375493973,0.003,0.001,0.004,0.004,0.0007,0.00885857768176404,0.0014,0.03,0.005
Ventania II,2026-11,COD,0,0.85,203.55,0,-13206.038427393796,17430.620463696338,0.003,0.001,0.004,0.004,0.0007,0.00885857768176404,0.0014,0.03,-0.01
Ventania II,2026-12,COD,0,0.88,207.27,0,-13206.038427393782,19575.34249476048,0.003,0.001,0.004,0.004,0.0007,0.00885857768176404,0.0014,0.03,-0.02
Ventania III,2026-01,COD,0,0.9887105486138622,143.38,0,-9459.196322130629,-6486.887986593625,0.007,0.0021,0.007,0.007,0.0007,0.006089451386137771,0.0014,0.01,-0.030000000000000002
Ventania III,2026-02,COD,0,0.9387105486138623,127.55,0,-9459.196322130629,-6712.7310214656245,0.007,0.0021,0.007,0.007,0.0007,0.006089451386137771,0.0014,0.01,0.02
Ventania III,2026-03,COD,1e-07,0.9574967110621101,146.3,1.4008176862034816e-05,-9459.18941189698,-6632.455882148155,0.007,0.0021,0.05,0.007,0.0007,0.006089451386137771,0.0014,0.01,-0.04178616244824785
Ventania III,2026-04,COD,1e-07,0.9287105486138623,145.98,1.3557316577816891e-05,-9459.189634306364,-4876.122573221022,0.007,0.0021,0.007,0.007,0.0007,0.006089451386137771,0.0014,0.02,0.02
Ventania III,2026-05,COD,1e-07,0.9998105486138622,136.62,1.3659411706612445e-05,-9459.189583942833,-2473.17354850837,0.003,0.001,0.004,0.004,0.0007,0.006089451386137771,0.0014,0.02,-0.04
Ventania III,2026-06,COD,1e-07,0.9,123.99,1.115909999782616e-05,-9459.1908173466,-996.1223675752699,0.003,0.001,0.01,0.004,0.0007,0.006089451386137771,0.0014,0.03,-0.02
Ventania III,2026-07,COD,1e-07,0.766190821840471,130.51,9.999556411344201e-06,-9459.19138934945,2217.0311114134383,0.003,0.001,0.004,0.004,0.0007,0.006089451386137771,0.0014,0.03,0.02
Ventania III,2026-08,COD,1e-07,0.8,156.67,1.253359999964232e-05,-9459.190139305749,5782.161285533526,0.003,0.001,0.004,0.004,0.0007,0.006089451386137771,0.0014,0.03,0.02
Ventania III,2026-09,COD,0,0.8,147.01,0,-9459.196322130629,7745.033868809041,0.003,0.001,0.004,0.004,0.0007,0.006089451386137771,0.0014,0.03,0.02
Ventania III,2026-10,COD,0,0.83,151.08,0,-9459.196322130629,9839.681778819031,0.003,0.001,0.004,0.004,0.0007,0.006089451386137771,0.0014,0.03,0.005
Ventania III,2026-11,COD,0,0.85,146.08,0,-9459.196322130629,12518.578511999003,0.003,0.001,0.004,0.004,0.0007,0.006089451386137771,0.0014,0.03,-0.01
Ventania III,2026-12,COD,0,0.88,138.71,0,-9459.196322130629,14043.604507440192,0.003,0.001,0.004,0.004,0.0007,0.006089451386137771,0.0014,0.03,-0.02
Ventania IV,2026-01,COD,0,0.9866621212121213,672.93,0,-45054.19632213062,-31106.59540023608,0.007,0.0021,0.007,0.007,0.0007,0.008137878787878788,0.0014,0.01,-0.030000000000000002
Ventania IV,2026-02,COD,0,0.9366621212121212,656.22,0,-45054.19632213062,-33063.322814531624,0.007,0.0021,0.007,0.007,0.0007,0.008137878787878788,0.0014,0.01,0.02
Ventania IV,2026-03,COD,1e-07,0.905448283660369,722.57,6.542497658301727e-05,-45054.15449484397,-30840.71734429768,0.007,0.0021,0.1,0.007,0.0007,0.008137878787878788,0.0014,0.01,-0.04178616244824785
Ventania IV,2026-04,COD,1e-07,0.9266621212121212,677.72,6.280174522999005e-05,-45054.156171919836,-22598.172579843085,0.007,0.0021,0.007,0.007,0.0007,0.008137878787878788,0.0014,0.02,0.02
Ventania IV,2026-05,COD,1e-07,-0.00023787878787850936,630.88,-1.5007296960689587e-08,-45054.19633172505,-15038.181969696772,1.001,0.001,0.004,0.004,0.0007,0.008137878787878788,0.0014,0.02,-0.04
Ventania IV,2026-06,COD,1e-07,0.3,571.26,1.7137800000455172e-05,-45054.185365647194,-6255.95082952152,0.971,0.001,0.01,0.004,0.0007,0.008137878787878788,0.0014,0.03,-0.02
Ventania IV,2026-07,COD,1e-07,0.23807023071806183,636.8,1.5160312273110321e-05,-45054.18662988831,8483.523236353765,0.971,0.001,0.004,0.004,0.0007,0.008137878787878788,0.0014,0.03,0.02
Ventania IV,2026-08,COD,1e-07,0.25,723.02,1.8075499980341192e-05,-45054.1847661598,28715.553642308805,0.003,0.001,0.004,0.004,0.0007,0.008137878787878788,0.0014,0.03,0.02
Ventania IV,2026-09,COD,1e-07,0.25,683.48,1.708700000335739e-05,-45054.18539812445,31055.947784716584,0.003,0.001,0.004,0.004,0.0007,0.008137878787878788,0.0014,0.03,0.02
Ventania IV,2026-10,COD,0.25,0.7,705.81,123.51675,33912.13703426934,50103.77362267676,0.003,0.001,0.004,0.004,0.0007,0.008137878787878788,0.0014,0.03,0.005
Ventania IV,2026-11,COD,0.5,0.8,506.72,202.68800000000002,84527.64723626937,57781.146276696934,0.003,0.001,0.004,0.004,0.0007,0.008137878787878788,0.0014,0.03,-0.01
Ventania IV,2026-12,COD,0.75,0.88,699.71,461.80860000000007,250187.80004234938,58436.208420787414,0.003,0.001,0.004,0.004,0.0007,0.008137878787878788,0.0014,0.03,-0.02
Guaíra I,2026-01,COD,0.8,1.0070286611296857,227.24,183.06975436408786,83547.65280864005,85764.04870374357,0.007,0.0021,0.007,0.007,0.0007,0.007771338870314193,0.0014,0.01,-0.05
Guaíra I,2026-02,COD,0.8,0.9270286611296858,220.95,163.86158614128328,71823.49038163883,76573.11497717156,0.007,0.0021,0.007,0.007,0.0007,0.007771338870314193,0.0014,0.01,0.03
Guaíra I,2026-03,COD,0.8,0.8470286611296858,250.85,169.98171171550536,75559.05462043156,90810.36622801,0.007,0.0021,0.007,0.007,0.0007,0.007771338870314193,0.0014,0.03,0.09
Guaíra I,2026-04,COD,0.95,0.8886286611296859,223.9,189.01575936558982,87176.93841363628,76795.74609206645,0.007,0.0021,0.0454,0.007,0.0007,0.007771338870314193,0.0014,0.01,0.03
Guaíra I,2026-05,COD,0.8,0.9445286611296858,184.57,139.4653239877649,56932.651402002375,64087.149953082466,0.003,0.001,0.0276,0.004,0.0007,0.007771338870314193,0.0014,0.01,0
Guaíra I,2026-06,COD,0.8,0.9,149.31,107.50320000000002,37423.80866396258,47240.64446442078,0.003,0.001,0.0276,0.004,0.0007,0.007771338870314193,0.0014,0.01,0.01
Guaíra I,2026-07,COD,0.8,0.9322531645569619,174.47,130.12016769620254,51228.61294309763,55768.11258212087,0.003,0.001,0.0276,0.004,0.0007,0.007771338870314193,0.0014,0.01,0.02
Guaíra I,2026-08,COD,0.8,0.88,221.98,156.27392,67192.17784572259,89847.42240076042,0.003,0.001,0.004,0.004,0.0007,0.007771338870314193,0.0014,0.01,0.01
Guaíra I,2026-09,COD,0.8,0.88,225.68,158.87872000000002,68782.07949254363,87201.7584549273,0.003,0.001,0.004,0.004,0.0007,0.007771338870314193,0.0014,0.01,0.01
Guaíra I,2026-10,COD,0.8,0.88,246.34,173.42336,77659.74652587416,96949.77899191402,0.003,0.001,0.004,0.004,0.0007,0.007771338870314193,0.0014,0.01,-0.005
Guaíra I,2026-11,COD,0.8,0.89,255.05,181.59560000000002,82647.86762316259,100842.40084502363,0.003,0.001,0.004,0.004,0.0007,0.007771338870314193,0.0014,0.01,-0.01
Guaíra I,2026-12,COD,0.8,0.89,267.91,190.75192000000004,88236.64535919629,109236.10134765081,0.003,0.001,0.004,0.004,0.0007,0.007771338870314193,0.0014,0.01,-0.01
Guaíra II,2026-01,COD,0.8,1.0079995229619143,245.76,198.18077021049604,92771.02081360911,94399.92374795559,0.007,0.0021,0.007,0.007,0.0007,0.006800477038085692,0.0014,0.01,-0.05
Guaíra II,2026-02,COD,0.8,0.9279995229619143,219.25,162.7711163275198,71157.89618910533,76160.75657740197,0.007,0.0021,0.007,0.007,0.0007,0.006800477038085692,0.0014,0.01,0.03
Guaíra II,2026-03,COD,0.8,0.8323161272906024,249.06,165.83732373039797,73029.42882091236,90441.3514836719,0.007,0.0021,0.022683395671311904,0.007,0.0007,0.006800477038085692,0.0014,0.03,0.09
Guaíra II,2026-04,COD,0.95,0.8899995229619143,222.07,187.7600843609447,86410.50730270366,76468.53843730701,0.007,0.0021,0.045,0.007,0.0007,0.006800477038085692,0.0014,0.01,0.03
Guaíra II,2026-05,COD,0.8,0.9690995229619143,161.82,125.45574784455758,48381.57332255281,54318.0153184895,0.003,0.001,0.004,0.004,0.0007,0.006800477038085692,0.0014,0.01,0
Guaíra II,2026-06,COD,0.8,0.9,152.43,109.74960000000002,38794.95234463627,49275.506124901294,0.003,0.001,0.01,0.004,0.0007,0.006800477038085692,0.0014,0.01,0.01
Guaíra II,2026-07,COD,0.8,0.9195053139145838,186.49,137.1828367935446,55539.48104384098,61570.89777263132,0.003,0.001,0.004,0.004,0.0007,0.006800477038085692,0.0014,0.01,0.02
Guaíra II,2026-08,COD,0.8,0.88,223.09,157.05536,67669.1483397689,90895.3933963238,0.003,0.001,0.004,0.004,0.0007,0.006800477038085692,0.0014,0.01,0.01
Guaíra II,2026-09,COD,0.8,0.88,224.03,157.71712000000002,68073.06929869101,86935.34154410768,0.003,0.001,0.004,0.004,0.0007,0.006800477038085692,0.0014,0.01,0.01
Guaíra II,2026-10,COD,0.8,0.88,244.81,172.34624000000002,77002.30070975628,96664.52485386202,0.003,0.001,0.004,0.004,0.0007,0.006800477038085692,0.0014,0.01,-0.005
Guaíra II,2026-11,COD,0.8,0.89,235.19,167.45528000000002,74016.98692039207,92306.71932946763,0.003,0.001,0.004,0.004,0.0007,0.006800477038085692,0.0014,0.01,-0.01
Guaíra II,2026-12,COD,0.8,0.89,266.23,189.55576000000002,87506.54064717944,108796.51934681243,0.003,0.001,0.004,0.004,0.0007,0.006800477038085692,0.0014,0.01,-0.01
Guaíra III,2026-01,COD,0.8,1.007691442972711,232.62,187.52734677144966,86268.4503782506,88272.74242609026,0.007,0.0021,0.007,0.007,0.0007,0.0071085570272890215,0.0014,0.01,-0.05
Guaíra III,2026-02,COD,0.8,0.927691442972711,215.56,159.9785339577581,69453.37710565649,74202.05417849637,0.007,0.0021,0.007,0.007,0.0007,0.0071085570272890215,0.0014,0.01,0.03
Guaíra III,2026-03,COD,0.8,0.8476914429727109,243.28,164.98109939712091,72506.81192997046,79427.3467026628,0.007,0.0021,0.007,0.007,0.0007,0.0071085570272890215,0.0014,0.03,0.09
Guaíra III,2026-04,COD,0.95,0.927691442972711,214.61,189.13726754755484,87251.10382311433,72915.99818563342,0.007,0.0021,0.007,0.007,0.0007,0.0071085570272890215,0.0014,0.01,0.03
Guaíra III,2026-05,COD,0.8,0.945191442972711,176.36,133.35517030613386,53203.17374507866,57937.20870902187,0.003,0.001,0.0276,0.004,0.0007,0.0071085570272890215,0.0014,0.01,0
Guaíra III,2026-06,COD,0.8,0.9,155.49,111.95280000000001,40139.72787760469,50015.858842331014,0.003,0.001,0.0276,0.004,0.0007,0.0071085570272890215,0.0014,0.01,0.01
Guaíra III,2026-07,COD,0.8,0.8681897549681652,168.08,116.74026721203938,43061.87238179818,58071.27990000388,0.003,0.001,0.0276,0.004,0.0007,0.0071085570272890215,0.0014,0.01,0.02
Guaíra III,2026-08,COD,0.8,0.88,202.71,142.70784000000003,58911.79818781944,86548.59196255225,0.003,0.001,0.004,0.004,0.0007,0.0071085570272890215,0.0014,0.01,0.01
Guaíra III,2026-09,COD,0.8,0.88,203.91,143.55264,59427.441965166785,83358.36695457865,0.003,0.001,0.004,0.004,0.0007,0.0071085570272890215,0.0014,0.01,0.01
Guaíra III,2026-10,COD,0.8,0.88,239.02,168.27008,74514.31948405522,93737.37854492842,0.003,0.001,0.004,0.004,0.0007,0.0071085570272890215,0.0014,0.01,-0.005
Guaíra III,2026-11,COD,0.8,0.89,249.54,177.67248,80253.29800220259,90336.27151430842,0.003,0.001,0.004,0.004,0.0007,0.0071085570272890215,0.0014,0.01,-0.01
Guaíra III,2026-12,COD,0.8,0.89,246.01,175.15912000000003,78719.20893469102,106028.94695377881,0.003,0.001,0.004,0.004,0.0007,0.0071085570272890215,0.0014,0.01,-0.01
Guaíra IV,2026-01,COD,0.8,1.0075168964238035,228.87,184.47231366761275,84403.73824569411,86524.11761962183,0.007,0.0021,0.007,0.007,0.0007,0.007283103576196546,0.0014,0.01,-0.05
Guaíra IV,2026-02,COD,0.8,0.9275168964238034,219.67,162.9981093099335,71296.44675596514,74348.09777841477,0.007,0.0021,0.007,0.007,0.0007,0.007283103576196546,0.0014,0.01,0.03
Guaíra IV,2026-03,COD,0.8,0.8172168964238035,233.08,152.3815313747681,64816.36585043551,79140.8176070591,0.007,0.0021,0.0373,0.007,0.0007,0.007283103576196546,0.0014,0.03,0.09
Guaíra IV,2026-04,COD,0.95,0.9275168964238034,202.15,178.12266358146826,80528.0782607822,73098.72453829128,0.007,0.0021,0.007,0.007,0.0007,0.007283103576196546,0.0014,0.01,0.03
Guaíra IV,2026-05,COD,0.8,0.9686168964238034,179.29,138.930658687859,56606.30571679873,60458.998163068565,0.003,0.001,0.004,0.004,0.0007,0.007283103576196546,0.0014,0.01,0
Guaíra IV,2026-06,COD,0.8,0.9,147.77,106.39440000000002,36747.02620619417,50113.39033804032,0.003,0.001,0.01,0.004,0.0007,0.007283103576196546,0.0014,0.01,0.01
Guaíra IV,2026-07,COD,0.8,0.8993434391283752,182.54,131.3329211027949,51968.84583557652,58148.194578523166,0.003,0.001,0.004,0.004,0.0007,0.007283103576196546,0.0014,0.01,0.02
Guaíra IV,2026-08,COD,0.8,0.88,218.35,153.7184,65632.35541924679,79171.78743291272,0.003,0.001,0.004,0.004,0.0007,0.007283103576196546,0.0014,0.01,0.01
Guaíra IV,2026-09,COD,0.8,0.88,207.76,146.26304000000002,61081.79908415627,78990.8766132734,0.003,0.001,0.004,0.004,0.0007,0.007283103576196546,0.0014,0.01,0.01
Guaíra IV,2026-10,COD,0.8,0.88,243.6,171.4944,76482.35990093101,93939.25070416523,0.003,0.001,0.004,0.004,0.0007,0.007283103576196546,0.0014,0.01,-0.005
Guaíra IV,2026-11,COD,0.8,0.89,254.17,180.96904,82265.43182162996,98507.70543819801,0.003,0.001,0.004,0.004,0.0007,0.007283103576196546,0.0014,0.01,-0.01
Guaíra IV,2026-12,COD,0.8,0.89,265.75,189.21400000000003,87297.93930088892,106226.31030109402,0.003,0.001,0.004,0.004,0.0007,0.007283103576196546,0.0014,0.01,-0.01
Guaíra V,2026-01,COD,0.8,1.0069812927086332,232.06,186.94406302877235,85912.42926989426,88011.61445499098,0.007,0.0021,0.007,0.007,0.0007,0.007818707291366826,0.0014,0.01,-0.05
Guaíra V,2026-02,COD,0.8,0.9269812927086332,215.27,159.64101030510997,69247.36151475266,74013.05657860197,0.007,0.0021,0.007,0.007,0.0007,0.007818707291366826,0.0014,0.01,0.03
Guaíra V,2026-03,COD,0.8,0.8469812927086332,228.88,155.08566262012158,66466.89668589612,79236.32730559366,0.007,0.0021,0.007,0.007,0.0007,0.007818707291366826,0.0014,0.03,0.09
Guaíra V,2026-04,COD,0.95,0.9269812927086332,213.63,188.12946288327802,86635.96627113044,65432.716626785084,0.007,0.0021,0.007,0.007,0.0007,0.007818707291366826,0.0014,0.01,0.03
Guaíra V,2026-05,COD,0.8,0.9680812927086332,175.31,135.7714651398004,54678.01677918939,59760.243003510346,0.003,0.001,0.004,0.004,0.0007,0.007818707291366826,0.0014,0.01,0
Guaíra V,2026-06,COD,0.8,0.9,145.12,104.4864,35582.43301587837,49510.4683645646,0.003,0.001,0.01,0.004,0.0007,0.007818707291366826,0.0014,0.01,0.01
Guaíra V,2026-07,COD,0.8,0.8369944184123485,165.41,110.75779739966924,39410.3296120099,57468.78158493615,0.003,0.001,0.004,0.004,0.0007,0.007818707291366826,0.0014,0.01,0.02
Guaíra V,2026-08,COD,0.8,0.88,213.42,150.24768,63513.91890064468,85828.68145255654,0.003,0.001,0.004,0.004,0.0007,0.007818707291366826,0.0014,0.01,0.01
Guaíra V,2026-09,COD,0.8,0.88,201.77,142.04608000000002,58507.87722889733,82834.26811362202,0.003,0.001,0.004,0.004,0.0007,0.007818707291366826,0.0014,0.01,0.01
Guaíra V,2026-10,COD,0.8,0.88,238.43,167.85472000000001,74260.79462685942,93373.13095326202,0.003,0.001,0.004,0.004,0.0007,0.007818707291366826,0.0014,0.01,-0.005
Guaíra V,2026-11,COD,0.8,0.89,249.05,177.32360000000003,80040.35079453101,98082.01849372042,0.003,0.001,0.004,0.004,0.0007,0.007818707291366826,0.0014,0.01,-0.01
Guaíra V,2026-12,COD,0.8,0.89,260.49,185.46888,85012.01621445522,97564.75067232922,0.003,0.001,0.004,0.004,0.0007,0.007818707291366826,0.0014,0.01,-0.01
Rubi,2026-01,CONST,0,1.0108,573.9,0,0,0,0.007,0.0021,0.007,0.007,0.0007,0.004,0.0014,0.01,-0.05
Rubi,2026-02,CONST,0,0.9308,551.56,0,0,0,0.007,0.0021,0.007,0.007,0.0007,0.004,0.0014,0.01,0.03
Rubi,2026-03,COD,0,0.9608,540.41,0,-70187.80058479533,0,0.007,0.0021,0.007,0.007,0.0007,0.004,0.0014,0.01,0
Rubi,2026-04,COD,0.05,0.9208000000000001,494.83,22.78197320000004,-58762.25236453253,0,0.007,0.0021,0.007,0.007,0.0007,0.004,0.0014,0.01,0.04
Rubi,2026-05,COD,0.05,0.9689,430.16,20.839101200000016,-59736.63581792885,0,0.003,0.001,0.004,0.004,0.0007,0.007,0.0014,0.01,0
Rubi,2026-06,COD,0.05,0,405,0,-70187.80058479533,0,0.003,0.001,0.01,0.004,0.0007,0.007,0.0014,0.01,0.01
Rubi,2026-07,COD,0.1,0.6275061728395062,453.81,28.47685762962965,-55906.17066834489,0,0.003,0.001,0.004,0.004,0.0007,0.007,0.0014,0.01,0.02
Rubi,2026-08,COD,0.1,0.65,542.34,35.252099999999984,-52508.27103396933,22575.607714765763,0.003,0.001,0.004,0.004,0.0007,0.007,0.0014,0.01,0.01
Rubi,2026-09,COD,0,0.68,546.16,0,-70187.80058479533,43219.032583313805,0.003,0.001,0.004,0.004,0.0007,0.007,0.0014,0.01,0.01
Rubi,2026-10,COD,0,0.7,591.3,0,-70187.80058479533,72587.51487749531,0.003,0.001,0.004,0.004,0.0007,0.007,0.0014,0.01,-0.005
Rubi,2026-11,COD,0.25,0.75,648.55,121.60312499999998,-9201.758847982826,109459.52793605666,0.003,0.001,0.004,0.004,0.0007,0.007,0.0014,0.01,-0.01
Rubi,2026-12,COD,0.5,0.85,626.06,266.0755,63253.601913234656,134149.4854425022,0.003,0.001,0.004,0.004,0.0007,0.007,0.0014,0.01,-0.01
Estrela,2026-01,CONST,0.9,0.9408,1285,1088.0351999999998,0,0,0.007,0.0021,0.007,0.007,0.0007,0.004,0.0014,0.01,0.02
Estrela,2026-02,CONST,0.9,0.9208000000000001,1082.23,896.8656456000001,0,0,0.007,0.0021,0.007,0.007,0.0007,0.004,0.0014,0.01,0.04
Estrela,2026-03,CONST,0,0.9608,1170.71,0,0,0,0.007,0.0021,0.007,0.007,0.0007,0.004,0.0014,0.01,0
Estrela,2026-04,CONST,0,0.9408,945.01,0,0,0,0.007,0.0021,0.007,0.007,0.0007,0.004,0.0014,0.01,0.02
Estrela,2026-05,CONST,0,0.9289000000000001,854.2,0,0,0,0.003,0.001,0.004,0.004,0.0007,0.007,0.0014,0.01,0.04
Estrela,2026-06,CONST,0,0,765.23,0,0,0,0.003,0.001,0.01,0.004,0.0007,0.003,0.0014,0.01,0.04
Estrela,2026-07,CONST,0,0,841.54,0,0,0,0.003,0.001,0.004,0.004,0.0007,0.003,0.0014,0.01,0.01
Estrela,2026-08,CONST,0,0,969.19,0,0,0,0.003,0.001,0.004,0.004,0.0007,0.007,0.0014,0.01,0.02
Estrela,2026-09,CONST,0,0,1006.5500000000001,0,0,0,0.003,0.001,0.004,0.004,0.0007,0.007,0.0014,0.01,0
Estrela,2026-10,CONST,0,0,1136.45,0,0,0,0.003,0.001,0.004,0.004,0.0007,0.007,0.0014,0.01,0.01
Estrela,2026-11,CONST,0,0,1103.61,0,0,0,0.003,0.001,0.004,0.004,0.0007,0.007,0.0014,0.01,0.02
Estrela,2026-12,CONST,0,0,1168.63,0,0,0,0.003,0.001,0.004,0.004,0.0007,0.007,0.0014,0.01,0.03
Peroba 1,2026-01,COD,0.95,0.9703019212750913,597.82,551.0625998478413,303651.5752321648,290469.48939104134,0.007,0.0021,0.007,0.007,0.0007,0.01449807872490868,0.0014,0.01,-0.02
Peroba 1,2026-02,COD,0.95,0.9303019212750914,563.52,498.0315517430925,270681.37450816855,259056.75506187652,0.007,0.0021,0.007,0.007,0.0007,0.01449807872490868,0.0014,0.01,0.02
Peroba 1,2026-03,COD,0.95,0.9308924225719152,607.44,537.18822850873,295025.6697613507,282227.78003375675,0.007,0.0021,0.007,0.007,0.0007,0.01449807872490868,0.0014,0.03,-0.000590501296823846
Peroba 1,2026-04,COD,0.95,0.9403019212750914,535.39,478.2568333498976,258387.13447360744,247171.7592034331,0.007,0.0021,0.007,0.007,0.0007,0.01449807872490868,0.0014,0.01,0.01
Peroba 1,2026-05,COD,0.95,0.9614019212750913,386.09,352.62828439584496,180281.97487921113,180032.2881492499,0.003,0.001,0.004,0.004,0.0007,0.01449807872490868,0.0014,0.01,0
Peroba 1,2026-06,COD,0.95,0.9,397.35,339.73425,172265.55964009665,173594.54941921958,0.003,0.001,0.01,0.004,0.0007,0.01449807872490868,0.0014,0.01,0.01
Peroba 1,2026-07,COD,0.95,0.7698493771234428,451.56,330.2515254971687,166370.00710168268,186357.47805246478,0.003,0.001,0.004,0.004,0.0007,0.01449807872490868,0.0014,0.01,0.02
Peroba 1,2026-08,COD,0.95,0.87,543.62,449.30193,240385.4352896807,254654.58427055008,0.003,0.001,0.004,0.004,0.0007,0.01449807872490868,0.0014,0.01,0.01
Peroba 1,2026-09,COD,0.95,0.87,549.07,453.80635500000005,243185.90410377693,245270.96739932636,0.003,0.001,0.004,0.004,0.0007,0.01449807872490868,0.0014,0.01,0.01
Peroba 1,2026-10,COD,0.95,0.88,570.56,476.98815999999994,257598.38115844215,265866.5074368872,0.003,0.001,0.004,0.004,0.0007,0.01449807872490868,0.0014,0.01,-0.005
Peroba 1,2026-11,COD,0.95,0.89,583.76,493.56907999999993,267906.9886652881,280780.5766089688,0.003,0.001,0.004,0.004,0.0007,0.01449807872490868,0.0014,0.01,-0.01
Peroba 1,2026-12,COD,0.95,0.9,655.3,560.2814999999999,309383.10420120915,265098.6301628644,0.003,0.001,0.004,0.004,0.0007,0.01449807872490868,0.0014,0.01,-0.01
Peroba 2,2026-01,COD,0.95,0.9719515287623197,299.33,276.38753854920384,171541.18715276817,174066.96993002412,0.007,0.0021,0.007,0.007,0.0007,0.012848471237680271,0.0014,0.01,-0.02
Peroba 2,2026-02,COD,0.95,0.9319515287623197,241.64,213.93692903962057,128368.66993952016,155568.49185590414,0.007,0.0021,0.007,0.007,0.0007,0.012848471237680271,0.0014,0.01,0.02
Peroba 2,2026-03,COD,0.85,0.920772026317072,303.65,237.65356192250204,144764.1342819356,159012.20654405418,0.007,0.0021,0.0186,0.007,0.0007,0.012848471237680271,0.0014,0.03,-0.00042049755475232105
Peroba 2,2026-04,COD,0.85,0.9319515287623197,267.52,211.91832202832137,126973.19363229975,148442.30025771912,0.007,0.0021,0.017,0.007,0.0007,0.012848471237680271,0.0014,0.01,0.01
Peroba 2,2026-05,COD,0.85,0.9554515287623198,223.23,181.29262805077073,105801.44990079018,120688.77755388917,0.003,0.001,0.0116,0.004,0.0007,0.012848471237680271,0.0014,0.01,0
Peroba 2,2026-06,COD,0.85,0.9,198.45,151.81425,85422.85321759465,95537.53951388414,0.003,0.001,0.0697,0.004,0.0007,0.012848471237680271,0.0014,0.01,0.01
Peroba 2,2026-07,COD,0.85,0.7773386243386242,225.56,149.03602508994706,83502.2480594796,117716.51639339415,0.003,0.001,0.0116,0.004,0.0007,0.012848471237680271,0.0014,0.01,0.02
Peroba 2,2026-08,COD,0.85,0.87,271.63,200.870385,119335.68208082495,152837.38870937412,0.003,0.001,0.004,0.004,0.0007,0.012848471237680271,0.0014,0.01,0.01
Peroba 2,2026-09,COD,0.85,0.87,274.49,202.985355,120797.77475610125,147403.99496843416,0.003,0.001,0.004,0.004,0.0007,0.012848471237680271,0.0014,0.01,0.01
Peroba 2,2026-10,COD,0.85,0.88,297.77,222.73196,134448.73270447625,159591.26843900417,0.003,0.001,0.004,0.004,0.0007,0.012848471237680271,0.0014,0.01,-0.005
Peroba 2,2026-11,COD,0.85,0.89,315.71,238.83461499999999,145580.60404449597,168281.67321161416,0.003,0.001,0.004,0.004,0.0007,0.012848471237680271,0.0014,0.01,-0.01
Peroba 2,2026-12,COD,0.85,0.9,277.51,212.29514999999998,127233.69728825256,157802.26849649416,0.003,0.001,0.004,0.004,0.0007,0.012848471237680271,0.0014,0.01,-0.01
Peroba 3,2026-01,COD,0.95,0.9710529016672482,261.938,241.63787220906985,147518.51419560763,149883.36551608812,0.007,0.0021,0.007,0.007,0.0007,0.013747098332751818,0.0014,0.01,-0.02
Peroba 3,2026-02,COD,0.95,0.9310529016672482,287.19,254.01962868832618,156078.10390864173,159273.43246904714,0.007,0.0021,0.007,0.007,0.0007,0.013747098332751818,0.0014,0.01,0.02
Peroba 3,2026-03,COD,0.85,0.9315584083220085,311.49,246.64545931698905,150980.29210796417,159808.29410169314,0.007,0.0021,0.007,0.007,0.0007,0.013747098332751818,0.0014,0.03,-0.000505506654760344
Peroba 3,2026-04,COD,0.85,0.9410529016672482,277.32,221.82687208680704,133823.03947556022,155072.1691132906,0.007,0.0021,0.007,0.007,0.0007,0.013747098332751818,0.0014,0.01,0.01
Peroba 3,2026-05,COD,0.85,0.9621529016672482,234.99,192.18186380836863,113329.25021972656,128642.98983355664,0.003,0.001,0.004,0.004,0.0007,0.013747098332751818,0.0014,0.01,0
Peroba 3,2026-06,COD,0.85,0.9,196.45,150.28425,84365.15415180518,111430.91471612712,0.003,0.001,0.01,0.004,0.0007,0.013747098332751818,0.0014,0.01,0.01
Peroba 3,2026-07,COD,0.85,0.8770239246627641,223.08,166.29952254670403,95436.61742697685,116919.66754129814,0.003,0.001,0.004,0.004,0.0007,0.013747098332751818,0.0014,0.01,0.02
Peroba 3,2026-08,COD,0.85,0.88,285.36,213.44928,128031.55495021309,162050.91468265213,0.003,0.001,0.004,0.004,0.0007,0.013747098332751818,0.0014,0.01,0.01
Peroba 3,2026-09,COD,0.85,0.88,285.58,213.61383999999998,128145.31636084465,154610.25383285413,0.003,0.001,0.004,0.004,0.0007,0.013747098332751818,0.0014,0.01,0.01
Peroba 3,2026-10,COD,0.85,0.88,283.87,212.33476,127261.07994184465,165634.58382083868,0.003,0.001,0.004,0.004,0.0007,0.013747098332751818,0.0014,0.01,-0.005
Peroba 3,2026-11,COD,0.85,0.89,309.61,234.219965,142390.46613995652,172889.25108279614,0.003,0.001,0.004,0.004,0.0007,0.013747098332751818,0.0014,0.01,-0.01
Peroba 3,2026-12,COD,0.85,0.9,336.35,257.30775,158351.2038037789,176552.12715618015,0.003,0.001,0.004,0.004,0.0007,0.013747098332751818,0.0014,0.01,-0.01
Aliança,2026-01,COD,0,1.0108,1204,0,-140178.59005847957,0,0.007,0.0021,0.007,0.007,0.0007,0.004,0.0014,0.01,-0.05
Aliança,2026-02,COD,0,0.9308,1103.7,0,-140178.59005847957,0,0.007,0.0021,0.007,0.007,0.0007,0.004,0.0014,0.01,0.03
Aliança,2026-03,COD,0,0.9608,1086.7,0,-140178.59005847952,0,0.007,0.0021,0.007,0.007,0.0007,0.004,0.0014,0.01,0
Aliança,2026-04,COD,0.05,-0.07220000000000004,968.95,-3.497909500000006,-141932.8513470656,0,0.007,0.0021,0.007,1,0.0007,0.004,0.0014,0.01,0.04
Aliança,2026-05,COD,0.05,-9.999999999998899e-05,792.23,-0.003961149999997818,-140180.57664278173,0,0.003,0.001,0.004,0.973,0.0007,0.007,0.0014,0.01,0
Aliança,2026-06,COD,0,0,786.82,0,-140178.59005847957,0,0.003,0.001,0.01,0.004,0.0007,0.007,0.0014,0.01,0.01
Aliança,2026-07,COD,0,0,884.76,0,-140178.59005847957,0,0.003,0.001,0.004,0.004,0.0007,0.007,0.0014,0.01,0.02
Aliança,2026-08,COD,0,0,1064.1,0,-140178.59005847957,0,0.003,0.001,0.004,0.004,0.0007,0.007,0.0014,0.01,0.01
Aliança,2026-09,COD,0,0.3,1097.4,0,-140178.59005847957,0,0.003,0.001,0.004,0.004,0.0007,0.007,0.0014,0.01,0.01
Aliança,2026-10,COD,0,0.7,1186,0,-140178.59005847957,0,0.003,0.001,0.004,0.004,0.0007,0.007,0.0014,0.01,-0.005
Aliança,2026-11,COD,0.25,0.73,1246.7,227.52274999999997,-26072.049395364593,0,0.003,0.001,0.004,0.004,0.0007,0.007,0.0014,0.01,-0.01
Aliança,2026-12,COD,0.5,0.8,1242.4,496.96000000000004,109055.32807912049,0,0.003,0.001,0.004,0.004,0.0007,0.007,0.0014,0.01,-0.01
Tucano,2026-01,COD,0.95,0.9986701254297692,1158.8,1099.3959942806155,490556.9192524869,392893.22839596646,0.007,0.0021,0.007,0.007,0.0007,0.016129874570230827,0.0014,0.01,-0.05
Tucano,2026-02,COD,0.95,0.9186701254297691,958.92,836.8845988432583,339951.2598154091,264330.6198737349,0.007,0.0021,0.007,0.007,0.0007,0.016129874570230827,0.0014,0.01,0.03
Tucano,2026-03,COD,0.95,0.8540430121575073,1139.4,924.4417776496507,390183.7711721725,300894.3950963892,0.007,0.0021,0.0261,0.007,0.0007,0.016129874570230827,0.0014,0.03,0.05552711327226188
Tucano,2026-04,COD,0.95,0.8956701254297692,1045.1,889.2616056823191,370000.521643433,305670.85214117647,0.007,0.0021,0.03,0.007,0.0007,0.016129874570230827,0.0014,0.01,0.03
Tucano,2026-05,COD,0.95,0.9337701254297692,870.6,772.2932576391992,302894.50073736755,254972.77554354825,0.003,0.001,0.03,0.004,0.0007,0.016129874570230827,0.0014,0.01,0
Tucano,2026-06,COD,0.95,0.9,776.96,664.3008,240938.04635227242,211691.29563160587,0.003,0.001,0.03,0.004,0.0007,0.016129874570230827,0.0014,0.01,0.01
Tucano,2026-07,COD,0.95,0.8570130379942338,871.89,709.8600428119529,267075.8823716062,228889.8579768987,0.003,0.001,0.03,0.004,0.0007,0.016129874570230827,0.0014,0.01,0.02
Tucano,2026-08,COD,0.95,0.87,998.44,825.2106600000001,333253.79338814085,339072.40061209816,0.003,0.001,0.004,0.004,0.0007,0.016129874570230827,0.0014,0.01,0.01
Tucano,2026-09,COD,0.95,0.88,1036.9,866.8484000000001,357141.8203430164,350874.85182810435,0.003,0.001,0.004,0.004,0.0007,0.016129874570230827,0.0014,0.01,0.01
Tucano,2026-10,COD,0.95,0.88,1135.8,949.5287999999999,404576.47034659237,367181.1454615584,0.003,0.001,0.004,0.004,0.0007,0.016129874570230827,0.0014,0.01,-0.005
Tucano,2026-11,COD,0.95,0.89,1207.4,1020.8566999999999,445498.0669038183,395317.4627410079,0.003,0.001,0.004,0.004,0.0007,0.016129874570230827,0.0014,0.01,-0.01
Tucano,2026-12,COD,0.95,0.9,1138.8,973.674,418428.8357350803,417298.4250608601,0.003,0.001,0.004,0.004,0.0007,0.016129874570230827,0.0014,0.01,-0.01
Planalto I,2026-01,COD,0.8,1.0043445797629877,227.28,182.6139488708255,83269.4410824546,85196.49288677603,0.007,0.0021,0.007,0.007,0.0007,0.010455420237012177,0.0014,0.01,-0.05
Planalto I,2026-02,COD,0.8,0.9243445797629878,224.29,165.85699663603242,73041.43664687441,82576.05075858677,0.007,0.0021,0.007,0.007,0.0007,0.010455420237012177,0.0014,0.01,0.03
Planalto I,2026-03,COD,0.8,0.850154882019267,224.96,153.00067380724346,65194.274163169466,89290.7681774281,0.007,0.0021,0.025,0.007,0.0007,0.010455420237012177,0.0014,0.03,0.0661896977437208
Planalto I,2026-04,COD,0.95,0.9243445797629878,225.7,198.193343069881,92778.69495743644,66338.06578357739,0.007,0.0021,0.007,0.007,0.0007,0.010455420237012177,0.0014,0.01,0.03
Planalto I,2026-05,COD,0.8,0.9654445797629878,195.27,150.81789047225493,63861.96042739251,64029.4877075887,0.003,0.001,0.004,0.004,0.0007,0.010455420237012177,0.0014,0.01,0
Planalto I,2026-06,COD,0.8,0.9,172.01,123.8472,47399.75787912047,53220.07961067583,0.003,0.001,0.01,0.004,0.0007,0.010455420237012177,0.0014,0.01,0.01
Planalto I,2026-07,COD,0.8,0.8371606301959189,193.67,129.7063194000349,50976.01079029855,60570.205301263086,0.003,0.001,0.004,0.004,0.0007,0.010455420237012177,0.0014,0.01,0.02
Planalto I,2026-08,COD,0.8,0.8,236.31,151.2384,64118.628421352056,89060.73317801031,0.003,0.001,0.004,0.004,0.0007,0.010455420237012177,0.0014,0.01,0.01
Planalto I,2026-09,COD,0.8,0.85,232.1,157.828,68140.74754446784,83296.25798063209,0.003,0.001,0.004,0.004,0.0007,0.010455420237012177,0.0014,0.01,0.01
Planalto I,2026-10,COD,0.8,0.88,253,178.11200000000002,80521.56949015206,85611.6844350508,0.003,0.001,0.004,0.004,0.0007,0.010455420237012177,0.0014,0.01,-0.005
Planalto I,2026-11,COD,0.8,0.88,261.9,184.3776,84345.92750547838,91483.5311537212,0.003,0.001,0.004,0.004,0.0007,0.010455420237012177,0.0014,0.01,-0.01
Planalto I,2026-12,COD,0.8,0.89,249.73,177.80776,80335.8693684426,107681.01891865484,0.003,0.001,0.004,0.004,0.0007,0.010455420237012177,0.0014,0.01,-0.01
Planalto II,2026-01,COD,0,1.002996791074855,250.79,0,-25848.49564097199,44184.37620362911,0.007,0.0021,0.007,0.007,0.0007,0.01180320892514497,0.0014,0.01,-0.05
Planalto II,2026-02,COD,0.15,0.922996791074855,239.41,33.14619926268466,-7519.495991408507,35497.75088489116,0.007,0.0021,0.007,0.007,0.0007,0.01180320892514497,0.0014,0.01,0.03
Planalto II,2026-03,COD,0,0.8275160512140031,253.61,0,-25848.49564097199,38973.0753327996,0.007,0.0021,0.05,0.007,0.0007,0.01180320892514497,0.0014,0.03,0.06248073986085196
Planalto II,2026-04,COD,0,0.922996791074855,220.99,0,-25848.49564097199,40562.31819198866,0.007,0.0021,0.007,0.007,0.0007,0.01180320892514497,0.0014,0.01,0.03
Planalto II,2026-05,COD,0.025,0.954296791074855,189.28,4.515732415366216,-23351.41121802431,37532.035107845244,0.003,0.001,0.0138,0.004,0.0007,0.01180320892514497,0.0014,0.01,0
Planalto II,2026-06,COD,0.05,0.9,166.8,7.506,-21697.86979457199,32196.254431408488,0.003,0.001,0.0138,0.004,0.0007,0.01180320892514497,0.0014,0.01,0.01
Planalto II,2026-07,COD,0.07,0.8038580935251796,190.29,10.707630963183448,-19927.449833684208,37365.64732702252,0.003,0.001,0.0138,0.004,0.0007,0.01180320892514497,0.0014,0.01,0.02
Planalto II,2026-08,COD,0.07,0.8,210.31,11.777360000000016,-19335.917061387983,64636.359106676384,0.003,0.001,0.004,0.004,0.0007,0.01180320892514497,0.0014,0.01,0.01
Planalto II,2026-09,COD,0.07,0.8,222.46,12.457760000000007,-18959.67327962799,62969.013609961454,0.003,0.001,0.004,0.004,0.0007,0.01180320892514497,0.0014,0.01,0.01
Planalto II,2026-10,COD,0.07,0.85,244.67,14.557865000000021,-17798.368977315986,71065.22473196754,0.003,0.001,0.004,0.004,0.0007,0.01180320892514497,0.0014,0.01,-0.005
Planalto II,2026-11,COD,0.07,0.88,239.9,14.777840000000026,-17676.728433675977,77055.9080935754,0.003,0.001,0.004,0.004,0.0007,0.01180320892514497,0.0014,0.01,-0.01
Planalto II,2026-12,COD,0.07,0.89,271.02,16.884546,-16511.77394734959,77723.57638568558,0.003,0.001,0.004,0.004,0.0007,0.01180320892514497,0.0014,0.01,-0.01
Planalto III,2026-01,COD,0.8,1.0037777504946952,240.14,192.83775120303687,89509.78205479635,91193.11022309175,0.007,0.0021,0.007,0.007,0.0007,0.011022249505304862,0.0014,0.01,-0.05
Planalto III,2026-02,COD,0.8,0.9237777504946951,234.14,173.03465800066235,77422.49301356246,79775.44996015159,0.007,0.0021,0.007,0.007,0.0007,0.011022249505304862,0.0014,0.01,0.03
Planalto III,2026-03,COD,0.8,0.814361058989479,233.21,151.93371405354912,64543.02989509114,85843.73633031685,0.007,0.0021,0.06,0.007,0.0007,0.011022249505304862,0.0014,0.03,0.06641669150521622
Planalto III,2026-04,COD,0.95,0.9167777504946951,212.25,184.85677366537408,84638.40255142874,69440.16432869904,0.007,0.0021,0.014,0.007,0.0007,0.011022249505304862,0.0014,0.01,0.03
Planalto III,2026-05,COD,0.8,0.9648777504946952,179.62,138.64907323508572,56434.43333692885,59751.851955164915,0.003,0.001,0.004,0.004,0.0007,0.011022249505304862,0.0014,0.01,0
Planalto III,2026-06,COD,0.8,0.9,157.99,113.75280000000001,41238.40069865732,49349.85253093838,0.003,0.001,0.01,0.004,0.0007,0.011022249505304862,0.0014,0.01,0.01
Planalto III,2026-07,COD,0.8,0.8182762516614976,180.44,118.11981347984052,43903.91126503023,4251.222011849111,0.003,0.001,0.004,0.004,0.0007,0.011022249505304862,0.0014,0.01,0.02
Planalto III,2026-08,COD,0.8,0.8,214.44,137.24160000000003,55575.348564846805,23155.918431521837,0.003,0.001,0.004,0.004,0.0007,0.011022249505304862,0.0014,0.01,0.01
Planalto III,2026-09,COD,0.8,0.8,210.31,134.59840000000003,53962.00856450996,25717.862207012353,0.003,0.001,0.004,0.004,0.0007,0.011022249505304862,0.0014,0.01,0.01
Planalto III,2026-10,COD,0.8,0.85,238.46,162.1528,70780.49210918366,32594.37343420714,0.003,0.001,0.004,0.004,0.0007,0.011022249505304862,0.0014,0.01,-0.005
Planalto III,2026-11,COD,0.8,0.88,237.05,166.88320000000002,73667.80428290996,40921.022565198735,0.003,0.001,0.004,0.004,0.0007,0.011022249505304862,0.0014,0.01,-0.01
Planalto III,2026-12,COD,0.8,0.89,264.63,188.41656,86811.20282621103,50341.772751291435,0.003,0.001,0.004,0.004,0.0007,0.011022249505304862,0.0014,0.01,-0.01
Planalto IV,2026-01,COD,0.8,1.0050494578117684,240.17,193.10618262612192,89673.62555971858,91207.09922154348,0.007,0.0021,0.007,0.007,0.0007,0.00975054218823169,0.0014,0.01,-0.05
Planalto IV,2026-02,COD,0.8,0.9250494578117683,218.49,161.69124482983463,70498.77093091863,76880.35036176919,0.007,0.0021,0.007,0.007,0.0007,0.00975054218823169,0.0014,0.01,0.03
Planalto IV,2026-03,COD,0.8,0.8278079246455761,246.53,163.26359013029912,71458.48929032427,81832.32899186497,0.007,0.0021,0.05,0.007,0.0007,0.00975054218823169,0.0014,0.03,0.0642415331661922
Planalto IV,2026-04,COD,0.95,0.9250494578117683,212.89,187.08709011986994,85999.7292574849,69656.8862818514,0.007,0.0021,0.007,0.007,0.0007,0.00975054218823169,0.0014,0.01,0.03
Planalto IV,2026-05,COD,0.8,0.9661494578117683,179.75,138.9322920333323,56607.30266806479,53207.741133917625,0.003,0.001,0.004,0.004,0.0007,0.00975054218823169,0.0014,0.01,0
Planalto IV,2026-06,COD,0.8,0.9,157.75,113.58,41132.928107836255,49207.988537179386,0.003,0.001,0.01,0.004,0.0007,0.00975054218823169,0.0014,0.01,0.01
Planalto IV,2026-07,COD,0.8,0.8445494453248812,160.64,108.53473831759113,38053.43261585799,54184.78564659379,0.003,0.001,0.004,0.004,0.0007,0.00975054218823169,0.0014,0.01,0.02
Planalto IV,2026-08,COD,0.8,0.8,202.75,129.76000000000002,51008.77602152049,75426.88913196952,0.003,0.001,0.004,0.004,0.0007,0.00975054218823169,0.0014,0.01,0.01
Planalto IV,2026-09,COD,0.8,0.85,215.44,146.4992,61225.94495827837,77662.19544034828,0.003,0.001,0.004,0.004,0.0007,0.00975054218823169,0.0014,0.01,0.01
Planalto IV,2026-10,COD,0.8,0.85,238.83,162.4044,70934.06215461521,19233.392972866262,0.003,0.001,0.004,0.004,0.0007,0.00975054218823169,0.0014,0.01,-0.005
Planalto IV,2026-11,COD,0.8,0.88,253.39,178.38656,80689.15371778994,27089.3150323194,0.003,0.001,0.004,0.004,0.0007,0.00975054218823169,0.0014,0.01,-0.01
Planalto IV,2026-12,COD,0.8,0.89,264.6,188.39520000000005,86798.16524206789,32454.65703833598,0.003,0.001,0.004,0.004,0.0007,0.00975054218823169,0.0014,0.01,-0.01
Planalto V,2026-01,COD,0.8,1.0041317956896865,219.21,176.09258474650895,79288.97134935777,81433.45230325601,0.007,0.0021,0.007,0.007,0.0007,0.010668204310313626,0.0014,0.01,-0.05
Planalto V,2026-02,COD,0.8,0.9241317956896864,235.82,174.34300804763348,78221.0755896903,80359.62435982517,0.007,0.0021,0.007,0.007,0.0007,0.010668204310313626,0.0014,0.01,0.03
Planalto V,2026-03,COD,0.8,0.8135786840102319,233.63,152.06111035624838,64620.78925913462,80508.21726218118,0.007,0.0021,0.06,0.007,0.0007,0.010668204310313626,0.0014,0.03,0.06755311167945452
Planalto V,2026-04,COD,0.95,0.9241317956896864,211.5,185.68118104895024,85141.59921021221,68981.22372202353,0.007,0.0021,0.007,0.007,0.0007,0.010668204310313626,0.0014,0.01,0.03
Planalto V,2026-05,COD,0.8,0.9652317956896864,178.41,137.76560373519757,55895.1867103977,59057.57599534744,0.003,0.001,0.004,0.004,0.0007,0.010668204310313626,0.0014,0.01,0
Planalto V,2026-06,COD,0.8,0.9,156.75,112.86000000000001,40693.45897941521,48680.431810388145,0.003,0.001,0.01,0.004,0.0007,0.010668204310313626,0.0014,0.01,0.01
Planalto V,2026-07,COD,0.8,0.8278400956937801,166.92,110.54645501856463,39281.33176197868,50494.382415236854,0.003,0.001,0.004,0.004,0.0007,0.010668204310313626,0.0014,0.01,0.02
Planalto V,2026-08,COD,0.8,0.8,214.54,137.30560000000003,55614.41248737312,83784.4270351304,0.003,0.001,0.004,0.004,0.0007,0.010668204310313626,0.0014,0.01,0.01
Planalto V,2026-09,COD,0.8,0.85,196.24,133.44320000000002,53256.90476290995,71744.24602787966,0.003,0.001,0.004,0.004,0.0007,0.010668204310313626,0.0014,0.01,0.01
Planalto V,2026-10,COD,0.8,0.85,239.23,162.6764,71100.08382535205,91018.34748243644,0.003,0.001,0.004,0.004,0.0007,0.010668204310313626,0.0014,0.01,-0.005
Planalto V,2026-11,COD,0.8,0.88,253.2,178.2528,80607.51011970997,97122.78603674921,0.003,0.001,0.004,0.004,0.0007,0.010668204310313626,0.0014,0.01,-0.01
Planalto V,2026-12,COD,0.8,0.89,265.42,188.97904000000003,87154.5258753142,105052.49797486603,0.003,0.001,0.004,0.004,0.0007,0.010668204310313626,0.0014,0.01,-0.01
Frevo 082,2026-01,CONST,0,0.9208000000000001,364.1,0,0,0,0.007,0.0021,0.007,0.007,0.0007,0.004,0.0014,0.01,0.04
Frevo 082,2026-02,CONST,0,0.9408,315.99,0,0,0,0.007,0.0021,0.007,0.007,0.0007,0.004,0.0014,0.01,0.02
Frevo 082,2026-03,CONST,0,0.9608,328.35,0,0,0,0.007,0.0021,0.007,0.007,0.0007,0.004,0.0014,0.01,0
Frevo 082,2026-04,CONST,0,0.9208000000000001,329.59,0,0,0,0.007,0.0021,0.007,0.007,0.0007,0.004,0.0014,0.01,0.04
Frevo 082,2026-05,CONST,0,0.9989,333.04,0,0,0,0.003,0.001,0.004,0.004,0.0007,0.007,0.0014,0.02,-0.04
Frevo 082,2026-06,CONST,0,0,325.69,0,0,0,0.003,0.001,0.01,0.004,0.0007,0.003,0.0014,0.01,-0.02
Frevo 082,2026-07,CONST,0,0,357.31,0,0,0,0.003,0.001,0.004,0.004,0.0007,0.003,0.0014,0.01,-0.01
Frevo 082,2026-08,CONST,0,0,418.4,0,0,0,0.003,0.001,0.004,0.004,0.0007,0.007,0.0014,0.01,-0.01
Frevo 082,2026-09,COD,0,0.3,392.97,0,-14181.445978152944,0,0.003,0.001,0.004,0.004,0.0007,0.007,0.0014,0.01,-0.01
Frevo 082,2026-10,COD,0,0.5,432.53,0,-14181.445978152944,0,0.003,0.001,0.004,0.004,0.0007,0.007,0.0014,0.01,-0.02
Frevo 082,2026-11,COD,0.25,0.7,370.17,64.77974999999998,19300.77237384206,0,0.003,0.001,0.004,0.004,0.0007,0.007,0.0014,0.01,-0.02
Frevo 082,2026-12,COD,0.5,0.8,348.45,139.38,57858.83812144707,0,0.003,0.001,0.004,0.004,0.0007,0.007,0.0014,0.01,-0.03
Frevo 101,2026-01,CONST,0,0.9208000000000001,243.8,0,0,0,0.007,0.0021,0.007,0.007,0.0007,0.004,0.0014,0.01,0.04
Frevo 101,2026-02,CONST,0,0.9408,218.85,0,0,0,0.007,0.0021,0.007,0.007,0.0007,0.004,0.0014,0.01,0.02
Frevo 101,2026-03,CONST,0,0.9608,244.2,0,0,0,0.007,0.0021,0.007,0.007,0.0007,0.004,0.0014,0.01,0
Frevo 101,2026-04,CONST,0,0.9208000000000001,211.39,0,0,0,0.007,0.0021,0.007,0.007,0.0007,0.004,0.0014,0.01,0.04
Frevo 101,2026-05,CONST,0,0.9989,180.34,0,0,0,0.003,0.001,0.004,0.004,0.0007,0.007,0.0014,0.02,-0.04
Frevo 101,2026-06,CONST,0,0,172,0,0,0,0.003,0.001,0.01,0.004,0.0007,0.003,0.0014,0.01,-0.02
Frevo 101,2026-07,CONST,0,0,176.73,0,0,0,0.003,0.001,0.004,0.004,0.0007,0.003,0.0014,0.01,-0.01
Frevo 101,2026-08,CONST,0,0,210.54,0,0,0,0.003,0.001,0.004,0.004,0.0007,0.007,0.0014,0.01,-0.01
Frevo 101,2026-09,CONST,0,0,216.1,0,0,0,0.003,0.001,0.004,0.004,0.0007,0.007,0.0014,0.01,-0.01
Frevo 101,2026-10,CONST,0,0,253.11,0,0,0,0.003,0.001,0.004,0.004,0.0007,0.007,0.0014,0.01,-0.02
Frevo 101,2026-11,COD,0,0.3,248.03,0,-9478.551241310823,0,0.003,0.001,0.004,0.004,0.0007,0.007,0.0014,0.01,-0.02
Frevo 101,2026-12,COD,0,0.5,243,0,-9478.551241310823,0,0.003,0.001,0.004,0.004,0.0007,0.007,0.0014,0.01,-0.03
Frevo 102,2026-01,CONST,0,0.9208000000000001,244.7,0,0,0,0.007,0.0021,0.007,0.007,0.0007,0.004,0.0014,0.01,0.04
Frevo 102,2026-02,CONST,0,0.9408,205.54,0,0,0,0.007,0.0021,0.007,0.007,0.0007,0.004,0.0014,0.01,0.02
Frevo 102,2026-03,CONST,0,0.9608,245.36,0,0,0,0.007,0.0021,0.007,0.007,0.0007,0.004,0.0014,0.01,0
Frevo 102,2026-04,CONST,0,0.9208000000000001,213.2,0,0,0,0.007,0.0021,0.007,0.007,0.0007,0.004,0.0014,0.01,0.04
Frevo 102,2026-05,CONST,0,0.9989,201.2,0,0,0,0.003,0.001,0.004,0.004,0.0007,0.007,0.0014,0.02,-0.04
Frevo 102,2026-06,CONST,0,0,175.38,0,0,0,0.003,0.001,0.01,0.004,0.0007,0.003,0.0014,0.01,-0.02
Frevo 102,2026-07,CONST,0,0,189.95,0,0,0,0.003,0.001,0.004,0.004,0.0007,0.003,0.0014,0.01,-0.01
Frevo 102,2026-08,CONST,0,0,200.86,0,0,0,0.003,0.001,0.004,0.004,0.0007,0.007,0.0014,0.01,-0.01
Frevo 102,2026-09,CONST,0,0,206.78,0,0,0,0.003,0.001,0.004,0.004,0.0007,0.007,0.0014,0.01,-0.01
Frevo 102,2026-10,CONST,0,0,242.45,0,0,0,0.003,0.001,0.004,0.004,0.0007,0.007,0.0014,0.01,-0.02
Frevo 102,2026-11,COD,0,0.3,249.09,0,-9478.551241310823,0,0.003,0.001,0.004,0.004,0.0007,0.007,0.0014,0.01,-0.02
Frevo 102,2026-12,COD,0,0.5,243.8,0,-9478.551241310823,0,0.003,0.001,0.004,0.004,0.0007,0.007,0.0014,0.01,-0.03
Pantanal,2026-01,COD,0.95,1.0028275406995721,1090,1038.4279183944068,455578.86712581874,362738.80273202655,0.007,0.0021,0.007,0.007,0.0007,0.011972459300427939,0.0014,0.01,-0.05
Pantanal,2026-02,COD,0.95,0.9228275406995721,937.15,821.5864382782737,331174.53773740074,300328.0027923769,0.007,0.0021,0.007,0.007,0.0007,0.011972459300427939,0.0014,0.01,0.03
Pantanal,2026-03,COD,0.95,0.853215858151602,1141.6,925.3296624825751,390693.1604142813,355859.82696883415,0.007,0.0021,0.0261,0.007,0.0007,0.011972459300427939,0.0014,0.03,0.06051168254797009
Pantanal,2026-04,COD,0.95,0.9228275406995721,1012.2,887.3817348613015,368922.0191876285,279764.46031991043,0.007,0.0021,0.007,0.007,0.0007,0.011972459300427939,0.0014,0.01,0.03
Pantanal,2026-05,COD,0.95,0.9639275406995721,837.15,766.6043436618144,299630.7085518229,260159.68172408806,0.003,0.001,0.004,0.004,0.0007,0.011972459300427939,0.0014,0.01,0
Pantanal,2026-06,COD,0.95,0.9,785.01,671.18355,244886.7553245574,216762.4874411749,0.003,0.001,0.01,0.004,0.0007,0.011972459300427939,0.0014,0.01,0.01
Pantanal,2026-07,COD,0.95,0.7824460197959263,820.94,610.2241737167043,209913.69425525414,212289.43078202344,0.003,0.001,0.004,0.004,0.0007,0.011972459300427939,0.0014,0.01,0.02
Pantanal,2026-08,COD,0.95,0.8,1061.9,807.0440000000001,322831.38180288044,342322.63036679325,0.003,0.001,0.004,0.004,0.0007,0.011972459300427939,0.0014,0.01,0.01
Pantanal,2026-09,COD,0.95,0.85,1067.4,861.9255,354317.4987564904,351314.2140082367,0.003,0.001,0.004,0.004,0.0007,0.011972459300427939,0.0014,0.01,0.01
Pantanal,2026-10,COD,0.95,0.88,1140.5,953.458,406830.6953720404,370112.0118448343,0.003,0.001,0.004,0.004,0.0007,0.011972459300427939,0.0014,0.01,-0.005
Pantanal,2026-11,COD,0.95,0.9,1199.5,1025.5725,448203.5729546704,392933.6914159435,0.003,0.001,0.004,0.004,0.0007,0.011972459300427939,0.0014,0.01,-0.01
Pantanal,2026-12,COD,0.95,0.9,1219.6,1042.7579999999998,458063.0823140403,411866.3108337677,0.003,0.001,0.004,0.004,0.0007,0.011972459300427939,0.0014,0.01,-0.01
Alvorada,2026-01,COD,0.95,1.0049,1165.1,1112.2685404999997,497942.0398442033,395654.4621413563,0.007,0.0021,0.007,0.007,0.0007,0.0099,0.0014,0.01,-0.05
Alvorada,2026-02,COD,0.95,0.9249,1029.8,904.838919,378937.3967095943,267314.2522174851,0.007,0.0021,0.007,0.007,0.0007,0.0099,0.0014,0.01,0.03
Alvorada,2026-03,COD,0.95,0.8965605052848676,1161.6,989.372448791957,427435.2075480559,344475.00477699155,0.007,0.0021,0.007,0.007,0.0007,0.001,0.0014,0.01,0.06723949471513235
Alvorada,2026-04,COD,0.95,0.9129,1030.4,893.619552,372500.7231218193,276469.2439689168,0.007,0.0021,0.019,0.007,0.0007,0.0099,0.0014,0.01,0.03
Alvorada,2026-05,COD,0.95,0.94,852.85,761.5950499999999,296756.8219763674,248741.75188510763,0.003,0.001,0.03,0.004,0.0007,0.0099,0.0014,0.01,0
Alvorada,2026-06,COD,0.95,0.9,758.46,648.4833,231863.3735588224,205195.0030834397,0.003,0.001,0.03,0.004,0.0007,0.0099,0.0014,0.01,0.01
Alvorada,2026-07,COD,0.95,0.8810525274899138,870.14,728.3070939565698,277659.15742401243,229487.75471908695,0.003,0.001,0.03,0.004,0.0007,0.0099,0.0014,0.01,0.02
Alvorada,2026-08,COD,0.95,0.89,978.05,826.9412749999999,334246.66614656884,355240.2101610941,0.003,0.001,0.004,0.004,0.0007,0.0099,0.0014,0.01,0.01
Alvorada,2026-09,COD,0.95,0.89,1048.1,886.16855,368226.0017604574,342726.6804874656,0.003,0.001,0.004,0.004,0.0007,0.0099,0.0014,0.01,0.01
Alvorada,2026-10,COD,0.95,0.89,1155.7,977.14435,420419.8134957093,375973.7446113864,0.003,0.001,0.004,0.004,0.0007,0.0099,0.0014,0.01,-0.005
Alvorada,2026-11,COD,0.95,0.9,1183.8,1012.149,440502.3641515804,369095.97816529876,0.003,0.001,0.004,0.004,0.0007,0.0099,0.0014,0.01,-0.01
Alvorada,2026-12,COD,0.95,0.9,1032.5,882.7874999999999,366286.2563867704,403438.54537849914,0.003,0.001,0.004,0.004,0.0007,0.0099,0.0014,0.01,-0.01
Coqueiro 1,2026-01,COD,0.95,0.9306568229944969,681.4,602.4420812290276,546037.2742806098,0,0.007,0.0021,0.007,0.007,0.0007,0.014143177005503053,0.0014,0.01,0.02
Coqueiro 1,2026-02,COD,0.95,0.9306568229944969,597.6,528.3524915504357,468799.9341210631,296093.7029811854,0.007,0.0021,0.007,0.007,0.0007,0.014143177005503053,0.0014,0.01,0.02
Coqueiro 1,2026-03,COD,1,0.9506568229944969,561.03,533.3469974046026,474006.6352144368,288493.71955050103,0.007,0.0021,0.007,0.007,0.0007,0.014143177005503053,0.0014,0.01,0
Coqueiro 1,2026-04,COD,1,0.9206568229944969,439.8,404.9048707529798,340107.55074058264,200385.07551115926,0.007,0.0021,0.007,0.007,0.0007,0.014143177005503053,0.0014,0.01,0.03
Coqueiro 1,2026-05,COD,1,0.9617568229944969,314.67,302.6360194916784,233493.73243140097,137219.76189433734,0.003,0.001,0.004,0.004,0.0007,0.014143177005503053,0.0014,0.01,0
Coqueiro 1,2026-06,COD,0.9,0.9,269.7,218.457,145738.30564362716,91490.08876737228,0.003,0.001,0.01,0.004,0.0007,0.014143177005503053,0.0014,0.01,0.01
Coqueiro 1,2026-07,COD,0.9,0.5079718205413423,294.71,134.73393770856507,58458.20773169372,117575.77399600364,0.003,0.001,0.004,0.004,0.0007,0.014143177005503053,0.0014,0.01,0.02
Coqueiro 1,2026-08,COD,0.9,0.5,382.24,172.008,97315.88585922643,157242.10453060977,0.003,0.001,0.004,0.004,0.0007,0.014143177005503053,0.0014,0.01,0.01
Coqueiro 1,2026-09,COD,0.9,0.85,427.24,326.8386,258724.5772986684,202465.86455665994,0.003,0.001,0.004,0.004,0.0007,0.014143177005503053,0.0014,0.01,0.01
Coqueiro 1,2026-10,COD,0.9,0.85,558.47,427.22955,303343.83,256067.86523983406,0.003,0.001,0.004,0.004,0.0007,0.014143177005503053,0.0014,0.01,-0.005
Coqueiro 1,2026-11,COD,0.9,0.9,654.18,529.8858,303343.83,331299.8111626146,0.003,0.001,0.004,0.004,0.0007,0.014143177005503053,0.0014,0.01,-0.01
Coqueiro 1,2026-12,COD,0.9,0.9,717.33,581.0373000000001,303343.83,381730.6202148298,0.003,0.001,0.004,0.004,0.0007,0.014143177005503053,0.0014,0.01,-0.01
Cachoeira,2026-01,COD,0,0.9832775764500907,562.83,0,-37560.51211160433,-25894.46729607627,0.007,0.0021,0.007,0.007,0.0007,0.011522423549909327,0.0014,0.01,-0.030000000000000002
Cachoeira,2026-02,COD,0,0.9332775764500907,501.15,0,-37560.51211160433,-27667.007487188734,0.007,0.0021,0.007,0.007,0.0007,0.011522423549909327,0.0014,0.01,0.02
Cachoeira,2026-03,COD,1e-07,1.1178178316194705,512.75,5.7316109291605244e-05,-37560.47331962595,-27435.344988364377,0.007,0.0021,0.007,0.007,0.0007,0.011522423549909327,0.0014,0.01,-0.1645402551693797
Cachoeira,2026-04,COD,1e-07,0.9248000000000001,522.79,4.8347619156174915e-05,-37560.47938956821,-20131.33580828199,0.007,0.0021,0.007,0.007,0.0007,0.01,0.0014,0.01,0.03
Cachoeira,2026-05,COD,1e-07,0.9943775764500907,486.88,4.8414255388706806e-05,-37560.47934446833,-12560.114103284199,0.003,0.001,0.004,0.004,0.0007,0.011522423549909327,0.0014,0.02,-0.04
Cachoeira,2026-06,COD,1e-07,0.9,441.74,3.975659996058312e-05,-37560.4852040353,-7344.591918107559,0.003,0.001,0.01,0.004,0.0007,0.011522423549909327,0.0014,0.01,-0.02
Cachoeira,2026-07,COD,1e-07,0.7923212749581201,471.12,3.732783989107702e-05,-37560.48684783856,2325.692298146052,0.003,0.001,0.004,0.004,0.0007,0.011522423549909327,0.0014,0.01,0.02
Cachoeira,2026-08,COD,1e-07,0.8,561.92,4.49535999678119e-05,-37560.4816866662,20169.77610956208,0.003,0.001,0.004,0.004,0.0007,0.011522423549909327,0.0014,0.01,0.02
Cachoeira,2026-09,COD,1e-07,0.8,542.66,4.341279998243408e-05,-37560.48272949137,26128.745567072998,0.003,0.001,0.004,0.004,0.0007,0.011522423549909327,0.0014,0.01,0.02
Cachoeira,2026-10,COD,1e-07,0.83,567.37,4.7091709973301477e-05,-37560.480239577126,39396.813419514045,0.003,0.001,0.004,0.004,0.0007,0.011522423549909327,0.0014,0.01,0.005
Cachoeira,2026-11,COD,1e-07,0.9,571.78,5.1460199983921484e-05,-37560.4772829499,48707.613400595146,0.003,0.001,0.004,0.004,0.0007,0.011522423549909327,0.0014,0.01,-0.01
Cachoeira,2026-12,COD,1e-07,0.9,578.72,5.208480001783755e-05,-37560.47686021583,54255.871553067,0.003,0.001,0.004,0.004,0.0007,0.011522423549909327,0.0014,0.01,-0.02
Horizonte I,2026-01,COD,0.95,0.9883983370686144,575.15,540.0534383867628,343824.08912252035,311406.8729606173,0.007,0.0021,0.007,0.007,0.0007,0.006401662931385642,0.0014,0.01,-0.030000000000000002
Horizonte I,2026-02,COD,0.95,0.9383983370686144,556.55,496.1523147707605,312821.20804831764,283516.73452101735,0.007,0.0021,0.007,0.007,0.0007,0.006401662931385642,0.0014,0.01,0.02
Horizonte I,2026-03,COD,0.95,0.9563377073522467,594.47,540.0883730452056,343848.75990476605,283804.44981660135,0.007,0.0021,0.05,0.007,0.0007,0.006401662931385642,0.0014,0.03,-0.060939370283632326
Horizonte I,2026-04,COD,0.95,0.9183983370686144,528.52,461.12229465212886,288083.08158795076,266090.52924386534,0.007,0.0021,0.007,0.007,0.0007,0.006401662931385642,0.0014,0.02,0.03
Horizonte I,2026-05,COD,0.95,0.9994983370686144,512.49,486.62125762607945,306090.3955581274,258931.18043954534,0.003,0.001,0.004,0.004,0.0007,0.006401662931385642,0.0014,0.02,-0.04
Horizonte I,2026-06,COD,0.95,0.9,472.66,404.1243,247831.2177603956,236777.10267957734,0.003,0.001,0.01,0.004,0.0007,0.006401662931385642,0.0014,0.01,-0.02
Horizonte I,2026-07,COD,0.95,0.6895323784538567,496.38,325.15657791607913,192064.3786725667,259509.8951247134,0.003,0.001,0.004,0.004,0.0007,0.006401662931385642,0.0014,0.01,0.02
Horizonte I,2026-08,COD,0.95,0.7,604.11,401.73314999999997,246142.59266439558,291132.7276394173,0.003,0.001,0.004,0.004,0.0007,0.006401662931385642,0.0014,0.01,0.02
Horizonte I,2026-09,COD,0.95,0.7,584.61,388.76564999999994,236984.9714643956,292679.2230288253,0.003,0.001,0.004,0.004,0.0007,0.006401662931385642,0.0014,0.01,0.02
Horizonte I,2026-10,COD,0.95,0.75,584.33,416.33512500000006,256454.47666839563,284689.2396741374,0.003,0.001,0.004,0.004,0.0007,0.006401662931385642,0.0014,0.01,0.005
Horizonte I,2026-11,COD,0.95,0.78,572.83,424.46703,262197.2108595956,305733.36053820135,0.003,0.001,0.004,0.004,0.0007,0.006401662931385642,0.0014,0.01,-0.01
Horizonte I,2026-12,COD,0.95,0.83,619.11,488.168235,307182.8677227956,293278.32298111334,0.003,0.001,0.004,0.004,0.0007,0.006401662931385642,0.0014,0.01,-0.02
Horizonte II,2026-01,COD,0.95,0.9886987966271595,286.05,268.67642623643906,170912.42498830316,158483.88403286153,0.007,0.0021,0.007,0.007,0.0007,0.006101203372840487,0.0014,0.01,-0.030000000000000002
Horizonte II,2026-02,COD,0.95,0.9386987966271595,278.12,248.01736385204833,156323.0386252093,144973.60616855754,0.007,0.0021,0.007,0.007,0.0007,0.006101203372840487,0.0014,0.01,0.02
Horizonte II,2026-03,COD,0.95,0.9605316548805927,278.81,254.41553916239513,160841.41655953345,145385.43394458955,0.007,0.0021,0.05,0.007,0.0007,0.006101203372840487,0.0014,0.03,-0.0648328582534332
Horizonte II,2026-04,COD,0.95,0.9186987966271595,264.29,230.66275971256238,144067.2537179131,133981.58352561353,0.007,0.0021,0.007,0.007,0.0007,0.006101203372840487,0.0014,0.02,0.03
Horizonte II,2026-05,COD,0.95,0.9997987966271595,254.26,241.49839992890048,151719.3600268169,131891.02243406154,0.003,0.001,0.004,0.004,0.0007,0.006101203372840487,0.0014,0.02,-0.04
Horizonte II,2026-06,COD,0.95,0.9,235.67,201.49784999999997,123471.05587871143,121431.72521812553,0.003,0.001,0.01,0.004,0.0007,0.006101203372840487,0.0014,0.01,-0.02
Horizonte II,2026-07,COD,0.95,0.743589973267705,243.77,172.20168139429504,102782.16328550705,124479.72510335754,0.003,0.001,0.004,0.004,0.0007,0.006101203372840487,0.0014,0.01,0.02
Horizonte II,2026-08,COD,0.95,0.8,302.15,229.634,143340.74577471142,158383.39553332556,0.003,0.001,0.004,0.004,0.0007,0.006101203372840487,0.0014,0.01,0.02
Horizonte II,2026-09,COD,0.95,0.8,292.43,222.2468,138123.92068671144,149575.86623562957,0.003,0.001,0.004,0.004,0.0007,0.006101203372840487,0.0014,0.01,0.02
Horizonte II,2026-10,COD,0.95,0.83,281.09,221.63946499999997,137695.02198831143,145121.09423298953,0.003,0.001,0.004,0.004,0.0007,0.006101203372840487,0.0014,0.01,0.005
Horizonte II,2026-11,COD,0.95,0.85,300.9,242.97674999999998,152763.36773471144,154418.70828119756,0.003,0.001,0.004,0.004,0.0007,0.006101203372840487,0.0014,0.01,-0.01
Horizonte II,2026-12,COD,0.95,0.88,306.03,255.84107999999998,161848.13049791142,148157.71085130953,0.003,0.001,0.004,0.004,0.0007,0.006101203372840487,0.0014,0.01,-0.02
Horizonte III,2026-01,COD,0.95,0.9872677413001998,189.06,177.32019721170496,126571.75122195674,112100.32538192875,0.007,0.0021,0.007,0.007,0.0007,0.007532258699800174,0.0014,0.01,-0.030000000000000002
Horizonte III,2026-02,COD,0.95,0.9372677413001999,182.82,162.7837240412774,115112.95453094263,101964.82528205405,0.007,0.0021,0.007,0.007,0.0007,0.007532258699800174,0.0014,0.01,0.02
Horizonte III,2026-03,COD,0.95,0.9647609801926657,212.16,194.44950507979212,140074.4250835579,120239.25053685886,0.007,0.0021,0.05,0.007,0.0007,0.007532258699800174,0.0014,0.03,-0.07049323889246585
Horizonte III,2026-04,COD,0.95,0.9172677413001998,194.41,169.40972050686324,120336.08847026617,106034.85839176971,0.007,0.0021,0.007,0.007,0.0007,0.007532258699800174,0.0014,0.02,0.03
Horizonte III,2026-05,COD,0.95,0.9983677413001998,190.93,181.08743520412477,129541.3858599941,106083.18300660345,0.003,0.001,0.004,0.004,0.0007,0.007532258699800174,0.0014,0.02,-0.04
Horizonte III,2026-06,COD,0.95,0.9,177.06,151.3863,106128.60438224475,96933.3760130709,0.003,0.001,0.01,0.004,0.0007,0.007532258699800174,0.0014,0.01,-0.02
Horizonte III,2026-07,COD,0.95,0.7609175025415115,192.51,139.16001699355306,96490.88210840689,105449.36433280104,0.003,0.001,0.004,0.004,0.0007,0.007532258699800174,0.0014,0.01,0.02
Horizonte III,2026-08,COD,0.95,0.8,224.18,170.3768,121098.41693646161,126939.45331808296,0.003,0.001,0.004,0.004,0.0007,0.007532258699800174,0.0014,0.01,0.02
Horizonte III,2026-09,COD,0.95,0.8,213.12,161.9712,114472.45888344958,117746.23255273358,0.003,0.001,0.004,0.004,0.0007,0.007532258699800174,0.0014,0.01,0.02
Horizonte III,2026-10,COD,0.95,0.83,217.67,171.63279499999996,122088.49143260616,122359.02845547089,0.003,0.001,0.004,0.004,0.0007,0.007532258699800174,0.0014,0.01,0.005
Horizonte III,2026-11,COD,0.95,0.85,202.62,163.61565,115768.74430272667,111631.66246448299,0.003,0.001,0.004,0.004,0.0007,0.007532258699800174,0.0014,0.01,-0.01
Horizonte III,2026-12,COD,0.95,0.88,214.39,179.23003999999997,128077.24020585918,111841.35439488778,0.003,0.001,0.004,0.004,0.0007,0.007532258699800174,0.0014,0.01,-0.02
Jatobá 1,2026-01,COD,1,0.9877,1088.62,1075.2299739999999,649591.4659610961,480509.9737217868,0.007,0.0021,0.007,0.007,0.0007,0.0071,0.0014,0.01,-0.030000000000000002
Jatobá 1,2026-02,COD,1,0.9377,995.9200000000001,933.874184,552523.3355095733,412925.3219431798,0.007,0.0021,0.007,0.007,0.0007,0.0071,0.0014,0.01,0.02
Jatobá 1,2026-03,COD,1,0.9577,1068.8200000000002,1023.6089140000001,614143.6092717743,437484.9604416457,0.007,0.0021,0.007,0.007,0.0007,0.0071,0.0014,0.01,0
Jatobá 1,2026-04,COD,1,0.9477,1072.24,1016.161848,609029.7559660901,459947.12651866715,0.007,0.0021,0.007,0.007,0.0007,0.0071,0.0014,0.01,0.01
Jatobá 1,2026-05,COD,1,0.9628,1113.6899999999998,1072.2607319999997,647552.5061859207,458146.55771909916,0.003,0.001,0.04,0.004,0.0007,0.0071,0.0014,0.02,-0.04
Jatobá 1,2026-06,COD,1,0.9,1051.89,946.7010000000001,561331.4292478326,439323.0707284955,0.003,0.001,0.04,0.004,0.0007,0.0071,0.0014,0.01,-0.02
Jatobá 1,2026-07,COD,1,0.8276802175132381,1173.04,970.9020023517287,577950.1050964498,498877.9548521103,0.003,0.001,0.04,0.004,0.0007,0.0071,0.0014,0.01,0.02
Jatobá 1,2026-08,COD,1,0.84,1284.73,1079.1732,652299.2544129724,553680.7557993862,0.003,0.001,0.004,0.004,0.0007,0.0071,0.0014,0.01,0.02
Jatobá 1,2026-09,COD,1,0.85,1199.77,1019.8045,611531.1421457825,499708.780470182,0.003,0.001,0.004,0.004,0.0007,0.0071,0.0014,0.01,0.02
Jatobá 1,2026-10,COD,1,0.85,1183,1005.55,601742.6667991325,505466.4031613407,0.003,0.001,0.004,0.004,0.0007,0.0071,0.0014,0.01,0.005
Jatobá 1,2026-11,COD,1,0.87,1104.5900000000001,960.9933000000001,571145.8616163426,450296.886230705,0.003,0.001,0.004,0.004,0.0007,0.0071,0.0014,0.01,-0.01
Jatobá 1,2026-12,COD,1,0.9,1063.42,957.0780000000001,568457.2497727326,408156.1201298501,0.003,0.001,0.004,0.004,0.0007,0.0071,0.0014,0.01,-0.02
Jatobá 2,2026-01,COD,1,0.9748,1063.56,1036.758288,623173.201556518,467623.0828180877,0.007,0.0021,0.007,0.007,0.0007,0.02,0.0014,0.01,-0.030000000000000002
Jatobá 2,2026-02,COD,1,0.9248,1017.8900000000001,941.3446720000001,557653.2725550989,421633.40447495,0.007,0.0021,0.007,0.007,0.0007,0.02,0.0014,0.01,0.02
Jatobá 2,2026-03,COD,1,0.9577,1132.57,1084.6622889999999,656068.5772480117,465761.9960492666,0.007,0.0021,0.007,0.007,0.0007,0.0071,0.0014,0.01,0
Jatobá 2,2026-04,COD,1,0.8968,1074.3999999999999,963.5219199999999,572882.2490400365,459677.8103898131,0.007,0.0021,0.05,0.007,0.0007,0.015,0.0014,0.01,0.01
Jatobá 2,2026-05,COD,1,0.6829,1059.2,723.32768,407942.37765574845,429730.8857576962,0.2,0.001,0.11,0.004,0.0007,0.02,0.0014,0.02,-0.04
Jatobá 2,2026-06,COD,1,0.74,1006.8799999999999,745.0912,422887.24972957245,414883.7858216093,0.2,0.001,0.11,0.004,0.0007,0.02,0.0014,0.01,-0.02
Jatobá 2,2026-07,COD,1,0.7540646939059273,1135.9,856.542085807743,499419.870873169,478165.123659044,0.2,0.001,0.11,0.004,0.0007,0.02,0.0014,0.01,0.02
Jatobá 2,2026-08,COD,1,0.74,1234.6899999999998,913.6705999999998,538649.6616593522,526726.2367344173,0.003,0.001,0.004,0.004,0.0007,0.02,0.0014,0.01,0.02
Jatobá 2,2026-09,COD,1,0.75,1156.6999999999998,867.5249999999999,506961.76885663235,477063.24916446785,0.003,0.001,0.004,0.004,0.0007,0.02,0.0014,0.01,0.02
Jatobá 2,2026-10,COD,1,0.75,1176.67,882.5025,517246.7237483825,499327.27823569014,0.003,0.001,0.004,0.004,0.0007,0.02,0.0014,0.01,0.005
Jatobá 2,2026-11,COD,1,0.78,1093.56,852.9768,496971.61157029244,441605.22137953725,0.003,0.001,0.004,0.004,0.0007,0.02,0.0014,0.01,-0.01
Jatobá 2,2026-12,COD,1,0.85,1142.07,970.7594999999999,577852.2496292824,440896.11818233476,0.003,0.001,0.004,0.004,0.0007,0.02,0.0014,0.01,-0.02
Jatobá 6,2026-01,COD,0,0.9908,1070.47,0,-88762.18323586747,0,0.007,0.0021,0.007,0.007,0.0007,0.004,0.0014,0.01,-0.030000000000000002
Jatobá 6,2026-02,COD,0,0.9408,775.6600000000001,0,-88762.18323586747,0,0.007,0.0021,0.007,0.007,0.0007,0.004,0.0014,0.01,0.02
Jatobá 6,2026-03,COD,0,0.9608,847.01,0,-88762.18323586747,0,0.007,0.0021,0.007,0.007,0.0007,0.004,0.0014,0.01,0
Jatobá 6,2026-04,COD,0,0.9047000000000001,819.8499999999999,0,-88762.18323586747,0,0.007,0.0021,0.05,0.007,0.0007,0.0071,0.0014,0.01,0.01
Jatobá 6,2026-05,COD,0.65,0.9989,812.65,527.64145525,243497.3562585439,0,0.003,0.001,0.004,0.004,0.0007,0.007,0.0014,0.02,-0.04
Jatobá 6,2026-06,COD,0.65,0.9,779.58,456.05430000000007,198418.42055245885,0,0.003,0.001,0.01,0.004,0.0007,0.007,0.0014,0.01,-0.02
Jatobá 6,2026-07,COD,0.3,0.9539752174247672,856.12,245.01517894250753,65525.600096104434,0,0.003,0.001,0.004,0.004,0.0007,0.007,0.0014,0.01,0.02
Jatobá 6,2026-08,COD,0.4,0.85,962.1,327.11400000000003,117223.80577380653,267853.875939143,0.003,0.001,0.004,0.004,0.0007,0.007,0.0014,0.01,0.02
Jatobá 6,2026-09,COD,0.4,0.85,914.98,311.0932,107135.39521135372,237723.30989892874,0.003,0.001,0.004,0.004,0.0007,0.007,0.0014,0.01,0.02
Jatobá 6,2026-10,COD,0.65,0.88,874.86,500.41992000000005,226355.76384478924,232792.25722044153,0.003,0.001,0.004,0.004,0.0007,0.007,0.0014,0.01,0.005
Jatobá 6,2026-11,COD,0.65,0.89,827.6500000000001,478.79552500000005,212738.73005592404,210371.5887192957,0.003,0.001,0.004,0.004,0.0007,0.007,0.0014,0.01,-0.01
Jatobá 6,2026-12,COD,0.65,0.9,887.12,518.9652000000001,238033.85723810573,218768.88760684407,0.003,0.001,0.004,0.004,0.0007,0.007,0.0014,0.01,-0.02
Jatobá 71,2026-01,COD,0,0.9908,198.62,0,-14480.662573099413,0,0.007,0.0021,0.007,0.007,0.0007,0.004,0.0014,0.01,-0.030000000000000002
Jatobá 71,2026-02,COD,0,0.9408,197.24,0,-14480.662573099413,5298.903815293335,0.007,0.0021,0.007,0.007,0.0007,0.004,0.0014,0.01,0.02
Jatobá 71,2026-03,COD,0,0.8384825899280581,216.63,0,-14480.662573099413,12070.266590701358,0.007,0.0021,0.08,0.007,0.0007,0.004,0.0014,0.04,0.019317410071941918
Jatobá 71,2026-04,COD,0,0.9147000000000001,215.41,0,-14480.662573099413,18686.61581546598,0.007,0.0021,0.04,0.007,0.0007,0.0071,0.0014,0.01,0.01
Jatobá 71,2026-05,COD,0,0.9989,199.77,0,-14480.662573099413,22026.252243915616,0.003,0.001,0.004,0.004,0.0007,0.007,0.0014,0.02,-0.04
Jatobá 71,2026-06,COD,0,0.9,201.78,0,-14480.662573099413,25765.6810451293,0.003,0.001,0.01,0.004,0.0007,0.003,0.0014,0.01,-0.02
Jatobá 71,2026-07,COD,0,0.8573636173059768,222.35,0,-14480.662573099413,35390.20391563111,0.003,0.001,0.004,0.004,0.0007,0.003,0.0014,0.01,0.02
Jatobá 71,2026-08,COD,0.1,0.85,248.56,21.1276,-1668.235203019416,42792.90091177219,0.003,0.001,0.004,0.004,0.0007,0.007,0.0014,0.01,0.02
Jatobá 71,2026-09,COD,0.2,0.88,219.02,38.54751999999999,8895.74081851657,44934.49091331007,0.003,0.001,0.004,0.004,0.0007,0.007,0.0014,0.01,0.02
Jatobá 71,2026-10,COD,0.3,0.9,221.93,59.921100000000024,21857.338036780595,47778.52828513201,0.003,0.001,0.004,0.004,0.0007,0.007,0.0014,0.01,0.005
Jatobá 71,2026-11,COD,0.4,0.9,203.08,73.10880000000002,29854.765497940578,48054.14759221093,0.003,0.001,0.004,0.004,0.0007,0.007,0.0014,0.01,-0.01
Jatobá 71,2026-12,COD,0.5,0.9,193.74,87.183,38389.79386330057,49424.23361894157,0.003,0.001,0.004,0.004,0.0007,0.007,0.0014,0.01,-0.02
Jatobá 72,2026-01,COD,0,0.9908,196.93,0,-17752.436647173483,0,0.007,0.0021,0.007,0.007,0.0007,0.004,0.0014,0.01,-0.030000000000000002
Jatobá 72,2026-02,COD,0,0.9408,204.7,0,-17752.436647173483,0,0.007,0.0021,0.007,0.007,0.0007,0.004,0.0014,0.01,0.02
Jatobá 72,2026-03,COD,0,0.8384825899280581,226.6,0,-17752.436647173483,0,0.007,0.0021,0.08,0.007,0.0007,0.004,0.0014,0.04,0.019317410071941918
Jatobá 72,2026-04,COD,0,0.9147000000000001,228.11,0,-17752.436647173483,4137.7117161532515,0.007,0.0021,0.04,0.007,0.0007,0.0071,0.0014,0.01,0.01
Jatobá 72,2026-05,COD,0,0.9989,214.22,0,-17752.436647173483,9766.7616489332,0.003,0.001,0.004,0.004,0.0007,0.007,0.0014,0.02,-0.04
Jatobá 72,2026-06,COD,0,0.9,217.27,0,-17752.436647173497,15390.229468736237,0.003,0.001,0.01,0.004,0.0007,0.003,0.0014,0.01,-0.02
Jatobá 72,2026-07,COD,0.15,0.8142436351083905,238.71,29.15521472050858,858.7424971736764,25380.334548100363,0.003,0.001,0.004,0.004,0.0007,0.003,0.0014,0.01,0.02
Jatobá 72,2026-08,COD,0.2,0.8,264.46,42.31359999999998,9258.37419375281,33498.25886254849,0.003,0.001,0.004,0.004,0.0007,0.007,0.0014,0.01,0.02
Jatobá 72,2026-09,COD,0.5,0.8,229.16,91.664,40761.113722510716,37082.51251672806,0.003,0.001,0.004,0.004,0.0007,0.007,0.0014,0.01,0.02
Jatobá 72,2026-10,COD,0.7,0.82,229,131.446,66155.88223366861,41048.38830885733,0.003,0.001,0.004,0.004,0.0007,0.007,0.0014,0.01,0.005
Jatobá 72,2026-11,COD,1,0.85,211.26,179.571,96876.38986524753,42707.48142721857,0.003,0.001,0.004,0.004,0.0007,0.007,0.0014,0.01,-0.01
Jatobá 72,2026-12,COD,1,0.9,199.8,179.82000000000002,97035.33856966862,45321.39385782658,0.003,0.001,0.004,0.004,0.0007,0.007,0.0014,0.01,-0.02
Jatobá 73,2026-01,COD,0,0.9908,196.93,0,-14480.662573099413,0,0.007,0.0021,0.007,0.007,0.0007,0.004,0.0014,0.01,-0.030000000000000002
Jatobá 73,2026-02,COD,0,0.9408,195.83,0,-14480.662573099413,0,0.007,0.0021,0.007,0.007,0.0007,0.004,0.0014,0.01,0.02
Jatobá 73,2026-03,COD,0,0.8384825899280581,216.38,0,-14480.662573099413,0,0.007,0.0021,0.08,0.007,0.0007,0.004,0.0014,0.04,0.019317410071941918
Jatobá 73,2026-04,COD,0,0.9147000000000001,216.83,0,-14480.662573099413,4102.712868998729,0.007,0.0021,0.04,0.007,0.0007,0.0071,0.0014,0.01,0.01
Jatobá 73,2026-05,COD,0,0.9989,202.99,0,-14480.662573099413,9733.213831926027,0.003,0.001,0.004,0.004,0.0007,0.007,0.0014,0.02,-0.04
Jatobá 73,2026-06,COD,0,0.9,206.09,0,-14480.662573099413,15347.387803635182,0.003,0.001,0.01,0.004,0.0007,0.003,0.0014,0.01,-0.02
Jatobá 73,2026-07,COD,0,0.7636663763404338,226.61,0,-14480.662573099413,25313.501550542736,0.003,0.001,0.004,0.004,0.0007,0.003,0.0014,0.01,0.02
Jatobá 73,2026-08,COD,0,0.8,251.44,0,-14480.662573099413,33420.28703206457,0.003,0.001,0.004,0.004,0.0007,0.007,0.0014,0.01,0.02
Jatobá 73,2026-09,COD,0,0.8,219.63,0,-14480.662573099413,36993.05167137564,0.003,0.001,0.004,0.004,0.0007,0.007,0.0014,0.01,0.02
Jatobá 73,2026-10,COD,0,0.82,220.65,0,-14480.662573099413,41022.68330979669,0.003,0.001,0.004,0.004,0.0007,0.007,0.0014,0.01,0.005
Jatobá 73,2026-11,COD,0.25,0.85,201.13,42.740125000000006,10180.435283834333,42790.444075894346,0.003,0.001,0.004,0.004,0.0007,0.007,0.0014,0.01,-0.01
Jatobá 73,2026-12,COD,0.5,0.9,191.65,86.2425,35281.35220637559,45434.843012656114,0.003,0.001,0.004,0.004,0.0007,0.007,0.0014,0.01,-0.02
Jatobá 74,2026-01,COD,0,0.9908,198.52,0,-17752.436647173483,0,0.007,0.0021,0.007,0.007,0.0007,0.004,0.0014,0.01,-0.030000000000000002
Jatobá 74,2026-02,COD,0,0.9408,196.83,0,-17752.436647173497,0,0.007,0.0021,0.007,0.007,0.0007,0.004,0.0014,0.01,0.02
Jatobá 74,2026-03,COD,0,0.8384825899280581,215.43,0,-17752.436647173483,0,0.007,0.0021,0.08,0.007,0.0007,0.004,0.0014,0.04,0.019317410071941918
Jatobá 74,2026-04,COD,0,0.9147000000000001,212.99,0,-17752.436647173483,0,0.007,0.0021,0.04,0.007,0.0007,0.0071,0.0014,0.01,0.01
Jatobá 74,2026-05,COD,0.05,0.9989,196.85,9.831673250000023,-11790.207172837385,0,0.003,0.001,0.004,0.004,0.0007,0.007,0.0014,0.02,-0.04
Jatobá 74,2026-06,COD,0.05,0.53,198.52,5.260780000000011,-14562.137623149494,0,0.15,0.001,0.01,0.004,0.0007,0.007,0.0014,0.01,-0.02
Jatobá 74,2026-07,COD,0.4,0.7446980042313117,218.98,65.22958758662905,21804.79433665602,0,0.003,0.001,0.004,0.004,0.0007,0.007,0.0014,0.01,0.02
Jatobá 74,2026-08,COD,0.5,0.7,245.01,85.75349999999999,34251.12696062648,0,0.003,0.001,0.004,0.004,0.0007,0.007,0.0014,0.01,0.02
Jatobá 74,2026-09,COD,0.6,0.75,217.67,97.9515,41648.36985902649,0,0.003,0.001,0.004,0.004,0.0007,0.007,0.0014,0.01,0.02
Jatobá 74,2026-10,COD,0.7,0.82,221.46,127.11803999999998,59335.85804445847,0,0.003,0.001,0.004,0.004,0.0007,0.007,0.0014,0.01,0.005
Jatobá 74,2026-11,COD,0.8,0.85,203.13,138.1284,66012.8794675465,0,0.003,0.001,0.004,0.004,0.0007,0.007,0.0014,0.01,-0.01
Jatobá 74,2026-12,COD,0.9,0.9,193.86,157.02660000000003,77473.33001210651,0,0.003,0.001,0.004,0.004,0.0007,0.007,0.0014,0.01,-0.02
Jatobá 75,2026-01,COD,0.15,0.9803,198.62,29.206077899999997,4272.653505939859,0,0.007,0.0021,0.007,0.007,0.0007,0.0145,0.0014,0.01,-0.030000000000000002
Jatobá 75,2026-02,COD,0.15,0.9303,196.68,27.445710600000012,3142.3160294345143,5237.2118175478245,0.007,0.0021,0.007,0.007,0.0007,0.0145,0.0014,0.01,0.02
Jatobá 75,2026-03,COD,0,0.8379825899280581,214.96,0,-14480.662573099413,11874.68281754962,0.007,0.0021,0.08,0.007,0.0007,0.0145,0.0014,0.03,0.019317410071941918
Jatobá 75,2026-04,COD,0,0.9073,211.93,0,-14480.662573099413,18175.515984186044,0.007,0.0021,0.04,0.007,0.0007,0.0145,0.0014,0.01,0.01
Jatobá 75,2026-05,COD,0,0.9914,195.17,0,-14480.662573099413,21194.266382138092,0.003,0.001,0.004,0.004,0.0007,0.0145,0.0014,0.02,-0.04
Jatobá 75,2026-06,COD,0.04,0.52,196.71,4.091568000000009,-11853.453667281807,24763.52881508547,0.15,0.001,0.01,0.004,0.0007,0.0145,0.0014,0.01,-0.02
Jatobá 75,2026-07,COD,0.5,0.6137078211580498,217.15,66.63332668223525,28304.809716209216,34226.73853592678,0.003,0.001,0.004,0.004,0.0007,0.0145,0.0014,0.01,0.02
Jatobá 75,2026-08,COD,0.5,0.6,243.76,73.128,32475.060236500576,41746.878816664896,0.003,0.001,0.004,0.004,0.0007,0.0145,0.0014,0.01,0.02
Jatobá 75,2026-09,COD,0.5,0.7,217.33,76.0655,34361.23838650058,44551.263017031626,0.003,0.001,0.004,0.004,0.0007,0.0145,0.0014,0.01,0.02
Jatobá 75,2026-10,COD,0.5,0.82,220.94,90.58539999999999,43684.51264018057,47492.91718445832,0.003,0.001,0.004,0.004,0.0007,0.0145,0.0014,0.01,0.005
Jatobá 75,2026-11,COD,0.5,0.85,202.85,86.21124999999999,40875.85692790057,47964.54793164107,0.003,0.001,0.004,0.004,0.0007,0.0145,0.0014,0.01,-0.01
Jatobá 75,2026-12,COD,0.5,0.9,193.63,87.1335,41468.03660410057,49393.557390596055,0.003,0.001,0.004,0.004,0.0007,0.0145,0.0014,0.01,-0.02
Araucária 03,2026-01,COD,0.95,0.9683384721686927,217.82,200.3773117073954,100683.04367609178,87588.17117711167,0.007,0.0021,0.007,0.007,0.0007,0.016461527831307284,0.0014,0.01,-0.02
Araucária 03,2026-02,COD,0.95,0.9283384721686927,182.59,161.03005555161752,79385.26316695835,78555.6349426878,0.007,0.0021,0.007,0.007,0.0007,0.016461527831307284,0.0014,0.01,0.02
Araucária 03,2026-03,COD,0.95,0.9202601443359095,227.61,198.98739087968153,99930.71094426098,88327.42751258874,0.007,0.0021,0.007,0.007,0.0007,0.016461527831307284,0.0014,0.03,0.00807832783278318
Araucária 03,2026-04,COD,0.95,0.9383384721686927,216.35,192.85905203101183,96613.57962593404,77775.01310699528,0.007,0.0021,0.007,0.007,0.0007,0.016461527831307284,0.0014,0.01,0.01
Araucária 03,2026-05,COD,0.95,0.9894384721686927,195.19,183.47207061347677,91532.61873040236,70827.51561857454,0.003,0.001,0.004,0.004,0.0007,0.016461527831307284,0.0014,0.01,-0.03
Araucária 03,2026-06,COD,0.95,0.9,176.49,150.89895,73901.52469485324,67581.10089004037,0.003,0.001,0.01,0.004,0.0007,0.016461527831307284,0.0014,0.01,-0.02
Araucária 03,2026-07,COD,0.95,0.7698403875573687,197.19,144.21458472131565,70283.4288361567,73721.51273392045,0.003,0.001,0.004,0.004,0.0007,0.016461527831307284,0.0014,0.01,-0.01
Araucária 03,2026-08,COD,0.95,0.8,226.67,172.2692,85468.75805220325,89964.60910660544,0.003,0.001,0.004,0.004,0.0007,0.016461527831307284,0.0014,0.01,0.01
Araucária 03,2026-09,COD,0.95,0.8,227.19,172.6644,85682.67088068325,86081.02646650246,0.003,0.001,0.004,0.004,0.0007,0.016461527831307284,0.0014,0.01,0.01
Araucária 03,2026-10,COD,0.95,0.8,232.79,176.9204,87986.34749508325,87434.49559346917,0.003,0.001,0.004,0.004,0.0007,0.016461527831307284,0.0014,0.01,-0.01
Araucária 03,2026-11,COD,0.95,0.82,200.95,156.54004999999995,76954.92463599321,85587.27153545438,0.003,0.001,0.004,0.004,0.0007,0.016461527831307284,0.0014,0.02,-0.01
Araucária 03,2026-12,COD,0.95,0.83,229.93,181.299805,90356.82044703024,75866.4092474816,0.003,0.001,0.004,0.004,0.0007,0.016461527831307284,0.0014,0.01,-0.01
Araucária 061,2026-01,CONST,0.95,0.9808,242.4,225.858624,0,0,0.007,0.0021,0.007,0.007,0.0007,0.004,0.0014,0.01,-0.02
Araucária 061,2026-02,CONST,0.5,0.9408,232.44,109.339776,0,0,0.007,0.0021,0.007,0.007,0.0007,0.004,0.0014,0.01,0.02
Araucária 061,2026-03,CONST,0,0.9608,241.38,0,0,0,0.007,0.0021,0.007,0.007,0.0007,0.004,0.0014,0.01,0
Araucária 061,2026-04,CONST,0,0.9508,234.15,0,0,47481.28008969737,0.007,0.0021,0.007,0.007,0.0007,0.004,0.0014,0.01,0.01
Araucária 061,2026-05,CONST,0,0.9989,212.83,0,0,63829.81421807305,0.003,0.001,0.004,0.004,0.0007,0.007,0.0014,0.01,-0.03
Araucária 061,2026-06,CONST,0,0,179.82,0,0,56525.85321597529,0.003,0.001,0.01,0.004,0.0007,0.003,0.0014,0.01,-0.02
Araucária 061,2026-07,CONST,0,0,202.04,0,0,61245.996609279915,0.003,0.001,0.004,0.004,0.0007,0.003,0.0014,0.01,-0.01
Araucária 061,2026-08,CONST,0,0,247.54,0,0,76369.52186868472,0.003,0.001,0.004,0.004,0.0007,0.007,0.0014,0.01,0.01
Araucária 061,2026-09,CONST,0,0,245.28,0,0,92738.89306037755,0.003,0.001,0.004,0.004,0.0007,0.007,0.0014,0.01,0.01
Araucária 061,2026-10,CONST,0,0,264.19,0,0,98761.98189968731,0.003,0.001,0.004,0.004,0.0007,0.007,0.0014,0.01,-0.01
Araucária 061,2026-11,CONST,0,0,242.55,0,0,93609.82877047,0.003,0.001,0.004,0.004,0.0007,0.007,0.0014,0.02,-0.01
Araucária 061,2026-12,CONST,0,0,260.57,0,0,93243.50813379833,0.003,0.001,0.004,0.004,0.0007,0.007,0.0014,0.01,-0.01
Araucária 062,2026-01,CONST,0.95,0.9808,242.4,225.858624,0,0,0.007,0.0021,0.007,0.007,0.0007,0.004,0.0014,0.01,-0.02
Araucária 062,2026-02,CONST,0.5,0.9408,232.55,109.39152,0,0,0.007,0.0021,0.007,0.007,0.0007,0.004,0.0014,0.01,0.02
Araucária 062,2026-03,CONST,0,0.9608,241.54,0,0,0,0.007,0.0021,0.007,0.007,0.0007,0.004,0.0014,0.01,0
Araucária 062,2026-04,CONST,0,0.9508,234.41,0,0,47481.28008969737,0.007,0.0021,0.007,0.007,0.0007,0.004,0.0014,0.01,0.01
Araucária 062,2026-05,CONST,0,0.9989,212.96,0,0,63829.81421807305,0.003,0.001,0.004,0.004,0.0007,0.007,0.0014,0.01,-0.03
Araucária 062,2026-06,CONST,0,0,180.18,0,0,56525.85321597529,0.003,0.001,0.01,0.004,0.0007,0.003,0.0014,0.01,-0.02
Araucária 062,2026-07,CONST,0,0,202.12,0,0,61245.996609279915,0.003,0.001,0.004,0.004,0.0007,0.003,0.0014,0.01,-0.01
Araucária 062,2026-08,CONST,0,0,247.66,0,0,76369.52186868472,0.003,0.001,0.004,0.004,0.0007,0.007,0.0014,0.01,0.01
Araucária 062,2026-09,CONST,0,0,245.45,0,0,92738.89306037755,0.003,0.001,0.004,0.004,0.0007,0.007,0.0014,0.01,0.01
Araucária 062,2026-10,CONST,0,0,264.28,0,0,98761.98189968731,0.003,0.001,0.004,0.004,0.0007,0.007,0.0014,0.01,-0.01
Araucária 062,2026-11,CONST,0,0,242.78,0,0,93609.82877047,0.003,0.001,0.004,0.004,0.0007,0.007,0.0014,0.02,-0.01
Araucária 062,2026-12,CONST,0,0,260.84,0,0,93243.50813379833,0.003,0.001,0.004,0.004,0.0007,0.007,0.0014,0.01,-0.01
Araucária 063,2026-01,CONST,0.95,0.9808,242.4,225.858624,0,0,0.007,0.0021,0.007,0.007,0.0007,0.004,0.0014,0.01,-0.02
Araucária 063,2026-02,CONST,0.5,0.9408,233.42,109.80076799999999,0,0,0.007,0.0021,0.007,0.007,0.0007,0.004,0.0014,0.01,0.02
Araucária 063,2026-03,CONST,0,0.9608,243.24,0,0,0,0.007,0.0021,0.007,0.007,0.0007,0.004,0.0014,0.01,0
Araucária 063,2026-04,CONST,0,0.9508,236.68,0,0,47481.28008969737,0.007,0.0021,0.007,0.007,0.0007,0.004,0.0014,0.01,0.01
Araucária 063,2026-05,CONST,0,0.9989,215.91,0,0,63829.81421807305,0.003,0.001,0.004,0.004,0.0007,0.007,0.0014,0.01,-0.03
Araucária 063,2026-06,CONST,0,0,182.5,0,0,56525.85321597529,0.003,0.001,0.01,0.004,0.0007,0.003,0.0014,0.01,-0.02
Araucária 063,2026-07,CONST,0,0,204.08,0,0,61245.996609279915,0.003,0.001,0.004,0.004,0.0007,0.003,0.0014,0.01,-0.01
Araucária 063,2026-08,CONST,0,0,250.28,0,0,76369.52186868472,0.003,0.001,0.004,0.004,0.0007,0.007,0.0014,0.01,0.01
Araucária 063,2026-09,CONST,0,0,246.78,0,0,92738.89306037755,0.003,0.001,0.004,0.004,0.0007,0.007,0.0014,0.01,0.01
Araucária 063,2026-10,CONST,0,0,265.39,0,0,98761.98189968731,0.003,0.001,0.004,0.004,0.0007,0.007,0.0014,0.01,-0.01
Araucária 063,2026-11,CONST,0,0,244.02,0,0,93609.82877047,0.003,0.001,0.004,0.004,0.0007,0.007,0.0014,0.02,-0.01
Araucária 063,2026-12,CONST,0,0,261.93,0,0,93243.50813379833,0.003,0.001,0.004,0.004,0.0007,0.007,0.0014,0.01,-0.01
Araucária 07,2026-01,COD,1,0.979561100672016,1141.7,1118.3649086372407,589821.1235671602,538064.6187029784,0.007,0.0021,0.007,0.007,0.0007,0.005238899327984022,0.0014,0.01,-0.02
Araucária 07,2026-02,COD,1,0.9395611006720159,985.22,925.6743876040836,481532.51917590457,441718.4265566008,0.007,0.0021,0.007,0.007,0.0007,0.005238899327984022,0.0014,0.01,0.02
Araucária 07,2026-03,COD,1,0.9666176390001459,1162.2,1123.4030200459695,592652.4514928604,527909.2648856343,0.007,0.0021,0.007,0.007,0.0007,0.005238899327984022,0.0014,0.03,-0.027056538328129914
Araucária 07,2026-04,COD,1,0.9495611006720159,1076.5,1022.2025248734252,535779.5948148037,490872.1609964024,0.007,0.0021,0.007,0.007,0.0007,0.005238899327984022,0.0014,0.01,0.01
Araucária 07,2026-05,COD,0.95,1.000661100672016,928.33,882.4965336075101,457267.3424312022,417960.26019213675,0.003,0.001,0.004,0.004,0.0007,0.005238899327984022,0.0014,0.01,-0.03
Araucária 07,2026-06,COD,0.95,0.9,881.85,753.98175,385044.3473098865,394945.5113501288,0.003,0.001,0.01,0.004,0.0007,0.005238899327984022,0.0014,0.01,-0.02
Araucária 07,2026-07,COD,0.9,0.7259688835969839,974.96,637.0115604765439,319309.2062611155,425356.74343673204,0.003,0.001,0.004,0.004,0.0007,0.005238899327984022,0.0014,0.01,-0.01
Araucária 07,2026-08,COD,0.9,0.75,1150.4,776.5200000000001,397710.4381213865,532483.6838336344,0.003,0.001,0.004,0.004,0.0007,0.005238899327984022,0.0014,0.01,0.01
Araucária 07,2026-09,COD,0.9,0.8,1143,822.9600000000002,423808.8822013865,505601.8310811864,0.003,0.001,0.004,0.004,0.0007,0.005238899327984022,0.0014,0.01,0.01
Araucária 07,2026-10,COD,0.9,0.8,1225.9,882.6480000000001,457352.46381738654,539444.3579238104,0.003,0.001,0.004,0.004,0.0007,0.005238899327984022,0.0014,0.01,-0.01
Araucária 07,2026-11,COD,0.9,0.8,1157.3,833.2560000000001,429595.04887338646,502274.65235939436,0.003,0.001,0.004,0.004,0.0007,0.005238899327984022,0.0014,0.02,-0.01
Araucária 07,2026-12,COD,0.9,0.8,1122.2,807.9840000000002,415392.6397693865,475906.20240694645,0.003,0.001,0.004,0.004,0.0007,0.005238899327984022,0.0014,0.01,-0.01
Araucária 22,2026-01,COD,0.5,0.9838,242.2,119.13817999999999,56710.137687255236,51095.48269957816,0.007,0.0021,0.007,0.007,0.0007,0.001,0.0014,0.01,-0.02
Araucária 22,2026-02,COD,0.5,0.9438,225.87,106.588053,49917.03757502544,45289.679781699764,0.007,0.0021,0.007,0.007,0.0007,0.001,0.0014,0.01,0.02
Araucária 22,2026-03,COD,0.5,1.1036832818950657,248.96,137.38649493029777,66587.538147108,50755.82880961337,0.007,0.0021,0.007,0.007,0.0007,0.001,0.0014,0.01,-0.13988328189506574
Araucária 22,2026-04,COD,0.4,0.9538,230.63,87.9899576,39850.308851961476,69062.66712304504,0.007,0.0021,0.007,0.007,0.0007,0.001,0.0014,0.01,0.01
Araucária 22,2026-05,COD,0.5,1.0049,211.21,106.12246449999999,49665.025042275534,62684.09484519495,0.003,0.001,0.004,0.004,0.0007,0.001,0.0014,0.01,-0.03
Araucária 22,2026-06,COD,0.5,0.78,178.83,69.7437,29974.02197850324,55115.73706474073,0.003,0.001,0.01,0.004,0.0007,0.001,0.0014,0.01,-0.02
Araucária 22,2026-07,COD,0.5,0.7884583123636973,196.6,77.50545210535145,34175.2829775324,60082.92400559226,0.003,0.001,0.004,0.004,0.0007,0.001,0.0014,0.01,-0.01
Araucária 22,2026-08,COD,0.5,0.8,221.35,88.54,40148.03437212324,98951.40243559674,0.003,0.001,0.004,0.004,0.0007,0.001,0.0014,0.01,0.01
Araucária 22,2026-09,COD,0.5,0.8,231.1,92.44,42259.01623212324,92052.93936226555,0.003,0.001,0.004,0.004,0.0007,0.001,0.0014,0.01,0.01
Araucária 22,2026-10,COD,0.5,0.85,258.9,110.03249999999998,51781.438891623235,98504.13807577675,0.003,0.001,0.004,0.004,0.0007,0.001,0.0014,0.01,-0.01
Araucária 22,2026-11,COD,0.7,0.85,250.2,148.86899999999997,72802.75863672323,93797.74210707739,0.003,0.001,0.004,0.004,0.0007,0.001,0.0014,0.02,-0.01
Araucária 22,2026-12,COD,0.7,0.85,254.89,151.65954999999997,74313.22028529322,93401.0163947212,0.003,0.001,0.004,0.004,0.0007,0.001,0.0014,0.01,-0.01
Araucária 81,2026-01,COD,0.95,0.965122114028057,237.9,218.12242338091102,110288.07158544197,96388.72451675225,0.007,0.0021,0.007,0.007,0.0007,0.019677885971942984,0.0014,0.01,-0.02
Araucária 81,2026-02,COD,0.95,0.925122114028057,226.78,199.30923336831862,100104.91700971998,88302.1991324599,0.007,0.0021,0.007,0.007,0.0007,0.019677885971942984,0.0014,0.01,0.02
Araucária 81,2026-03,COD,0.95,0.8746028849747863,227.68,189.17310560850638,94618.46012982099,88794.15254497212,0.007,0.0021,0.1,0.007,0.0007,0.019677885971942984,0.0014,0.01,-0.022480770946729314
Araucária 81,2026-04,COD,0.95,0.935122114028057,216.45,192.28682250230426,96303.844714432,85092.19394801086,0.007,0.0021,0.007,0.007,0.0007,0.019677885971942984,0.0014,0.01,0.01
Araucária 81,2026-05,COD,0.95,0.986222114028057,201.74,189.0124268198192,94531.48833284526,78743.8384448301,0.003,0.001,0.004,0.004,0.0007,0.019677885971942984,0.0014,0.01,-0.03
Araucária 81,2026-06,COD,0.95,0.68,185.58,119.88468,57114.201266355245,71894.07333698042,0.003,0.001,0.01,0.004,0.0007,0.019677885971942984,0.0014,0.01,-0.02
Araucária 81,2026-07,COD,0.95,0.7112835434852893,203.84,137.73863562883932,66778.14394884875,76931.77604108461,0.003,0.001,0.004,0.004,0.0007,0.019677885971942984,0.0014,0.01,-0.01
Araucária 81,2026-08,COD,0.95,0.8,187.67,142.6292,69425.29591620323,73472.36200834668,0.003,0.001,0.004,0.004,0.0007,0.019677885971942984,0.0014,0.01,0.01
Araucária 81,2026-09,COD,0.95,0.8,231.9,176.244,87620.22746172325,88632.7742234791,0.003,0.001,0.004,0.004,0.0007,0.019677885971942984,0.0014,0.01,0.01
Araucária 81,2026-10,COD,0.95,0.85,250.82,202.53715,101852.11533153325,95243.09223968687,0.003,0.001,0.004,0.004,0.0007,0.019677885971942984,0.0014,0.01,-0.01
Araucária 81,2026-11,COD,0.95,0.85,245.34,198.11204999999998,99456.90870879324,91832.70550141184,0.003,0.001,0.004,0.004,0.0007,0.019677885971942984,0.0014,0.02,-0.01
Araucária 81,2026-12,COD,0.95,0.88,249.6,208.66559999999998,105169.30681356323,91392.7860679545,0.003,0.001,0.004,0.004,0.0007,0.019677885971942984,0.0014,0.01,-0.01
Araucária 82,2026-01,COD,0.95,0.9654474927624799,237.51,217.83826230571574,110134.26161747907,96217.79743495643,0.007,0.0021,0.007,0.007,0.0007,0.019352507237520133,0.0014,0.01,-0.02
Araucária 82,2026-02,COD,0.95,-0.01955250723752,226.78,-4.212411711758553,-10056.749882946984,88289.5849423955,0.007,0.0021,0.007,0.952,0.0007,0.019352507237520133,0.0014,0.01,0.02
Araucária 82,2026-03,COD,0,0.42654749276247983,221.07,0,-7776.666623876765,85976.98343058588,0.007,0,0.007,0.55,0.0007,0.019352507237520133,0.0014,0.01,-0.022
Araucária 82,2026-04,COD,0.95,0.9375474927624798,217.05,193.31994913889145,96863.05281415465,85381.14185578616,0.007,0,0.007,0.007,0.0007,0.019352507237520133,0.0014,0.01,0.01
Araucária 82,2026-05,COD,0.95,0.9875474927624799,202.65,190.12017443790072,95131.08708341661,79240.99881556112,0.003,0,0.004,0.004,0.0007,0.019352507237520133,0.0014,0.01,-0.03
Araucária 82,2026-06,COD,0.95,0.68,186.65,120.5759,57488.343030783246,72463.47068465527,0.003,0.001,0.01,0.004,0.0007,0.019352507237520133,0.0014,0.01,-0.02
Araucária 82,2026-07,COD,0.95,0.7286364854004822,204.9,141.83273506563086,68994.18744733675,77528.55575844205,0.003,0.001,0.004,0.004,0.0007,0.019352507237520133,0.0014,0.01,-0.01
Araucária 82,2026-08,COD,0.95,0.8,207.7,157.85199999999998,77665.05352092323,82184.35611466457,0.003,0.001,0.004,0.004,0.0007,0.019352507237520133,0.0014,0.01,0.01
Araucária 82,2026-09,COD,0.95,0.8,232.63,176.7988,87920.52816324325,88933.22194325215,0.003,0.001,0.004,0.004,0.0007,0.019352507237520133,0.0014,0.01,0.01
Araucária 82,2026-10,COD,0.95,0.85,250.92,202.61789999999996,101895.82348158323,95251.23467623141,0.003,0.001,0.004,0.004,0.0007,0.019352507237520133,0.0014,0.01,-0.01
Araucária 82,2026-11,COD,0.95,0.85,244.92,197.7729,99273.33447858325,91643.44992668586,0.003,0.001,0.004,0.004,0.0007,0.019352507237520133,0.0014,0.02,-0.01
Araucária 82,2026-12,COD,0.95,0.88,235.69,197.03683999999998,98874.92183553924,85836.68216389991,0.003,0.001,0.004,0.004,0.0007,0.019352507237520133,0.0014,0.01,-0.01
Litoral 01,2026-01,COD,0.95,0.9353045352806779,100.8,89.56476229847772,51870.695564087364,50175.01727814063,0.007,0.0021,0.007,0.007,0.0007,0.009495464719322035,0.0014,0.01,0.02
Litoral 01,2026-02,COD,0.95,0.9353045352806779,91.71,81.48793998406141,46561.08609569057,45431.58404974383,0.007,0.0021,0.007,0.007,0.0007,0.009495464719322035,0.0014,0.01,0.02
Litoral 01,2026-03,COD,0.95,1.021020377952618,100.53,97.51101966579785,57094.47314806779,48631.85265146703,0.007,0.0021,0.007,0.007,0.0007,0.009495464719322035,0.0014,0.01,-0.06571584267194001
Litoral 01,2026-04,COD,0.95,0.9453045352806779,97.47,87.53189140111729,50534.30977466775,48757.08168898384,0.007,0.0021,0.007,0.007,0.0007,0.009495464719322035,0.0014,0.01,0.01
Litoral 01,2026-05,COD,0.95,0.996404535280678,96.1,90.9667520484495,52792.347392153286,46264.7436970672,0.003,0.001,0.004,0.004,0.0007,0.009495464719322035,0.0014,0.02,-0.04
Litoral 01,2026-06,COD,0.95,0.9,93.49,79.93394999999998,45539.51107373682,46628.197157718874,0.003,0.001,0.01,0.004,0.0007,0.009495464719322035,0.0014,0.01,-0.02
Litoral 01,2026-07,COD,0.95,0.9955796341854745,97.38,92.10206753813242,53538.69064931254,49962.04547638575,0.003,0.001,0.004,0.004,0.0007,0.009495464719322035,0.0014,0.01,-0.01
Litoral 01,2026-08,COD,0.95,0.9,104.69,89.50995,51834.66259373684,52812.77370347822,0.003,0.001,0.004,0.004,0.0007,0.009495464719322035,0.0014,0.01,-0.01
Litoral 01,2026-09,COD,0.95,0.9,95.25,81.43875,46528.74916973684,48570.16268419886,0.003,0.001,0.004,0.004,0.0007,0.009495464719322035,0.0014,0.01,-0.01
Litoral 01,2026-10,COD,0.95,0.9,120.22,102.7881,60563.56465673684,61609.068735612615,0.003,0.001,0.004,0.004,0.0007,0.009495464719322035,0.0014,0.01,-0.02
Litoral 01,2026-11,COD,0.95,0.91,110.7,95.70015000000001,55904.02839773684,56361.85799250543,0.003,0.001,0.004,0.004,0.0007,0.009495464719322035,0.0014,0.01,-0.02
Litoral 01,2026-12,COD,0.95,0.92,103.57,90.52017999999998,52498.77609833682,52422.204619039825,0.003,0.001,0.004,0.004,0.0007,0.009495464719322035,0.0014,0.01,-0.03
Litoral 02,2026-01,COD,0.95,0.9384022942776281,91.554,81.61875946777926,50479.60155344891,48643.06462706703,0.007,0.0021,0.007,0.007,0.0007,0.006397705722371895,0.0014,0.01,0.02
Litoral 02,2026-02,COD,0.95,0.9384022942776281,93.99,83.79041005719654,52009.19221636503,51024.080505180624,0.007,0.0021,0.007,0.007,0.0007,0.006397705722371895,0.0014,0.01,0.02
Litoral 02,2026-03,COD,0.95,1.0240770767334597,88.18,85.78796079503866,53416.15656513919,45677.37058239423,0.007,0.0021,0.007,0.007,0.0007,0.006397705722371895,0.0014,0.01,-0.06567478245583164
Litoral 02,2026-04,COD,0.95,0.9484022942776281,99.84,89.95406080764447,56350.52718217592,54784.21765350063,0.007,0.0021,0.007,0.007,0.0007,0.006397705722371895,0.0014,0.01,0.01
Litoral 02,2026-05,COD,0.95,0.9995022942776282,105.97,100.62139521837024,63864.00803050529,56813.34473594463,0.003,0.001,0.004,0.004,0.0007,0.006397705722371895,0.0014,0.02,-0.04
Litoral 02,2026-06,COD,0.95,0.9,97.28,83.1744,51575.30877473684,53384.47627635182,0.003,0.001,0.01,0.004,0.0007,0.006397705722371895,0.0014,0.01,-0.02
Litoral 02,2026-07,COD,0.95,0.8867483141447372,100.53,84.68756761992191,52641.100423788725,56646.980414940626,0.003,0.001,0.004,0.004,0.0007,0.006397705722371895,0.0014,0.01,-0.01
Litoral 02,2026-08,COD,0.95,0.9,113.98,97.4529,61632.29509973683,63729.70522410063,0.003,0.001,0.004,0.004,0.0007,0.006397705722371895,0.0014,0.01,-0.01
Litoral 02,2026-09,COD,0.95,0.9,111.97,95.73434999999999,60421.84345223683,63453.21790580462,0.003,0.001,0.004,0.004,0.0007,0.006397705722371895,0.0014,0.01,-0.01
Litoral 02,2026-10,COD,0.95,0.9,121.41,103.80555,66106.75069223685,67884.05029926062,0.003,0.001,0.004,0.004,0.0007,0.006397705722371895,0.0014,0.01,-0.02
Litoral 02,2026-11,COD,0.95,0.91,112.74,97.46373,61639.92315323683,62662.31145296463,0.003,0.001,0.004,0.004,0.0007,0.006397705722371895,0.0014,0.01,-0.02
Litoral 02,2026-12,COD,0.95,0.92,106.49,93.07226,58546.81437173684,58835.462193948624,0.003,0.001,0.004,0.004,0.0007,0.006397705722371895,0.0014,0.01,-0.03
Litoral 10,2026-01,COD,0,0.9339115431734232,247.5,0,-17326.87894736843,1258.2330670736847,0.007,0.0021,0.007,0.007,0.0007,0.010888456826576787,0.0014,0.01,0.02
Litoral 10,2026-02,COD,0,0.9339115431734232,227.559,0,-17326.87894736843,-41.20282822230365,0.007,0.0021,0.007,0.007,0.0007,0.010888456826576787,0.0014,0.01,0.02
Litoral 10,2026-03,COD,0,0.8937770849376359,246.794,0,-17326.87894736843,813.8306920976756,0.007,0.0021,0.007,0.007,0.0007,0.010888456826576787,0.0014,0.01,0.06013445823578735
Litoral 10,2026-04,COD,0.3,0.9322115431734233,214.788,60.06835588054,13429.801177432702,-956.7144817263033,0.007,0.0021,0.0187,0.007,0.0007,0.010888456826576787,0.0014,0.01,0.01
Litoral 10,2026-05,COD,0.3,0.9936115431734233,222.048,66.1888367815717,16563.65877222616,-944.755140318317,0.003,0.001,0.0054,0.004,0.0007,0.010888456826576787,0.0014,0.02,-0.04
Litoral 10,2026-06,COD,0.35,0.67,194.221,45.544824500000004,5993.346451717574,-1827.927184254324,0.003,0.001,0.01,0.004,0.0007,0.04,0.0014,0.01,-0.02
Litoral 10,2026-07,COD,0,0.7105307870930537,213.416,0,-17326.87894736843,-692.1773506863101,0.003,0.001,0.0054,0.004,0.0007,0.04,0.0014,0.01,-0.01
Litoral 10,2026-08,COD,0.6,0.75,252.765,113.74425,40913.36189163156,1863.6520637456852,0.003,0.001,0.004,0.004,0.0007,0.04,0.0014,0.01,-0.01
Litoral 10,2026-09,COD,0.7,0.75,255.302,134.03355,51302.05159203155,2444.2333900496888,0.003,0.001,0.004,0.004,0.0007,0.04,0.0014,0.01,-0.01
Litoral 10,2026-10,COD,0.8,0.8,267.776,171.37664000000004,70422.75927855157,4152.431197505677,0.003,0.001,0.004,0.004,0.0007,0.04,0.0014,0.01,-0.02
Litoral 10,2026-11,COD,0.9,0.8,266.662,191.99664,80980.77663855156,2852.995302209689,0.003,0.001,0.004,0.004,0.0007,0.04,0.0014,0.01,-0.02
Litoral 10,2026-12,COD,1,0.85,250.581,212.99384999999998,91731.93608043154,2624.117388833678,0.003,0.001,0.004,0.004,0.0007,0.04,0.0014,0.01,-0.03
Litoral 12,2026-01,COD,0.15,0.9326570874028759,219.05,30.644780249339988,-684.9245851618616,-842.2755250383198,0.007,0.0021,0.007,0.007,0.0007,0.01214291259712414,0.0014,0.01,0.02
Litoral 12,2026-02,COD,0.15,0.9326570874028759,223.32,31.242147113821545,-360.51853573649714,-471.6409685391118,0.007,0.0021,0.007,0.007,0.0007,0.01214291259712414,0.0014,0.01,0.02
Litoral 12,2026-03,COD,0.15,0.9894180152561125,233.8,34.698889795031874,1516.7001447215735,-229.1679784287262,0.007,0.0021,0.0327,0.007,0.0007,0.01214291259712414,0.0014,0.01,-0.0624609278532366
Litoral 12,2026-04,COD,0.15,0.9121570874028758,238.12,32.58042684785593,366.247656628213,609.9917511248932,0.007,0.0021,0.0375,0.007,0.0007,0.01214291259712414,0.0014,0.01,0.01
Litoral 12,2026-05,COD,0.15,0.9923570874028759,255.73,38.06632169423062,3345.4177119004453,1287.0761478128843,0.003,0.001,0.0054,0.004,0.0007,0.01214291259712414,0.0014,0.02,-0.04
Litoral 12,2026-06,COD,0.15,0.9,229.06,30.923100000000005,-533.7802613684325,-81.81019995032693,0.003,0.001,0.01,0.004,0.0007,0.01214291259712414,0.0014,0.01,-0.02
Litoral 12,2026-07,COD,0,0.8594909630664452,237.57,0,-17326.87894736843,939.3593904080772,0.003,0.001,0.0054,0.004,0.0007,0.01214291259712414,0.0014,0.01,-0.01
Litoral 12,2026-08,COD,0,0.85,271.7,0,-17326.87894736843,3087.0414265328873,0.003,0.001,0.004,0.004,0.0007,0.01214291259712414,0.0014,0.01,-0.01
Litoral 12,2026-09,COD,0,0.85,270.01,0,-17326.87894736843,3398.7276202832873,0.003,0.001,0.004,0.004,0.0007,0.01214291259712414,0.0014,0.01,-0.01
Litoral 12,2026-10,COD,0,0.88,274.71,0,-17326.87894736843,3307.797865563276,0.003,0.001,0.004,0.004,0.0007,0.01214291259712414,0.0014,0.01,-0.02
Litoral 12,2026-11,COD,0,0.88,259.7,0,-17326.87894736843,2209.183881358491,0.003,0.001,0.004,0.004,0.0007,0.01214291259712414,0.0014,0.01,-0.02
Litoral 12,2026-12,COD,0,0.88,252.58,0,-17326.87894736843,1693.1011024880863,0.003,0.001,0.004,0.004,0.0007,0.01214291259712414,0.0014,0.01,-0.03
Litoral 15,2026-01,COD,0,0.9408,238.8,0,-17326.87894736843,0,0.007,0.0021,0.007,0.007,0.0007,0.004,0.0014,0.01,0.02
Litoral 15,2026-02,COD,0,0.9408,221.28,0,-17326.878947368423,0,0.007,0.0021,0.007,0.007,0.0007,0.004,0.0014,0.01,0.02
Litoral 15,2026-03,COD,0,1.0258,257.29,0,-17326.878947368423,0,0.007,0.0021,0.007,0.007,0.0007,0.004,0.0014,0.01,-0.065
Litoral 15,2026-04,COD,0,0.9408,222.89,0,-17326.878947368426,0,0.007,0.0021,0.007,0.007,0.0007,0.004,0.0014,0.01,0.02
Litoral 15,2026-05,COD,0,0.9989,243.08,0,-17326.878947368426,0,0.003,0.001,0.004,0.004,0.0007,0.007,0.0014,0.02,-0.04
Litoral 15,2026-06,COD,0,0.9,219.85,0,-17326.87894736843,0,0.003,0.001,0.01,0.004,0.0007,0.003,0.0014,0.01,-0.02
Litoral 15,2026-07,COD,0,0.8814230611780761,231.21,0,-17326.878947368423,0,0.003,0.001,0.004,0.004,0.0007,0.003,0.0014,0.01,-0.01
Litoral 15,2026-08,COD,0,0.9,255.45,0,-17326.878947368426,0,0.003,0.001,0.004,0.004,0.0007,0.007,0.0014,0.01,-0.01
Litoral 15,2026-09,COD,0,0.9,272.42,0,-17326.87894736843,0,0.003,0.001,0.004,0.004,0.0007,0.007,0.0014,0.01,-0.01
Litoral 15,2026-10,COD,0,0.9,267.2,0,-17326.87894736843,0,0.003,0.001,0.004,0.004,0.0007,0.007,0.0014,0.01,-0.02
Litoral 15,2026-11,COD,0.25,0.9,263.3,59.24250000000001,-7629.249000868429,0,0.003,0.001,0.004,0.004,0.0007,0.007,0.0014,0.01,-0.02
Litoral 15,2026-12,COD,0.5,0.9,232.9,104.805,-170.9502383684303,0,0.003,0.001,0.004,0.004,0.0007,0.007,0.0014,0.01,-0.03
Guará I,2026-01,COD,0.95,0.9772137062529976,623.7,579.0137791604949,343795.9753653542,353968.20177391253,0.007,0.0021,0.007,0.007,0.0007,0.0075862937470023446,0.0014,0.01,-0.02
Guará I,2026-02,COD,0.95,0.9372137062529977,589.53,524.8898164349632,305599.3708269005,317339.7364180367,0.007,0.0021,0.007,0.007,0.0007,0.0075862937470023446,0.0014,0.01,0.02
Guará I,2026-03,COD,0.95,0.9315218525329473,603.54,534.1001639338482,312099.3383710487,325979.7222884699,0.007,0.0021,0.00448,0.007,0.0007,0.0075862937470023446,0.0014,0.01,0.0282118537200504
Guará I,2026-04,COD,0.95,0.9472137062529976,567.06,510.2706540544335,295282.27030408307,306926.78734893515,0.007,0.0021,0.007,0.007,0.0007,0.0075862937470023446,0.0014,0.01,0.01
Guará I,2026-05,COD,0.95,0.9983137062529976,492.7,467.2757049173093,264939.6829057851,259768.08377649938,0.003,0.001,0.004,0.004,0.0007,0.0075862937470023446,0.0014,0.02,-0.04
Guará I,2026-06,COD,0.95,0.9,418.84,358.10819999999995,187897.50410373008,211930.83770661842,0.003,0.001,0.01,0.004,0.0007,0.0075862937470023446,0.0014,0.01,-0.02
Guará I,2026-07,COD,0.95,0.7798963040779294,499.28,369.9172953650271,196231.47159059424,253515.47484364692,0.003,0.001,0.004,0.004,0.0007,0.0075862937470023446,0.0014,0.01,-0.01
Guará I,2026-08,COD,0.95,0.78,592.11,438.75351,244810.87220968213,346586.3709579358,0.003,0.001,0.004,0.004,0.0007,0.0075862937470023446,0.0014,0.01,0.01
Guará I,2026-09,COD,0.95,0.8,580.15,440.914,246335.5828550901,322950.05471621815,0.003,0.001,0.004,0.004,0.0007,0.0075862937470023446,0.0014,0.01,0.01
Guará I,2026-10,COD,0.95,0.83,620.13,488.97250499999996,280251.6454963861,343919.07532814326,0.003,0.001,0.004,0.004,0.0007,0.0075862937470023446,0.0014,0.01,-0.01
Guará I,2026-11,COD,0.95,0.85,575.38,464.61934999999994,263065.0282578101,312054.237254398,0.003,0.001,0.004,0.004,0.0007,0.0075862937470023446,0.0014,0.02,-0.01
Guará I,2026-12,COD,0.95,0.88,665.69,556.51684,327919.3350536181,358609.9996270841,0.003,0.001,0.004,0.004,0.0007,0.0075862937470023446,0.0014,0.01,-0.01
Guará II,2026-01,COD,0.95,0.9758878525944611,308.68,286.17520922191534,169461.5801719456,174805.95688387853,0.007,0.0021,0.007,0.007,0.0007,0.00891214740553893,0.0014,0.01,-0.02
Guará II,2026-02,COD,0.95,0.9358878525944611,273.3,242.9892426083629,138984.18706764153,144997.63447627405,0.007,0.0021,0.007,0.007,0.0007,0.00891214740553893,0.0014,0.01,0.02
Guará II,2026-03,COD,0.95,0.9276759988744107,285.9,251.9614396742843,145316.08602533574,152934.51299214864,0.007,0.0021,0.007,0.007,0.0007,0.00891214740553893,0.0014,0.01,0.0282118537200504
Guará II,2026-04,COD,0.95,0.9458878525944611,274.47,246.63694695652168,141558.4612605046,147665.03469443216,0.007,0.0021,0.007,0.007,0.0007,0.00891214740553893,0.0014,0.01,0.01
Guará II,2026-05,COD,0.95,0.9969878525944611,235.64,223.18370670609085,125006.93587545617,122763.80530705935,0.003,0.001,0.004,0.004,0.0007,0.00891214740553893,0.0014,0.02,-0.04
Guará II,2026-06,COD,0.95,0.9,214.02,182.98710000000003,96639.20718703119,108898.493519643,0.003,0.001,0.01,0.004,0.0007,0.00891214740553893,0.0014,0.01,-0.02
Guará II,2026-07,COD,0.95,0.7568016867582469,238.45,171.43639409712875,88487.59146463264,119793.44209350413,0.003,0.001,0.004,0.004,0.0007,0.00891214740553893,0.0014,0.01,-0.01
Guará II,2026-08,COD,0.95,0.78,284.52,210.82932,116288.14294965519,165701.1360655932,0.003,0.001,0.004,0.004,0.0007,0.00891214740553893,0.0014,0.01,0.01
Guará II,2026-09,COD,0.95,0.8,262.95,199.842,108534.12244111119,144522.9360410351,0.003,0.001,0.004,0.004,0.0007,0.00891214740553893,0.0014,0.01,0.01
Guará II,2026-10,COD,0.95,0.83,286.57,225.96044499999996,126966.54801725515,157379.6485854543,0.003,0.001,0.004,0.004,0.0007,0.00891214740553893,0.0014,0.01,-0.01
Guará II,2026-11,COD,0.95,0.85,318.07,256.84152499999993,148760.08162199112,174496.4866120111,0.003,0.001,0.004,0.004,0.0007,0.00891214740553893,0.0014,0.02,-0.01
Guará II,2026-12,COD,0.95,0.88,328.46,274.59256,161287.42126786316,176673.85011178834,0.003,0.001,0.004,0.004,0.0007,0.00891214740553893,0.0014,0.01,-0.01
Guará III,2026-01,COD,0,0.9808,310.27,0,-32499.26572528883,0,0.007,0.0021,0.007,0.007,0.0007,0.004,0.0014,0.01,-0.02
Guará III,2026-02,COD,0,0.9408,291.44,0,-32499.26572528883,0,0.007,0.0021,0.007,0.007,0.0007,0.004,0.0014,0.01,0.02
Guará III,2026-03,COD,0,0.925293628202321,305.51,0,-32499.26572528883,0,0.007,0.0021,0.007,0.007,0.0007,0.004,0.0014,0.01,0.03550637179767898
Guará III,2026-04,COD,0,0.9508,254.21,0,-32499.26572528883,122477.28015345038,0.007,0.0021,0.007,0.007,0.0007,0.004,0.0014,0.01,0.01
Guará III,2026-05,COD,0,0.9989,235.28,0,-32499.26572528883,110712.28312724206,0.003,0.001,0.004,0.004,0.0007,0.007,0.0014,0.02,-0.04
Guará III,2026-06,COD,1,0.9,202.26,182.034,70815.38815432614,90554.11296481083,0.003,0.001,0.01,0.004,0.0007,0.007,0.0014,0.01,-0.02
Guará III,2026-07,COD,1,0.7985570799960449,238.33,190.32010887545738,75518.22647286381,107915.97556093335,0.003,0.001,0.004,0.004,0.0007,0.007,0.0014,0.01,-0.01
Guará III,2026-08,COD,1,0.78,284.84,222.1752,93597.80344109893,152270.7985055059,0.003,0.001,0.004,0.004,0.0007,0.007,0.0014,0.01,0.01
Guará III,2026-09,COD,1,0.8,259.43,207.544,85293.764833787,130464.95254949582,0.003,0.001,0.004,0.004,0.0007,0.007,0.0014,0.01,0.01
Guará III,2026-10,COD,1,0.83,305.03,253.17489999999995,111191.89726902061,155652.1344320956,0.003,0.001,0.004,0.004,0.0007,0.007,0.0014,0.01,-0.01
Guará III,2026-11,COD,1,0.85,319.02,271.167,121403.43788268304,161730.32074098077,0.003,0.001,0.004,0.004,0.0007,0.007,0.0014,0.02,-0.01
Guará III,2026-12,COD,1,0.88,308.64,271.6032,121651.0062052068,151880.95744121663,0.003,0.001,0.004,0.004,0.0007,0.007,0.0014,0.01,-0.01
Palmares,2026-01,COD,1,1.0138,1179,1195.2702,515359.14189625985,499027.5497743252,0.007,0.0021,0.007,0.007,0.0007,0.001,0.0014,0.01,-0.05
Palmares,2026-02,COD,1,0.9338,1037.6,968.9108799999999,391213.92750070547,392476.3636581147,0.007,0.0021,0.007,0.007,0.0007,0.001,0.0014,0.01,0.03
Palmares,2026-03,COD,1,0.9138,1123.2,1026.38016,422732.55941194354,439164.308838662,0.007,0.0021,0.007,0.007,0.0007,0.001,0.0014,0.01,0.05
Palmares,2026-04,COD,1,0.9338,990.98,925.377124,367338.13801669516,387297.98509600945,0.007,0.0021,0.007,0.007,0.0007,0.001,0.0014,0.01,0.03
Palmares,2026-05,COD,1,0.6920999999999999,826.08,571.729968,173382.78419252727,333309.16788666206,0.003,0.001,0.0348,0.25,0.0007,0.007,0.0014,0.01,0
Palmares,2026-06,COD,1,0.62,722.74,448.0988,105578.11921415219,276560.260094241,0.003,0.001,0.0348,0.25,0.0007,0.007,0.0014,0.01,0.01
Palmares,2026-07,COD,1,0.8143859652157069,802.36,653.4307230504746,218191.00217100428,304136.68093196733,0.003,0.001,0.0348,0.25,0.0007,0.007,0.0014,0.01,0.02
Palmares,2026-08,COD,1,0.85,1033,878.05,341381.90190631547,443939.8564606129,0.003,0.001,0.004,0.004,0.0007,0.007,0.0014,0.01,0.01
Palmares,2026-09,COD,1,0.8,1057.3,845.84,323716.5486278165,433210.69049109716,0.003,0.001,0.004,0.004,0.0007,0.007,0.0014,0.01,0.01
Palmares,2026-10,COD,1,0.8,1151.6,921.28,365091.09849835245,463699.2458201077,0.003,0.001,0.004,0.004,0.0007,0.007,0.0014,0.01,-0.005
Palmares,2026-11,COD,1,0.83,1224.2,1016.086,417086.79806126386,495858.3095432234,0.003,0.001,0.004,0.004,0.0007,0.007,0.0014,0.01,-0.01
Palmares,2026-12,COD,1,0.88,1278.5,1125.08,476863.80877957237,533646.5521433076,0.003,0.001,0.004,0.004,0.0007,0.007,0.0014,0.01,-0.01
Cerrado I,2026-01,COD,0.9,0.9226221978047828,293.39,243.6193139525507,138500.20223568552,107641.34132284106,0.007,0.0021,0.007,0.007,0.0007,0.0021778021952172113,0.0014,0.01,0.04
Cerrado I,2026-02,COD,0.9,0.9526221978047827,232.42,199.26760609240884,106486.07272694606,87991.43924473433,0.007,0.0021,0.007,0.007,0.0007,0.0021778021952172113,0.0014,0.01,0.01
Cerrado I,2026-03,COD,0.9,1.0072221978047828,286.77,259.9569986980298,150293.13604928437,117479.13796348247,0.007,0.0021,0.0174,0.007,0.0007,0.0021778021952172113,0.0014,0.01,-0.055
Cerrado I,2026-04,COD,0.9,0.9476857498713407,280.51,239.2517967267688,135347.6232518334,110989.05819395787,0.007,0.0021,0.007,0.007,0.0007,0.007114250128659275,0.0014,0.01,0.01
Cerrado I,2026-05,COD,0.9,0.9917221978047828,274.57,245.06744746613327,139545.4998372113,106679.84240513161,0.003,0.003,0.004,0.004,0.0007,0.0021778021952172113,0.0014,0.01,-0.02
Cerrado I,2026-06,COD,0.9,0.9,306.41,248.1921,141800.94919227253,120404.27037151376,0.003,0.001,0.01,0.004,0.0007,0.0021778021952172113,0.0014,0.01,-0.02
Cerrado I,2026-07,COD,0.9,0.7969294735811491,338.04,242.4546353244345,137659.5091883253,136773.6327553265,0.003,0.001,0.004,0.004,0.0007,0.0021778021952172113,0.0014,0.01,0.02
Cerrado I,2026-08,COD,0.9,0.85,312.77,239.26905,135360.07707943828,128032.47982318231,0.003,0.001,0.004,0.004,0.0007,0.0021778021952172113,0.0014,0.01,0.01
Cerrado I,2026-09,COD,0.9,0.85,291.85,223.26525000000004,123808.14930593307,112445.42665219927,0.003,0.001,0.004,0.004,0.0007,0.0021778021952172113,0.0014,0.01,0.02
Cerrado I,2026-10,COD,0.9,0.88,312.69,247.65048,141409.99484888618,126976.53165118973,0.003,0.001,0.004,0.004,0.0007,0.0021778021952172113,0.0014,0.01,0.01
Cerrado I,2026-11,COD,0.9,0.89,289.03,231.51303,129761.59529074671,115609.442737776,0.003,0.001,0.004,0.004,0.0007,0.0021778021952172113,0.0014,0.01,0.005
Cerrado I,2026-12,COD,0.9,0.9,257.43,208.5183,113163.4460929778,93565.51614145566,0.003,0.001,0.004,0.004,0.0007,0.0021778021952172113,0.0014,0.01,-0.01
Cerrado II,2026-01,COD,0.95,0.9147105006329492,142.66,123.9679700192817,84442.38034634307,73129.92904983394,0.007,0.0021,0.007,0.007,0.0007,0.010089499367050824,0.0014,0.01,0.04
Cerrado II,2026-02,COD,0.95,0.9447105006329491,139.59,125.2785318441857,85533.46665900058,72374.51476446271,0.007,0.0021,0.007,0.007,0.0007,0.010089499367050824,0.0014,0.01,0.01
Cerrado II,2026-03,COD,0.95,1.0097105006329492,149.9,143.78782384263513,100943.067925212,78836.82565353313,0.007,0.0021,0.007,0.007,0.0007,0.010089499367050824,0.0014,0.01,-0.055
Cerrado II,2026-04,COD,0.95,0.9476857498713407,156.65,141.03222408147823,98648.93946409892,81201.5803632323,0.007,0.0021,0.007,0.007,0.0007,0.007114250128659275,0.0014,0.01,0.01
Cerrado II,2026-05,COD,0.95,0.9843105006329492,160.57,150.148200232301,106238.29283581296,86141.47112194431,0.003,0.0025,0.004,0.004,0.0007,0.010089499367050824,0.0014,0.01,-0.02
Cerrado II,2026-06,COD,0.95,0.9,157.68,134.8164,93474.0591583304,84811.2521725395,0.003,0.001,0.01,0.004,0.0007,0.010089499367050824,0.0014,0.01,-0.02
Cerrado II,2026-07,COD,0.95,0.858197869101979,184.69,150.57553622222227,106594.06426196691,101981.40841752669,0.003,0.001,0.004,0.004,0.0007,0.010089499367050824,0.0014,0.01,0.02
Cerrado II,2026-08,COD,0.95,0.85,183.04,147.8048,104287.33419353043,103142.55462804192,0.003,0.001,0.004,0.004,0.0007,0.010089499367050824,0.0014,0.01,0.01
Cerrado II,2026-09,COD,0.95,0.85,160.71,129.773325,89275.53147223042,82971.22877641954,0.003,0.001,0.004,0.004,0.0007,0.010089499367050824,0.0014,0.01,0.02
Cerrado II,2026-10,COD,0.95,0.88,173.58,145.11288000000002,102046.22125177045,92702.16263939714,0.003,0.001,0.004,0.004,0.0007,0.010089499367050824,0.0014,0.01,0.01
Cerrado II,2026-11,COD,0.95,0.89,161.63,136.658165,95007.38978375043,83881.39038266434,0.003,0.001,0.004,0.004,0.0007,0.010089499367050824,0.0014,0.01,0.005
Cerrado II,2026-12,COD,0.95,0.9,142.1,121.49549999999999,82383.96681313042,68743.37669899873,0.003,0.001,0.004,0.004,0.0007,0.010089499367050824,0.0014,0.01,-0.01
Bandeirante 1,2026-01,COD,0.85,0.938657770287389,1227.2,979.1326933421813,587274.0460126235,459590.44467124995,0.007,0.0021,0.007,0.007,0.0007,0.006142229712611021,0.0014,0.01,0.02
Bandeirante 1,2026-02,COD,0.85,0.938657770287389,1180.1,941.5535295087254,558074.7983719411,427661.7031319649,0.007,0.0021,0.007,0.007,0.0007,0.006142229712611021,0.0014,0.01,0.02
Bandeirante 1,2026-03,COD,0.85,0.8572279767222046,1187.1,864.9730314918897,498571.2677465564,461054.81582467037,0.007,0.0021,0.1,0.007,0.0007,0.006142229712611021,0.0014,0.01,0.008429793565184317
Bandeirante 1,2026-04,COD,0.85,0.862657770287389,914.56,670.6094468349293,347549.5349086161,307535.2266581331,0.007,0.0021,0.063,0.007,0.0007,0.006142229712611021,0.0014,0.02,0.03
Bandeirante 1,2026-05,COD,0.85,0.9347577702873889,681.49,541.4738619421798,247210.369853782,183596.15142004998,0.003,0.001,0.029,0.004,0.0007,0.006142229712611021,0.0014,0.02,0
Bandeirante 1,2026-06,COD,0.9,0.95,609.33,520.97715,231284.2952217908,146238.50046198603,0.003,0.001,0.029,0.004,0.0007,0.006142229712611021,0.0014,0.02,0.01
Bandeirante 1,2026-07,COD,0.85,0.8212416916941556,671.31,468.61159604352304,190595.92906779374,177757.8991610237,0.003,0.001,0.029,0.004,0.0007,0.006142229712611021,0.0014,0.01,0.02
Bandeirante 1,2026-08,COD,0.85,0.83,880.9,621.4749499999999,309371.7205447381,266478.7831705364,0.003,0.001,0.004,0.004,0.0007,0.006142229712611021,0.0014,0.01,0.01
Bandeirante 1,2026-09,COD,0.85,0.83,878.63,619.8734649999999,308127.356585096,281147.66703647096,0.003,0.001,0.004,0.004,0.0007,0.006142229712611021,0.0014,0.01,0.01
Bandeirante 1,2026-10,COD,0.85,0.85,1142.4,825.384,467810.34024136973,386209.1983502344,0.003,0.001,0.004,0.004,0.0007,0.006142229712611021,0.0014,0.01,-0.005
Bandeirante 1,2026-11,COD,0.85,0.87,1341.3,991.89135,597187.6028167382,506767.2070097446,0.003,0.001,0.004,0.004,0.0007,0.006142229712611021,0.0014,0.01,-0.01
Bandeirante 1,2026-12,COD,0.85,0.88,1401.3,1048.1724,640918.3341260012,548594.5239116041,0.003,0.001,0.004,0.004,0.0007,0.006142229712611021,0.0014,0.01,-0.01
Serra Azul 03,2026-01,COD,0.9,1.0118,586.5,534.07863,312357.5796541374,261672.75870346584,0.007,0.0021,0.007,0.007,0.0007,0.003,0.0014,0.01,-0.05
Serra Azul 03,2026-02,COD,0.9,0.9218,509.93,423.0481266,245053.88047293853,222413.409871814,0.007,0.0021,0.007,0.007,0.0007,0.003,0.0014,0.01,0.04
Serra Azul 03,2026-03,COD,0.9,0.7903,545.1,387.713277,223634.8468266288,239870.25112053074,0.007,0.0021,0.0285,0.007,0.0007,0.003,0.0014,0.01,0.15
Serra Azul 03,2026-04,COD,0.9,0.6623,527.26,314.28386820000003,179123.9179414007,206452.42938504307,0.258,0.0021,0.0355,0.007,0.0007,0.003,0.0014,0.01,0.02
Serra Azul 03,2026-05,COD,0.9,0.7255,471.15,307.6373925,175095.00347709007,198596.98934354578,0.258,0.001,0.0264,0.004,0.0007,0.003,0.0014,0.01,-0.03
Serra Azul 03,2026-06,COD,0.9,0.5,405.68,182.556,99274.03395795639,181569.62534575316,0.258,0.001,0.0264,0.004,0.0007,0.003,0.0014,0.01,-0.02
Serra Azul 03,2026-07,COD,0.9,0.646217955038454,466.93,271.56469477149477,153228.70617834583,190580.46425465142,0.258,0.001,0.0264,0.004,0.0007,0.003,0.0014,0.01,-0.01
Serra Azul 03,2026-08,COD,0.9,0.68,559.55,342.4446,196194.19470094587,226800.83478655058,0.003,0.001,0.004,0.004,0.0007,0.003,0.0014,0.01,0.01
Serra Azul 03,2026-09,COD,0.9,0.68,535.95,328.0014000000001,187439.1160671775,216361.81299888124,0.003,0.001,0.004,0.004,0.0007,0.003,0.0014,0.01,0.01
Serra Azul 03,2026-10,COD,0.9,0.7,562.94,354.6522,203594.11285825112,211315.19601870023,0.003,0.001,0.004,0.004,0.0007,0.003,0.0014,0.01,-0.01
Serra Azul 03,2026-11,COD,0.9,0.71,547.64,349.94196,200738.89229882375,193897.0552457279,0.003,0.001,0.004,0.004,0.0007,0.003,0.0014,0.02,-0.01
Serra Azul 03,2026-12,COD,0.9,0.75,523.8,353.565,202935.08151543007,230105.22177297782,0.003,0.001,0.004,0.004,0.0007,0.003,0.0014,0.01,-0.01
Serra Azul 04,2026-01,COD,0.9,0.9903318893206319,510.82000000000005,455.2932021324887,264599.976340803,226809.09917041185,0.007,0.0021,0.007,0.007,0.0007,0.024468110679368167,0.0014,0.01,-0.05
Serra Azul 04,2026-02,COD,0.9,0.9003318893206318,490.26,397.25704085249964,229420.01929469345,199071.1734785254,0.007,0.0021,0.007,0.007,0.0007,0.024468110679368167,0.0014,0.01,0.04
Serra Azul 04,2026-03,COD,0.9,0.9894388970189728,526.25,468.62299760061103,272680.13915066933,216242.13387761576,0.007,0.0021,0.007,0.007,0.0007,0.024468110679368167,0.0014,0.01,-0.04910700769834101
Serra Azul 04,2026-04,COD,0.9,0.9203318893206318,469.8,389.1347294425496,224496.49299289973,194857.3373154139,0.007,0.0021,0.007,0.007,0.0007,0.024468110679368167,0.0014,0.01,0.02
Serra Azul 04,2026-05,COD,0.9,0.9184318893206318,434.77,359.37596926793793,206457.5344953243,182218.75638935197,0.066,0.001,0.004,0.004,0.0007,0.024468110679368167,0.0014,0.01,-0.03
Serra Azul 04,2026-06,COD,0.9,0.9,433.16,350.85960000000006,201295.14093884063,183300.30870961133,0.066,0.001,0.01,0.004,0.0007,0.024468110679368167,0.0014,0.01,-0.02
Serra Azul 04,2026-07,COD,0.9,0.7288041370394311,436.41,286.2516721008404,162131.55606000606,176928.18935843246,0.066,0.001,0.004,0.004,0.0007,0.024468110679368167,0.0014,0.01,-0.01
Serra Azul 04,2026-08,COD,0.9,0.8,535.25,385.38000000000005,222220.4771849038,222249.38928354307,0.003,0.001,0.004,0.004,0.0007,0.024468110679368167,0.0014,0.01,0.01
Serra Azul 04,2026-09,COD,0.9,0.8,492.68,354.7296,203641.03065252482,197854.18330212674,0.003,0.001,0.004,0.004,0.0007,0.024468110679368167,0.0014,0.01,0.01
Serra Azul 04,2026-10,COD,0.9,0.8,489.35,352.332,202187.67014153535,198854.28599777046,0.003,0.001,0.004,0.004,0.0007,0.024468110679368167,0.0014,0.01,-0.01
Serra Azul 04,2026-11,COD,0.9,0.83,456.11,340.71417,195145.2546654806,177198.33229489802,0.003,0.001,0.004,0.004,0.0007,0.024468110679368167,0.0014,0.02,-0.01
Serra Azul 04,2026-12,COD,0.9,0.88,505.96,400.72032,231519.36578764903,201472.63911710426,0.003,0.001,0.004,0.004,0.0007,0.024468110679368167,0.0014,0.01,-0.01
Serra Azul 06,2026-01,COD,0.95,1.004268238035196,287.51,274.3003030616242,179986.57690199366,155935.54898766568,0.007,0.0021,0.007,0.007,0.0007,0.010531761964803986,0.0014,0.01,-0.05
Serra Azul 06,2026-02,COD,0.95,0.9142682380351961,273.79,237.80162584707352,155202.28460826376,135260.0255262225,0.007,0.0021,0.007,0.007,0.0007,0.010531761964803986,0.0014,0.01,0.04
Serra Azul 06,2026-03,COD,0.95,0.9554998707905332,299.26,271.64574676613626,178184.0102294868,150357.40890482732,0.007,0.0021,0.029,0.007,0.0007,0.010531761964803986,0.0014,0.01,-0.023231632755337253
Serra Azul 06,2026-04,COD,0.95,0.934268238035196,275.03,244.1042038314789,159482.0269685501,139171.0544031441,0.007,0.0021,0.007,0.007,0.0007,0.010531761964803986,0.0014,0.01,0.02
Serra Azul 06,2026-05,COD,0.95,0.9940682380351961,243.46,229.9150605704464,149846.94151293696,124034.43386591852,0.003,0.001,0.0053,0.004,0.0007,0.010531761964803986,0.0014,0.01,-0.03
Serra Azul 06,2026-06,COD,0.95,0.82,220.7,171.9253,110469.20824406162,112983.67179604652,0.003,0.001,0.01,0.004,0.0007,0.010531761964803986,0.0014,0.01,-0.02
Serra Azul 06,2026-07,COD,0.95,0.7759381060262799,227.43,167.648023280879,107564.73924633041,111464.15073871533,0.003,0.001,0.0053,0.004,0.0007,0.010531761964803986,0.0014,0.01,-0.01
Serra Azul 06,2026-08,COD,0.95,0.83,295.25,232.80462499999996,151809.0895930616,149769.14724388652,0.003,0.001,0.004,0.004,0.0007,0.010531761964803986,0.0014,0.01,0.01
Serra Azul 06,2026-09,COD,0.95,0.83,291.83,230.10795499999995,149977.92576466157,143025.32536381294,0.003,0.001,0.004,0.004,0.0007,0.010531761964803986,0.0014,0.01,0.01
Serra Azul 06,2026-10,COD,0.95,0.85,296.73,239.609475,156429.89791506162,147325.03268247214,0.003,0.001,0.004,0.004,0.0007,0.010531761964803986,0.0014,0.01,-0.01
Serra Azul 06,2026-11,COD,0.95,0.87,293.1,242.24715,158221.00140606164,138917.0523333009,0.003,0.001,0.004,0.004,0.0007,0.010531761964803986,0.0014,0.02,-0.01
Serra Azul 06,2026-12,COD,0.95,0.9,289.79,247.77045,161971.5779220616,140644.20770924975,0.003,0.001,0.004,0.004,0.0007,0.010531761964803986,0.0014,0.01,-0.01
Serra Azul 07,2026-01,COD,0.9,1.008581315887374,301.32,273.51514989286517,158953.65109223517,134203.10234818258,0.007,0.0021,0.007,0.007,0.0007,0.00621868411262602,0.0014,0.01,-0.05
Serra Azul 07,2026-02,COD,0.9,0.918581315887374,326.74,270.1235332377365,156897.74447103974,133790.88687333383,0.007,0.0021,0.007,0.007,0.0007,0.00621868411262602,0.0014,0.01,0.04
Serra Azul 07,2026-03,COD,0.9,0.9984487863213157,328.43,295.1284814023587,172055.07023088317,136101.0665939306,0.007,0.0021,0.007,0.007,0.0007,0.00621868411262602,0.0014,0.01,-0.03986747043394178
Serra Azul 07,2026-04,COD,0.9,0.9385813158873739,274.42,231.80893623523184,133672.4682456827,114817.49204221524,0.007,0.0021,0.007,0.007,0.0007,0.00621868411262602,0.0014,0.01,0.02
Serra Azul 07,2026-05,COD,0.9,0.999681315887374,263.84,237.3803265453523,137049.69491737045,112140.78194857437,0.003,0.001,0.004,0.004,0.0007,0.00621868411262602,0.0014,0.01,-0.03
Serra Azul 07,2026-06,COD,0.9,0.9,239.85,194.2785,110922.52914637742,102978.4034703043,0.003,0.001,0.01,0.004,0.0007,0.00621868411262602,0.0014,0.01,-0.02
Serra Azul 07,2026-07,COD,0.9,0.7548845528455286,244.68,166.23463715121954,93923.09519575085,100607.10427589966,0.003,0.001,0.004,0.004,0.0007,0.00621868411262602,0.0014,0.01,-0.01
Serra Azul 07,2026-08,COD,0.9,0.83,310.7,232.0929,133844.599427809,130392.34861937404,0.003,0.001,0.004,0.004,0.0007,0.00621868411262602,0.0014,0.01,0.01
Serra Azul 07,2026-09,COD,0.9,0.83,302.26,225.78821999999997,130022.8723063437,122352.34609429473,0.003,0.001,0.004,0.004,0.0007,0.00621868411262602,0.0014,0.01,0.01
Serra Azul 07,2026-10,COD,0.9,0.85,315.39,241.27335000000002,139409.54082884057,129175.86934802873,0.003,0.001,0.004,0.004,0.0007,0.00621868411262602,0.0014,0.01,-0.01
Serra Azul 07,2026-11,COD,0.9,0.87,312.7,244.8441,141574.03325652477,122562.89003713438,0.003,0.001,0.004,0.004,0.0007,0.00621868411262602,0.0014,0.02,-0.01
Serra Azul 07,2026-12,COD,0.9,0.9,343.77,278.45369999999997,161947.2670862511,137937.9433321227,0.003,0.001,0.004,0.004,0.0007,0.00621868411262602,0.0014,0.01,-0.01
Serra Azul 12,2026-01,COD,1,1.0046245296254706,333.371,334.91268406577274,198585.69380590445,146313.9899234616,0.007,0.0021,0.007,0.007,0.0007,0.010175470374529412,0.0014,0.01,-0.05
Serra Azul 12,2026-02,COD,1,0.9146245296254706,341.69,312.51805552772703,184773.28401790583,136832.57941275835,0.007,0.0021,0.007,0.007,0.0007,0.010175470374529412,0.0014,0.01,0.04
Serra Azul 12,2026-03,COD,1,1.016480040519247,352.8,358.6141582951903,213204.13117271478,143146.2885977666,0.007,0.0021,0.007,0.007,0.0007,0.010175470374529412,0.0014,0.01,-0.06185551089377623
Serra Azul 12,2026-04,COD,1,0.9252245296254706,316.29,292.6392664752401,172512.57694631215,128999.77404134192,0.007,0.0021,0.0164,0.007,0.0007,0.010175470374529412,0.0014,0.01,0.02
Serra Azul 12,2026-05,COD,1,0.9707245296254706,302.87,294.0033382876663,173353.90007080513,124686.40607179322,0.003,0.001,0.029,0.004,0.0007,0.010175470374529412,0.0014,0.01,-0.03
Serra Azul 12,2026-06,COD,1,0.9,284.14,255.726,149745.45838020524,117752.73736666696,0.003,0.001,0.029,0.004,0.0007,0.010175470374529412,0.0014,0.01,-0.02
Serra Azul 12,2026-07,COD,1,0.7848243823467306,283.7,222.65467727176747,129347.94828185899,112351.39161938954,0.003,0.001,0.029,0.004,0.0007,0.010175470374529412,0.0014,0.01,-0.01
Serra Azul 12,2026-08,COD,1,0.83,341.62,283.5446,166903.22914990742,139970.81272971552,0.003,0.001,0.004,0.004,0.0007,0.010175470374529412,0.0014,0.01,0.01
Serra Azul 12,2026-09,COD,1,0.83,335.03,278.07489999999996,163529.66402516927,132516.2484100355,0.003,0.001,0.004,0.004,0.0007,0.010175470374529412,0.0014,0.01,0.01
Serra Azul 12,2026-10,COD,1,0.85,334.07,283.9595,167159.12840768276,133704.17229149814,0.003,0.001,0.004,0.004,0.0007,0.010175470374529412,0.0014,0.01,-0.01
Serra Azul 12,2026-11,COD,1,0.87,331.18,288.1266,169729.2845828471,126499.27862593335,0.003,0.001,0.004,0.004,0.0007,0.010175470374529412,0.0014,0.02,-0.01
Serra Azul 12,2026-12,COD,1,0.9,343.18,308.862,182518.32644757367,134519.35513528335,0.003,0.001,0.004,0.004,0.0007,0.010175470374529412,0.0014,0.01,-0.01
Serra Azul 13,2026-01,COD,0.9,1.0042093046233138,448.78,405.60214655596565,234478.59749349664,184644.34014779297,0.007,0.0021,0.007,0.007,0.0007,0.010590695376686178,0.0014,0.01,-0.05
Serra Azul 13,2026-02,COD,0.9,0.9142093046233138,446.5,367.3750090628787,211306.33686594502,168101.36126299377,0.007,0.0021,0.007,0.007,0.0007,0.010590695376686178,0.0014,0.01,0.04
Serra Azul 13,2026-03,COD,0.9,1.035333170971763,476.68,444.170354344938,257857.60574346708,181659.81025877144,0.007,0.0021,0.007,0.007,0.0007,0.010590695376686178,0.0014,0.01,-0.08112386634844923
Serra Azul 13,2026-04,COD,0.9,0.9342093046233139,369.29,310.4947386939092,176827.04974187724,141641.4527785319,0.007,0.0021,0.007,0.007,0.0007,0.010590695376686178,0.0014,0.01,0.02
Serra Azul 13,2026-05,COD,0.75,0.9923093046233138,434.78,323.57717959809327,184757.27288063872,169190.8664779641,0.003,0.001,0.007,0.004,0.0007,0.010590695376686178,0.0014,0.01,-0.03
Serra Azul 13,2026-06,COD,0.75,0.9,410.95,277.39125,156760.60694753536,161530.5519389662,0.003,0.001,0.01,0.004,0.0007,0.010590695376686178,0.0014,0.01,-0.02
Serra Azul 13,2026-07,COD,0.9,0.7607156101715538,451.55,309.1510203956686,101012.52391915582,170169.49384041352,0.003,0.001,0.007,0.004,0.0007,0.010590695376686178,0.0014,0.01,-0.01
Serra Azul 13,2026-08,COD,0.9,0.83,500.54,373.90337999999997,140263.6594056111,192796.71194946198,0.003,0.001,0.004,0.004,0.0007,0.010590695376686178,0.0014,0.01,0.01
Serra Azul 13,2026-09,COD,0.9,0.83,466.78,348.68466,124976.75091975008,173961.31743147713,0.003,0.001,0.004,0.004,0.0007,0.010590695376686178,0.0014,0.01,0.01
Serra Azul 13,2026-10,COD,0.9,0.85,447.24,342.1386,121008.7057468406,168508.1446927436,0.003,0.001,0.004,0.004,0.0007,0.010590695376686178,0.0014,0.01,-0.01
Serra Azul 13,2026-11,COD,0.9,0.87,421.15,329.76045,113505.40477540903,151604.23644604854,0.003,0.001,0.004,0.004,0.0007,0.010590695376686178,0.0014,0.02,-0.01
Serra Azul 13,2026-12,COD,0.9,0.9,460.9,373.329,139915.48572764063,170034.19096014017,0.003,0.001,0.004,0.004,0.0007,0.010590695376686178,0.0014,0.01,-0.01
Serra Azul 26,2026-01,COD,1,0.9909730715268701,437.7,433.748913407311,256121.11321517127,226041.32796731518,0.007,0.0021,0.007,0.007,0.0007,0.023826928473129966,0.0014,0.01,-0.05
Serra Azul 26,2026-02,COD,1,0.90097307152687,434.39,391.37369254055704,230208.7798887376,204870.318743322,0.007,0.0021,0.007,0.007,0.0007,0.023826928473129966,0.0014,0.01,0.04
Serra Azul 26,2026-03,COD,1,0.9776488183295844,438.2,428.4057121920239,252853.76007603155,203319.0985101565,0.007,0.0021,0.007,0.007,0.0007,0.023826928473129966,0.0014,0.01,-0.0366757468027143
Serra Azul 26,2026-04,COD,1,0.92097307152687,392.15,361.15958999926204,211732.9376348196,180621.68562613794,0.007,0.0021,0.007,0.007,0.0007,0.023826928473129966,0.0014,0.01,0.02
Serra Azul 26,2026-05,COD,1,0.4837730715268701,328.57,158.9533181115837,88084.34747585212,169815.25150215818,0.5,0.001,0.0053,0.004,0.0007,0.023826928473129966,0.0014,0.01,-0.03
Serra Azul 26,2026-06,COD,1,0.46907307152687006,295.86,138.77995894193978,75748.39272622623,147187.5726617725,0.5,0.001,0.01,0.004,0.0007,0.023826928473129966,0.0014,0.01,-0.02
Serra Azul 26,2026-07,COD,1,0.7723451632528899,342.53,264.55138876901236,152657.28301541356,162074.98746838135,0.5,0.001,0.0053,0.004,0.0007,0.023826928473129966,0.0014,0.01,-0.01
Serra Azul 26,2026-08,COD,1,0.83,409.03,339.4949,198485.03810315783,196800.40526187693,0.003,0.001,0.004,0.004,0.0007,0.023826928473129966,0.0014,0.01,0.01
Serra Azul 26,2026-09,COD,1,0.83,399.77,331.80909999999994,193785.19212225924,174000.840343002,0.003,0.001,0.004,0.004,0.0007,0.023826928473129966,0.0014,0.01,0.01
Serra Azul 26,2026-10,COD,1,0.85,365.65,310.80249999999995,180939.7128510911,197692.4725080243,0.003,0.001,0.004,0.004,0.0007,0.023826928473129966,0.0014,0.01,-0.01
Serra Azul 26,2026-11,COD,1,0.87,418.83,364.3821,213703.49381314503,189449.8846378702,0.003,0.001,0.004,0.004,0.0007,0.023826928473129966,0.0014,0.02,-0.01
Serra Azul 26,2026-12,COD,1,0.9,458.46,412.614,243197.17064133502,211848.0963031468,0.003,0.001,0.004,0.004,0.0007,0.023826928473129966,0.0014,0.01,-0.01
Aroeira 1,2026-01,COD,0.95,0.9655022103396208,624.73,573.0192860721978,402240.90682059515,347322.9546239613,0.007,0.0021,0.007,0.007,0.0007,0.019297789660379185,0.0014,0.01,-0.02
Aroeira 1,2026-02,COD,0.95,0.9255022103396209,573.62,504.34224900026265,350723.5388106038,291393.22862874833,0.007,0.0021,0.007,0.007,0.0007,0.019297789660379185,0.0014,0.01,0.02
Aroeira 1,2026-03,COD,0.95,0.9175022103396209,621.42,541.6465123717848,378706.9455851179,295176.6907935964,0.007,0.0021,0.007,0.007,0.0007,0.019297789660379185,0.0014,0.01,0.028
Aroeira 1,2026-04,COD,0.95,0.9355022103396208,577.28,513.0443801856135,357251.35238353594,313730.7978896084,0.007,0.0021,0.007,0.007,0.0007,0.019297789660379185,0.0014,0.01,0.01
Aroeira 1,2026-05,COD,0.95,0.9866022103396208,495.45,464.37146185712686,320739.86684838624,266902.92596418917,0.003,0.001,0.004,0.004,0.0007,0.019297789660379185,0.0014,0.01,-0.03
Aroeira 1,2026-06,COD,0.9,0.9,405.03,328.0743,218497.962632918,233096.8933007893,0.003,0.001,0.01,0.004,0.0007,0.006,0.0014,0.01,-0.02
Aroeira 1,2026-07,COD,0.95,0.8501965780312568,472.04,381.26045305918075,258395.0044536876,262429.2745191321,0.003,0.001,0.004,0.004,0.0007,0.006,0.0014,0.01,-0.01
Aroeira 1,2026-08,COD,0.95,0.83,599.89,473.01326499999993,327222.4259651252,330837.0331978219,0.003,0.001,0.004,0.004,0.0007,0.019297789660379185,0.0014,0.01,0.01
Aroeira 1,2026-09,COD,0.95,0.83,588.31,463.88243499999993,320373.02841680124,308729.80245375837,0.003,0.001,0.004,0.004,0.0007,0.019297789660379185,0.0014,0.01,0.01
Aroeira 1,2026-10,COD,0.95,0.85,610.63,493.08372499999996,342278.0736464133,344889.5768622387,0.003,0.001,0.004,0.004,0.0007,0.019297789660379185,0.0014,0.01,-0.01
Aroeira 1,2026-11,COD,0.95,0.87,643.48,531.8362199999999,371347.85637639917,315589.47816481,0.003,0.001,0.004,0.004,0.0007,0.019297789660379185,0.0014,0.02,-0.01
Aroeira 1,2026-12,COD,0.95,0.9,643.07,549.82485,384841.8408465632,322944.45211321913,0.003,0.001,0.004,0.004,0.0007,0.019297789660379185,0.0014,0.01,-0.01
Aroeira 2,2026-01,COD,0.95,0.9658988012487117,107.839,98.95348278646684,80082.91034681315,67747.01507016241,0.007,0.0021,0.007,0.007,0.0007,0.018901198751288276,0.0014,0.01,-0.02
Aroeira 2,2026-02,COD,0.95,0.9258988012487117,102.17,89.86912649740184,72265.25034356673,61447.488661776806,0.007,0.0021,0.007,0.007,0.0007,0.018901198751288276,0.0014,0.01,0.02
Aroeira 2,2026-03,COD,0.95,0.9178988012487117,107.03,93.33057326276713,75244.0430141642,64697.87977960486,0.007,0.0021,0.007,0.007,0.0007,0.018901198751288276,0.0014,0.01,0.028
Aroeira 2,2026-04,COD,0.95,0.9358988012487117,98.12,87.23887085959741,70001.74992111759,59474.94286107827,0.007,0.0021,0.007,0.007,0.0007,0.018901198751288276,0.0014,0.01,0.01
Aroeira 2,2026-05,COD,0.95,0.9869988012487118,82.18,77.05598341228817,61238.734757323,49062.17873207839,0.003,0.001,0.004,0.004,0.0007,0.018901198751288276,0.0014,0.01,-0.03
Aroeira 2,2026-06,COD,0.95,0.9,72.02,61.577099999999994,47918.18194139921,42455.54155105083,0.003,0.001,0.01,0.004,0.0007,0.018901198751288276,0.0014,0.01,-0.02
Aroeira 2,2026-07,COD,0.95,0.8075736739794503,78.28,60.056023839155806,46609.200227544934,44788.67382703486,0.003,0.001,0.004,0.004,0.0007,0.018901198751288276,0.0014,0.01,-0.01
Aroeira 2,2026-08,COD,0.95,0.83,100.65,79.362525,63223.65887767971,61840.33616961974,0.003,0.001,0.004,0.004,0.0007,0.018901198751288276,0.0014,0.01,0.01
Aroeira 2,2026-09,COD,0.95,0.83,84.7,66.78595,52400.72500908215,48772.54396728754,0.003,0.001,0.004,0.004,0.0007,0.018901198751288276,0.0014,0.01,0.01
Aroeira 2,2026-10,COD,0.95,0.85,112.99,91.239425,73444.47839841142,66192.89539111669,0.003,0.001,0.004,0.004,0.0007,0.018901198751288276,0.0014,0.01,-0.01
Aroeira 2,2026-11,COD,0.95,0.87,111.61,92.245665,74310.41121206994,64575.40553962778,0.003,0.001,0.004,0.004,0.0007,0.018901198751288276,0.0014,0.02,-0.01
Aroeira 2,2026-12,COD,0.95,0.9,103.58,88.56089999999999,71139.43915359431,58152.24412935242,0.003,0.001,0.004,0.004,0.0007,0.018901198751288276,0.0014,0.01,-0.01
Jacarandá 01,2026-01,COD,0.75,1.0088264469566854,196.3,148.52447365319802,93919.60339693294,87213.67551501619,0.007,0.0021,0.007,0.007,0.0007,0.005973553043314558,0.0014,0.01,-0.05
Jacarandá 01,2026-02,COD,0.75,0.9188264469566855,177.92,122.60820108190009,75818.05000000952,79190.03994522904,0.007,0.0021,0.007,0.007,0.0007,0.005973553043314558,0.0014,0.01,0.04
Jacarandá 01,2026-03,COD,0.9,0.9588264469566854,184.43,159.15272545099933,101343.04235423563,83838.95205824164,0.007,0.0021,0.007,0.007,0.0007,0.005973553043314558,0.0014,0.01,0
Jacarandá 01,2026-04,COD,0.9,0.9388264469566855,187.87,158.73959213077725,101054.48408122492,78599.99365049638,0.007,0.0021,0.007,0.007,0.0007,0.005973553043314558,0.0014,0.01,0.02
Jacarandá 01,2026-05,COD,0.9,0.9999264469566854,165.14,148.61506810538432,93982.88025548594,71483.74650217028,0.003,0.001,0.004,0.004,0.0007,0.005973553043314558,0.0014,0.01,-0.03
Jacarandá 01,2026-06,COD,0.95,0.9,159.56,136.4238,85467.73248573198,67411.54556260754,0.003,0.001,0.01,0.004,0.0007,0.019,0.0014,0.01,-0.02
Jacarandá 01,2026-07,COD,0.95,0.7646026573075959,177.12,128.6551015292053,80041.5852723619,72121.9380238126,0.003,0.001,0.004,0.004,0.0007,0.019,0.0014,0.01,-0.01
Jacarandá 01,2026-08,COD,0.95,0.83,201.99,159.269115,101424.33612942198,85067.84631518606,0.003,0.001,0.004,0.004,0.0007,0.005973553043314558,0.0014,0.01,0.01
Jacarandá 01,2026-09,COD,0.95,0.83,190.73,150.39060499999997,95223.02680116196,77237.35431638293,0.003,0.001,0.004,0.004,0.0007,0.005973553043314558,0.0014,0.01,0.01
Jacarandá 01,2026-10,COD,0.95,0.85,193.8,156.4935,99485.67218793198,79450.21547607871,0.003,0.001,0.004,0.004,0.0007,0.005973553043314558,0.0014,0.01,-0.01
Jacarandá 01,2026-11,COD,0.95,0.87,184.04,152.10906,96423.30376449198,75331.14467985556,0.003,0.001,0.004,0.004,0.0007,0.005973553043314558,0.0014,0.02,-0.01
Jacarandá 01,2026-12,COD,0.95,0.9,201.7,172.4535,110633.13914793197,81119.3750452467,0.003,0.001,0.004,0.004,0.0007,0.005973553043314558,0.0014,0.01,-0.01
Jacarandá 02,2026-01,CONST,0.75,1.0108,438.9,332.73008999999996,0,0,0.007,0.0021,0.007,0.007,0.0007,0.004,0.0014,0.01,-0.05
Jacarandá 02,2026-02,CONST,0.75,0.9208000000000001,444.43,306.923358,0,0,0.007,0.0021,0.007,0.007,0.0007,0.004,0.0014,0.01,0.04
Jacarandá 02,2026-03,CONST,0.75,0.9608,469.92,338.62435200000004,0,0,0.007,0.0021,0.007,0.007,0.0007,0.004,0.0014,0.01,0
Jacarandá 02,2026-04,CONST,0,0.9448,455.84,0,0,190343.81619180436,0.007,0.0021,0.007,0.007,0.0007,0,0.0014,0.01,0.02
Jacarandá 02,2026-05,CONST,0,1.0059,374.85,0,0,172521.88610582522,0.003,0.001,0.004,0.004,0.0007,0,0.0014,0.01,-0.03
Jacarandá 02,2026-06,CONST,0,0,378.35,0,0,160343.6194163943,0.003,0.001,0.01,0.004,0.0007,0.003,0.0014,0.01,-0.02
Jacarandá 02,2026-07,CONST,0,0,380.28,0,0,172958.00646473872,0.003,0.001,0.004,0.004,0.0007,0.003,0.0014,0.01,-0.01
Jacarandá 02,2026-08,CONST,0,0,481.69,0,0,201507.50709250165,0.003,0.001,0.004,0.004,0.0007,0,0.0014,0.01,0.01
Jacarandá 02,2026-09,CONST,0,0,457.12,0,0,184122.8226921265,0.003,0.001,0.004,0.004,0.0007,0,0.0014,0.01,0.01
Jacarandá 02,2026-10,CONST,0,0,456.78,0,0,185186.2564146739,0.003,0.001,0.004,0.004,0.0007,0,0.0014,0.01,-0.01
Jacarandá 02,2026-11,COD,0,0,444.46,0,-19586.985750962776,171955.11531814164,0.003,0.001,0.004,0.004,0.0007,0,0.0014,0.02,-0.01
Jacarandá 02,2026-12,COD,0,0,471.24,0,-19586.985750962776,189272.3926497543,0.003,0.001,0.004,0.004,0.0007,0,0.0014,0.01,-0.01
Jacarandá 18,2026-01,CONST,0.75,1.0108,222.7,168.82887,0,0,0.007,0.0021,0.007,0.007,0.0007,0.004,0.0014,0.01,-0.05
Jacarandá 18,2026-02,CONST,0.75,0.9208000000000001,191.09,131.966754,0,0,0.007,0.0021,0.007,0.007,0.0007,0.004,0.0014,0.01,0.04
Jacarandá 18,2026-03,CONST,0,0.9608,233.5,0,0,0,0.007,0.0021,0.007,0.007,0.0007,0.004,0.0014,0.01,0
Jacarandá 18,2026-04,CONST,0,0.9448,217.36,0,0,89997.70898950257,0.007,0.0021,0.007,0.007,0.0007,0,0.0014,0.01,0.02
Jacarandá 18,2026-05,CONST,0,1.0059,200.44,0,0,83373.24836038132,0.003,0.001,0.004,0.004,0.0007,0,0.0014,0.01,-0.03
Jacarandá 18,2026-06,COD,0,0.9,188.69,0,-11772.77522464699,78986.04972469542,0.003,0.001,0.01,0.004,0.0007,0.003,0.0014,0.01,-0.02
Jacarandá 18,2026-07,COD,0,0.3,208.75,0,-11772.77522464699,84206.36522026765,0.003,0.001,0.004,0.004,0.0007,0.003,0.0014,0.01,-0.01
Jacarandá 18,2026-08,COD,0,0.5,224.32,0,-11772.77522464699,96465.56165419225,0.003,0.001,0.004,0.004,0.0007,0,0.0014,0.01,0.01
Jacarandá 18,2026-09,COD,0.95,0.7,195.01,129.68164999999996,78805.03860325301,84545.31361945419,0.003,0.001,0.004,0.004,0.0007,0,0.0014,0.01,0.01
Jacarandá 18,2026-10,COD,0.95,0.8,212,161.12,100763.55789535303,85593.96805146596,0.003,0.001,0.004,0.004,0.0007,0,0.0014,0.01,-0.01
Jacarandá 18,2026-11,COD,0.95,0.85,213.33,172.263975,108547.21034620304,82234.71783668615,0.003,0.001,0.004,0.004,0.0007,0,0.0014,0.02,-0.01
Jacarandá 18,2026-12,COD,0.95,0.85,227.81,183.956575,116714.05697380303,90624.96608680196,0.003,0.001,0.004,0.004,0.0007,0,0.0014,0.01,-0.01
Tapir 14,2026-01,CONST,0.75,0.9408,975.4,688.2422399999999,0,0,0.007,0.0021,0.007,0.007,0.0007,0.004,0.0014,0.01,0.02
Tapir 14,2026-02,CONST,0.75,0.9208000000000001,870.17,600.939402,0,0,0.007,0.0021,0.007,0.007,0.0007,0.004,0.0014,0.01,0.04
Tapir 14,2026-03,CONST,0,0.9608,977.5799999999999,0,0,0,0.007,0.0021,0.007,0.007,0.0007,0.004,0.0014,0.01,0
Tapir 14,2026-04,CONST,0,0.9408,833.4100000000001,0,0,0,0.007,0.0021,0.007,0.007,0.0007,0.004,0.0014,0.01,0.02
Tapir 14,2026-05,CONST,0,0.9359,645.86,0,0,0,0.003,0.001,0.004,0.004,0.0007,0,0.0014,0.01,0.04
Tapir 14,2026-06,CONST,0,0,677.11,0,0,0,0.003,0.001,0.01,0.004,0.0007,0.003,0.0014,0.01,0.04
Tapir 14,2026-07,COD,0,0.3,734.71,0,-108525.26812313806,0,0.003,0.001,0.004,0.004,0.0007,0.003,0.0014,0.01,0.01
Tapir 14,2026-08,COD,0,0.5,830.64,0,-108525.26812313806,0,0.003,0.001,0.004,0.004,0.0007,0,0.0014,0.01,0.02
Tapir 14,2026-09,COD,0,0.7,914.4399999999999,0,-108525.26812313806,0,0.003,0.001,0.004,0.004,0.0007,0,0.0014,0.01,0
Tapir 14,2026-10,COD,0,0.8,935.81,0,-108525.26812313806,0,0.003,0.001,0.004,0.004,0.0007,0,0.0014,0.01,0.01
Tapir 14,2026-11,COD,0,0.85,980.48,0,-108525.26812313806,0,0.003,0.001,0.004,0.004,0.0007,0,0.0014,0.01,0.02
Tapir 14,2026-12,COD,1,0.85,992.21,843.3785,382908.85306802235,282021.4416643058,0.003,0.001,0.004,0.004,0.0007,0,0.0014,0.01,0.03
